TicketID,CustomerID,IssueType,Priority,ResolutionDays,Resolved
T000001,C041540,Bug,Low,6,Yes
T000002,C022332,Login,Medium,6,Yes
T000003,C040310,Bug,Low,7,Yes
T000004,C041745,Bug,Low,14,No
T000005,C048359,Billing,Low,5,Yes
T000006,C040010,Feature,High,8,Yes
T000007,C027644,Login,Low,8,Yes
T000008,C021483,Feature,High,9,No
T000009,C018243,Billing,High,0,Yes
T000010,C018028,Feature,High,4,Yes
T000011,C042380,Login,Medium,1,No
T000012,C043859,Bug,Medium,14,No
T000013,C016387,Bug,Low,12,Yes
T000014,C040622,Bug,Low,1,No
T000015,C047155,Feature,Medium,6,Yes
T000016,C010462,Bug,Low,2,No
T000017,C034259,Billing,Low,1,Yes
T000018,C000033,Cancellation,Medium,12,No
T000019,C039991,Feature,Low,9,No
T000020,C038495,Bug,Medium,1,No
T000021,C018211,Cancellation,Medium,2,No
T000022,C023635,Bug,Medium,15,Yes
T000023,C031893,Feature,Medium,12,No
T000024,C027366,Feature,High,0,Yes
T000025,C046620,Feature,Medium,6,Yes
T000026,C001246,Login,Low,0,Yes
T000027,C045967,Login,Medium,3,Yes
T000028,C024940,Login,Low,14,No
T000029,C032415,Feature,High,12,No
T000030,C020696,Feature,Medium,13,Yes
T000031,C036220,Feature,Medium,14,No
T000032,C024726,Feature,Low,2,No
T000033,C016094,Cancellation,High,7,Yes
T000034,C003508,Billing,Low,12,Yes
T000035,C039492,Cancellation,High,12,No
T000036,C023629,Billing,Medium,2,Yes
T000037,C043880,Cancellation,High,13,No
T000038,C048880,Bug,Low,10,Yes
T000039,C032466,Cancellation,High,14,No
T000040,C045959,Billing,Medium,10,Yes
T000041,C028807,Login,Medium,0,Yes
T000042,C028900,Login,Medium,1,Yes
T000043,C006969,Feature,Medium,0,No
T000044,C030779,Cancellation,High,5,Yes
T000045,C028391,Cancellation,Low,14,No
T000046,C005509,Cancellation,High,9,Yes
T000047,C034758,Login,High,4,No
T000048,C027342,Login,Low,15,Yes
T000049,C043542,Feature,Low,11,No
T000050,C008298,Bug,Medium,5,No
T000051,C025316,Login,Low,12,Yes
T000052,C015069,Bug,Medium,12,No
T000053,C028120,Feature,Medium,8,No
T000054,C016482,Login,Medium,2,No
T000055,C036025,Cancellation,High,14,No
T000056,C011378,Bug,High,4,Yes
T000057,C031306,Feature,High,15,No
T000058,C049944,Bug,Medium,15,Yes
T000059,C020469,Billing,High,15,Yes
T000060,C037873,Billing,High,15,Yes
T000061,C006271,Feature,Low,7,No
T000062,C000218,Bug,High,6,No
T000063,C004841,Cancellation,Medium,1,No
T000064,C030271,Bug,Low,14,Yes
T000065,C025961,Feature,Low,12,No
T000066,C009945,Bug,High,15,Yes
T000067,C034413,Login,High,5,Yes
T000068,C040432,Feature,Medium,15,No
T000069,C001330,Feature,High,10,No
T000070,C000890,Feature,Medium,5,No
T000071,C047043,Billing,Low,14,No
T000072,C005255,Billing,High,8,Yes
T000073,C027756,Bug,High,10,No
T000074,C017845,Cancellation,Medium,3,Yes
T000075,C010259,Cancellation,High,14,Yes
T000076,C011553,Login,Medium,4,Yes
T000077,C001588,Billing,Medium,7,No
T000078,C007969,Login,High,2,Yes
T000079,C033954,Cancellation,High,0,Yes
T000080,C022768,Login,Low,6,No
T000081,C044950,Bug,Medium,13,No
T000082,C023406,Feature,Low,3,No
T000083,C006662,Cancellation,Medium,14,No
T000084,C028071,Billing,Medium,10,No
T000085,C034803,Billing,Medium,3,Yes
T000086,C030464,Billing,Low,13,No
T000087,C011546,Bug,High,14,No
T000088,C015155,Cancellation,High,6,Yes
T000089,C030247,Feature,Medium,9,No
T000090,C009436,Login,Medium,9,No
T000091,C029980,Cancellation,Low,2,Yes
T000092,C046152,Bug,Low,8,Yes
T000093,C047067,Login,Low,0,Yes
T000094,C015019,Feature,High,10,No
T000095,C013793,Bug,Low,0,No
T000096,C003760,Feature,Low,0,Yes
T000097,C007431,Feature,Low,1,Yes
T000098,C008980,Login,Medium,9,Yes
T000099,C013727,Cancellation,High,10,No
T000100,C020287,Cancellation,High,7,Yes
T000101,C006330,Feature,High,3,No
T000102,C027383,Feature,Medium,3,Yes
T000103,C034896,Billing,High,11,Yes
T000104,C000643,Billing,Medium,15,No
T000105,C043886,Login,Low,3,Yes
T000106,C012748,Login,Low,13,Yes
T000107,C041883,Cancellation,High,11,Yes
T000108,C007350,Billing,High,3,No
T000109,C028716,Login,Medium,3,No
T000110,C044113,Billing,Medium,12,Yes
T000111,C015439,Bug,Medium,6,No
T000112,C005033,Feature,Low,1,No
T000113,C007680,Cancellation,Medium,4,Yes
T000114,C027446,Feature,Low,5,No
T000115,C000352,Billing,High,8,No
T000116,C013997,Login,High,8,Yes
T000117,C023445,Billing,Low,6,Yes
T000118,C007583,Cancellation,High,6,No
T000119,C013534,Bug,Medium,3,No
T000120,C012066,Billing,High,9,No
T000121,C017529,Cancellation,Medium,3,Yes
T000122,C048596,Login,Low,10,Yes
T000123,C021380,Cancellation,Low,7,Yes
T000124,C020710,Cancellation,Low,13,No
T000125,C026685,Cancellation,High,0,No
T000126,C041779,Login,Medium,4,No
T000127,C029031,Bug,High,7,Yes
T000128,C017738,Login,High,3,Yes
T000129,C015398,Feature,Medium,1,No
T000130,C046583,Billing,High,12,Yes
T000131,C040950,Billing,High,10,No
T000132,C037126,Feature,Medium,13,No
T000133,C048706,Billing,Medium,5,Yes
T000134,C029987,Login,Low,2,Yes
T000135,C042727,Billing,Medium,2,No
T000136,C026380,Billing,Medium,14,No
T000137,C003517,Cancellation,Medium,11,Yes
T000138,C006740,Cancellation,High,10,Yes
T000139,C028557,Billing,Low,5,No
T000140,C044419,Billing,Low,3,Yes
T000141,C004303,Bug,High,5,Yes
T000142,C037272,Feature,High,10,Yes
T000143,C018495,Login,Medium,13,No
T000144,C012998,Billing,Medium,3,No
T000145,C016944,Feature,High,10,No
T000146,C020893,Cancellation,Medium,1,Yes
T000147,C037254,Bug,Medium,5,Yes
T000148,C012870,Billing,Medium,4,No
T000149,C039387,Billing,Low,11,No
T000150,C042308,Feature,High,9,Yes
T000151,C012727,Feature,Low,14,Yes
T000152,C042992,Feature,Low,7,No
T000153,C008100,Feature,Low,10,Yes
T000154,C040416,Billing,High,1,Yes
T000155,C000943,Billing,High,6,Yes
T000156,C048667,Bug,High,15,No
T000157,C000300,Billing,Low,7,No
T000158,C044297,Bug,High,2,Yes
T000159,C040753,Feature,Low,15,Yes
T000160,C024089,Login,Medium,0,No
T000161,C033434,Login,Low,8,Yes
T000162,C028706,Feature,Low,15,Yes
T000163,C021272,Login,High,15,No
T000164,C041483,Cancellation,Medium,11,Yes
T000165,C045535,Billing,High,11,No
T000166,C006537,Login,High,11,Yes
T000167,C035806,Login,Low,7,No
T000168,C047823,Login,Medium,0,No
T000169,C005614,Login,Medium,14,Yes
T000170,C033995,Cancellation,Low,11,Yes
T000171,C033540,Feature,High,0,No
T000172,C002954,Feature,Medium,10,Yes
T000173,C032165,Cancellation,Medium,1,No
T000174,C007297,Bug,Medium,7,Yes
T000175,C013793,Billing,Low,8,Yes
T000176,C028845,Billing,Medium,2,Yes
T000177,C027006,Cancellation,Low,6,No
T000178,C027512,Login,Low,7,No
T000179,C032893,Login,Low,2,Yes
T000180,C020489,Feature,Medium,11,Yes
T000181,C000965,Cancellation,Medium,2,No
T000182,C022948,Login,Medium,8,Yes
T000183,C049978,Cancellation,Low,1,Yes
T000184,C009766,Feature,Medium,1,Yes
T000185,C015841,Bug,Low,15,Yes
T000186,C022252,Bug,Low,15,Yes
T000187,C021864,Bug,High,0,No
T000188,C029092,Feature,High,15,Yes
T000189,C014903,Cancellation,Medium,13,No
T000190,C012255,Bug,Low,2,No
T000191,C047466,Cancellation,Low,6,No
T000192,C029173,Login,Medium,8,No
T000193,C031468,Login,High,0,Yes
T000194,C037363,Login,Low,15,Yes
T000195,C042720,Billing,Medium,9,No
T000196,C015068,Feature,Low,10,No
T000197,C045412,Login,High,1,No
T000198,C048439,Billing,Low,9,No
T000199,C022970,Feature,High,5,No
T000200,C021328,Login,Medium,0,No
T000201,C045313,Cancellation,High,3,No
T000202,C000650,Cancellation,High,10,No
T000203,C004066,Bug,Low,11,No
T000204,C047012,Bug,Low,12,No
T000205,C046283,Feature,Low,9,Yes
T000206,C008260,Cancellation,Medium,11,Yes
T000207,C009047,Feature,High,3,No
T000208,C016851,Login,High,13,No
T000209,C047251,Bug,Medium,2,No
T000210,C028390,Bug,Low,1,No
T000211,C040082,Billing,High,1,No
T000212,C045835,Billing,High,5,No
T000213,C013335,Cancellation,Medium,12,No
T000214,C006963,Login,Medium,5,Yes
T000215,C028222,Feature,Low,9,No
T000216,C009144,Feature,Medium,8,Yes
T000217,C019192,Login,High,5,No
T000218,C005697,Login,High,2,No
T000219,C015948,Cancellation,Low,1,Yes
T000220,C038736,Feature,High,6,No
T000221,C040039,Login,Low,9,Yes
T000222,C037951,Feature,High,15,Yes
T000223,C026820,Bug,Medium,10,Yes
T000224,C017283,Login,High,1,Yes
T000225,C031230,Billing,High,8,Yes
T000226,C020388,Login,Low,2,Yes
T000227,C038416,Billing,Medium,3,No
T000228,C015486,Login,High,4,Yes
T000229,C023757,Feature,High,13,No
T000230,C002506,Login,Low,4,Yes
T000231,C029071,Bug,Medium,14,Yes
T000232,C030400,Bug,High,13,No
T000233,C008377,Cancellation,Medium,11,No
T000234,C049849,Login,Low,12,No
T000235,C025209,Login,High,4,No
T000236,C027176,Billing,High,11,Yes
T000237,C019684,Cancellation,High,5,No
T000238,C045321,Feature,High,2,No
T000239,C030588,Billing,Medium,10,No
T000240,C009669,Billing,High,4,No
T000241,C006467,Cancellation,High,11,Yes
T000242,C023687,Feature,High,11,No
T000243,C012811,Feature,High,2,No
T000244,C039893,Feature,Medium,5,No
T000245,C003672,Cancellation,Medium,2,Yes
T000246,C009603,Feature,Medium,10,Yes
T000247,C048531,Feature,High,3,Yes
T000248,C033422,Cancellation,Medium,0,Yes
T000249,C004533,Billing,Low,0,Yes
T000250,C021990,Bug,High,4,No
T000251,C008627,Feature,Low,10,Yes
T000252,C012290,Login,Low,6,No
T000253,C023998,Cancellation,High,10,Yes
T000254,C024739,Bug,Medium,5,No
T000255,C005493,Cancellation,High,10,Yes
T000256,C017588,Login,High,13,No
T000257,C023520,Feature,Medium,10,Yes
T000258,C003622,Feature,High,1,Yes
T000259,C017500,Bug,Low,15,No
T000260,C032987,Bug,Low,13,No
T000261,C022210,Feature,Medium,11,No
T000262,C032504,Feature,High,14,No
T000263,C022953,Bug,High,13,No
T000264,C042972,Cancellation,Low,15,No
T000265,C034927,Cancellation,Low,1,Yes
T000266,C043604,Billing,High,10,No
T000267,C000628,Bug,Low,1,No
T000268,C019909,Billing,High,12,Yes
T000269,C016600,Feature,Medium,1,No
T000270,C007861,Bug,Medium,12,Yes
T000271,C002441,Feature,Medium,1,No
T000272,C042047,Billing,Medium,0,Yes
T000273,C032344,Login,Medium,13,No
T000274,C034100,Billing,Low,1,No
T000275,C001757,Feature,Low,5,Yes
T000276,C005526,Billing,Low,6,No
T000277,C038523,Cancellation,Low,5,Yes
T000278,C041354,Bug,Medium,1,No
T000279,C037986,Bug,High,4,Yes
T000280,C016480,Billing,Medium,8,Yes
T000281,C008062,Cancellation,High,10,No
T000282,C020474,Login,High,15,Yes
T000283,C046520,Cancellation,High,2,No
T000284,C013443,Bug,Low,12,Yes
T000285,C001370,Bug,Medium,1,No
T000286,C016300,Feature,High,13,Yes
T000287,C031731,Bug,Medium,7,No
T000288,C014251,Cancellation,High,11,No
T000289,C003312,Bug,Medium,13,Yes
T000290,C036857,Bug,Low,12,No
T000291,C035229,Bug,High,12,No
T000292,C025105,Cancellation,High,7,Yes
T000293,C008569,Feature,Low,2,Yes
T000294,C035620,Login,Low,10,Yes
T000295,C006901,Feature,Low,13,No
T000296,C012625,Feature,Medium,5,Yes
T000297,C047649,Cancellation,High,14,Yes
T000298,C049046,Feature,Low,8,No
T000299,C033860,Cancellation,High,13,Yes
T000300,C045922,Bug,Medium,5,Yes
T000301,C035219,Feature,High,10,Yes
T000302,C009653,Login,Medium,4,No
T000303,C006571,Login,Medium,5,No
T000304,C002253,Cancellation,High,10,No
T000305,C019307,Bug,Medium,14,Yes
T000306,C047465,Bug,Medium,14,Yes
T000307,C006524,Cancellation,Medium,2,Yes
T000308,C016770,Feature,Medium,2,Yes
T000309,C024489,Billing,Low,4,No
T000310,C033422,Billing,High,6,Yes
T000311,C044168,Login,Low,4,Yes
T000312,C040824,Bug,Medium,14,No
T000313,C042485,Cancellation,Medium,6,No
T000314,C028790,Feature,Low,7,Yes
T000315,C038926,Bug,Low,13,Yes
T000316,C044871,Billing,Medium,9,No
T000317,C036358,Feature,High,3,No
T000318,C018718,Bug,High,3,No
T000319,C006661,Feature,Medium,14,Yes
T000320,C045250,Bug,Medium,12,No
T000321,C009838,Billing,Medium,11,Yes
T000322,C016580,Feature,High,13,No
T000323,C022851,Login,High,4,No
T000324,C008269,Billing,Low,11,No
T000325,C033356,Cancellation,High,6,Yes
T000326,C049880,Login,Medium,6,Yes
T000327,C013075,Cancellation,Low,14,No
T000328,C001775,Feature,High,7,No
T000329,C038238,Feature,Low,7,Yes
T000330,C013682,Feature,Low,14,No
T000331,C040048,Cancellation,High,11,Yes
T000332,C049003,Login,Low,5,Yes
T000333,C047196,Cancellation,Medium,2,No
T000334,C047289,Billing,Low,14,Yes
T000335,C000253,Billing,Medium,3,Yes
T000336,C017705,Bug,Low,10,No
T000337,C028471,Feature,Low,9,No
T000338,C011200,Billing,Medium,14,No
T000339,C048147,Cancellation,Low,11,No
T000340,C014326,Login,Medium,4,No
T000341,C014649,Feature,High,10,No
T000342,C018539,Feature,Medium,3,Yes
T000343,C049120,Feature,Low,4,No
T000344,C004405,Bug,High,8,Yes
T000345,C047354,Billing,Medium,0,Yes
T000346,C023489,Billing,Medium,14,No
T000347,C020801,Cancellation,Low,0,No
T000348,C029898,Cancellation,High,2,Yes
T000349,C010723,Login,Medium,1,No
T000350,C006763,Login,High,15,No
T000351,C041928,Billing,High,15,No
T000352,C025507,Feature,Medium,10,No
T000353,C010816,Feature,Medium,12,No
T000354,C041839,Billing,Low,5,Yes
T000355,C001110,Login,Low,7,Yes
T000356,C022023,Feature,High,13,Yes
T000357,C049568,Billing,Low,6,No
T000358,C035978,Login,Low,11,No
T000359,C027041,Login,High,7,Yes
T000360,C032577,Login,Medium,13,No
T000361,C020951,Bug,Low,15,Yes
T000362,C046534,Feature,Low,2,Yes
T000363,C029324,Login,High,2,No
T000364,C049693,Login,High,1,Yes
T000365,C032791,Cancellation,Low,2,No
T000366,C004100,Cancellation,Low,4,Yes
T000367,C044913,Bug,High,14,Yes
T000368,C011447,Billing,Low,0,No
T000369,C039100,Cancellation,Low,7,Yes
T000370,C012945,Cancellation,Medium,3,Yes
T000371,C021978,Bug,Medium,7,No
T000372,C003450,Cancellation,Low,7,Yes
T000373,C007844,Login,High,2,Yes
T000374,C031565,Cancellation,High,2,Yes
T000375,C031489,Billing,High,12,No
T000376,C012924,Bug,High,15,No
T000377,C037957,Cancellation,Medium,15,No
T000378,C039742,Billing,Medium,11,Yes
T000379,C007416,Login,Medium,2,Yes
T000380,C035771,Billing,Low,2,No
T000381,C040238,Login,Low,3,No
T000382,C006474,Bug,Low,6,Yes
T000383,C001337,Billing,Low,2,No
T000384,C038445,Cancellation,Low,2,No
T000385,C007304,Feature,High,14,No
T000386,C021162,Bug,High,12,Yes
T000387,C043827,Billing,Medium,6,Yes
T000388,C037515,Billing,Low,8,Yes
T000389,C003597,Login,Low,0,No
T000390,C029054,Billing,High,7,Yes
T000391,C040631,Login,Medium,0,Yes
T000392,C035802,Billing,Medium,10,No
T000393,C034329,Bug,Low,9,No
T000394,C028648,Login,Low,15,Yes
T000395,C001663,Bug,Medium,2,Yes
T000396,C031482,Feature,Low,7,No
T000397,C000122,Cancellation,High,11,No
T000398,C047607,Feature,High,11,Yes
T000399,C022651,Cancellation,High,10,No
T000400,C041328,Feature,Low,4,Yes
T000401,C049625,Cancellation,High,0,Yes
T000402,C018406,Cancellation,Low,6,No
T000403,C017556,Login,Low,0,No
T000404,C029022,Login,Medium,3,Yes
T000405,C032057,Feature,Low,9,No
T000406,C007043,Login,Low,14,Yes
T000407,C029562,Billing,Medium,7,Yes
T000408,C042604,Bug,Low,11,Yes
T000409,C020956,Billing,Medium,3,Yes
T000410,C017784,Bug,Medium,5,Yes
T000411,C047262,Cancellation,High,14,No
T000412,C039579,Feature,High,8,No
T000413,C015826,Cancellation,Low,4,No
T000414,C036456,Billing,Low,4,No
T000415,C040430,Cancellation,Medium,1,No
T000416,C018544,Cancellation,Medium,14,Yes
T000417,C016483,Login,Medium,8,No
T000418,C036748,Cancellation,High,12,Yes
T000419,C004557,Bug,High,13,No
T000420,C014837,Cancellation,Low,1,No
T000421,C012524,Cancellation,Medium,5,Yes
T000422,C010162,Login,Medium,7,Yes
T000423,C038681,Cancellation,Low,5,Yes
T000424,C040697,Login,Low,7,Yes
T000425,C018620,Bug,High,6,Yes
T000426,C013560,Cancellation,Medium,3,Yes
T000427,C000109,Feature,High,7,Yes
T000428,C020097,Feature,Medium,5,No
T000429,C011536,Billing,High,4,No
T000430,C009202,Feature,High,5,No
T000431,C009027,Feature,Medium,6,Yes
T000432,C025023,Login,High,4,No
T000433,C032781,Feature,High,2,No
T000434,C024804,Login,Low,13,No
T000435,C002124,Login,Low,13,Yes
T000436,C019347,Cancellation,Medium,7,Yes
T000437,C046109,Login,Medium,0,Yes
T000438,C025486,Cancellation,Medium,0,No
T000439,C033690,Login,Low,15,No
T000440,C021993,Feature,Medium,13,Yes
T000441,C016098,Login,Low,1,No
T000442,C000621,Login,Low,12,No
T000443,C034589,Feature,Medium,6,No
T000444,C002932,Cancellation,Medium,5,No
T000445,C017255,Cancellation,Low,0,Yes
T000446,C044211,Feature,High,2,No
T000447,C012350,Cancellation,Medium,12,Yes
T000448,C049828,Billing,High,8,No
T000449,C027921,Login,High,13,Yes
T000450,C010152,Billing,Medium,3,No
T000451,C008592,Bug,High,0,Yes
T000452,C045418,Feature,Medium,15,No
T000453,C013920,Feature,High,15,Yes
T000454,C000894,Login,Low,13,No
T000455,C029373,Bug,Medium,12,No
T000456,C015616,Billing,High,2,No
T000457,C046008,Billing,High,3,No
T000458,C026697,Billing,High,12,Yes
T000459,C004738,Login,Low,14,Yes
T000460,C036803,Bug,Low,10,Yes
T000461,C023001,Cancellation,Low,8,Yes
T000462,C029839,Login,Low,1,No
T000463,C012552,Login,Medium,15,No
T000464,C012254,Bug,Low,8,No
T000465,C007325,Bug,High,10,No
T000466,C023080,Login,Medium,6,No
T000467,C037482,Login,High,4,No
T000468,C021081,Billing,Low,15,Yes
T000469,C037520,Bug,Low,0,Yes
T000470,C040658,Billing,High,9,No
T000471,C019570,Bug,High,12,No
T000472,C026299,Bug,High,12,Yes
T000473,C000260,Cancellation,Medium,0,Yes
T000474,C013693,Bug,Low,13,No
T000475,C020900,Cancellation,Low,13,Yes
T000476,C007712,Cancellation,High,13,Yes
T000477,C026810,Login,High,7,Yes
T000478,C002546,Bug,Medium,6,Yes
T000479,C039898,Login,Low,11,No
T000480,C016300,Login,Low,3,No
T000481,C000701,Cancellation,Medium,8,Yes
T000482,C012836,Feature,High,10,No
T000483,C033953,Cancellation,Medium,0,Yes
T000484,C019089,Login,High,1,Yes
T000485,C032928,Login,High,13,No
T000486,C047425,Billing,Medium,2,Yes
T000487,C002367,Bug,High,8,No
T000488,C033061,Cancellation,High,0,No
T000489,C008681,Bug,Low,13,Yes
T000490,C010704,Bug,Low,9,Yes
T000491,C033034,Bug,Low,15,No
T000492,C022236,Bug,High,4,No
T000493,C002406,Feature,Low,2,No
T000494,C012269,Cancellation,Low,4,No
T000495,C009416,Feature,Low,6,Yes
T000496,C000508,Feature,Low,0,No
T000497,C043437,Billing,Medium,6,Yes
T000498,C002538,Billing,Medium,13,Yes
T000499,C011858,Feature,Low,3,No
T000500,C011480,Cancellation,Low,11,Yes
T000501,C031592,Cancellation,Low,15,No
T000502,C025384,Bug,High,5,No
T000503,C001769,Billing,Low,5,No
T000504,C003979,Bug,High,6,Yes
T000505,C032395,Billing,High,9,Yes
T000506,C034703,Cancellation,Medium,9,Yes
T000507,C011816,Feature,Medium,5,Yes
T000508,C032247,Bug,High,14,Yes
T000509,C025399,Billing,Low,14,Yes
T000510,C022719,Login,Medium,4,Yes
T000511,C015615,Login,Low,15,No
T000512,C004680,Bug,Low,12,No
T000513,C004204,Billing,Low,10,Yes
T000514,C020184,Billing,High,11,No
T000515,C021683,Billing,High,7,Yes
T000516,C028969,Cancellation,Low,2,No
T000517,C020252,Bug,Medium,6,No
T000518,C003185,Feature,High,12,No
T000519,C010664,Billing,High,10,Yes
T000520,C006242,Billing,High,10,Yes
T000521,C049755,Billing,High,3,Yes
T000522,C021721,Login,Low,12,Yes
T000523,C033084,Feature,High,6,Yes
T000524,C001225,Cancellation,High,11,Yes
T000525,C004645,Login,Medium,5,Yes
T000526,C043720,Login,Low,6,Yes
T000527,C004256,Feature,High,6,No
T000528,C048100,Login,Medium,13,Yes
T000529,C032367,Bug,Medium,0,Yes
T000530,C012332,Feature,Medium,0,No
T000531,C037186,Cancellation,High,6,No
T000532,C031825,Bug,Medium,8,Yes
T000533,C048577,Login,High,1,Yes
T000534,C047022,Cancellation,Medium,15,No
T000535,C013329,Feature,Medium,7,No
T000536,C026410,Login,High,1,No
T000537,C002484,Bug,Medium,0,Yes
T000538,C000524,Bug,Low,14,Yes
T000539,C021357,Login,Low,5,Yes
T000540,C018864,Bug,Low,6,No
T000541,C013479,Login,Medium,8,Yes
T000542,C015176,Feature,Medium,11,No
T000543,C016183,Feature,High,8,Yes
T000544,C038191,Cancellation,Medium,3,No
T000545,C036783,Billing,Low,15,No
T000546,C029100,Billing,High,2,Yes
T000547,C013478,Billing,High,1,Yes
T000548,C029727,Cancellation,Low,12,No
T000549,C024394,Cancellation,Medium,2,Yes
T000550,C031418,Feature,Low,1,Yes
T000551,C040795,Cancellation,Medium,15,Yes
T000552,C028852,Billing,High,5,Yes
T000553,C045096,Cancellation,Low,0,Yes
T000554,C031539,Billing,Low,9,Yes
T000555,C013384,Bug,Low,7,Yes
T000556,C024120,Cancellation,Low,10,Yes
T000557,C011070,Feature,Medium,10,Yes
T000558,C016445,Billing,Low,8,Yes
T000559,C012097,Bug,High,15,No
T000560,C025448,Feature,Medium,9,No
T000561,C030049,Login,Medium,10,Yes
T000562,C007153,Bug,Low,0,Yes
T000563,C033660,Feature,Low,12,No
T000564,C034040,Billing,Low,8,No
T000565,C013706,Bug,High,9,Yes
T000566,C046608,Bug,Low,4,Yes
T000567,C014290,Cancellation,Low,8,No
T000568,C026191,Feature,High,13,Yes
T000569,C024820,Billing,Low,8,No
T000570,C020220,Bug,High,3,Yes
T000571,C008962,Cancellation,High,8,Yes
T000572,C020822,Login,High,7,Yes
T000573,C003058,Feature,Medium,10,Yes
T000574,C005982,Feature,Medium,14,No
T000575,C043313,Billing,High,7,No
T000576,C047470,Billing,High,8,No
T000577,C038216,Feature,Low,10,Yes
T000578,C015813,Feature,Medium,4,Yes
T000579,C015280,Billing,High,15,Yes
T000580,C037539,Bug,Low,7,No
T000581,C039563,Bug,High,9,No
T000582,C013613,Billing,Medium,15,Yes
T000583,C049313,Login,Low,8,Yes
T000584,C023368,Login,Low,14,Yes
T000585,C033639,Cancellation,High,8,No
T000586,C042538,Billing,Medium,7,No
T000587,C002979,Cancellation,High,13,Yes
T000588,C045286,Bug,Medium,13,No
T000589,C032137,Billing,Medium,9,Yes
T000590,C031467,Bug,High,3,No
T000591,C047508,Cancellation,Low,1,No
T000592,C013584,Login,High,12,No
T000593,C005734,Feature,Low,6,No
T000594,C010312,Billing,Low,5,No
T000595,C044635,Billing,Low,3,No
T000596,C010087,Billing,Low,11,Yes
T000597,C012941,Login,Medium,14,No
T000598,C037853,Login,Low,2,Yes
T000599,C029198,Bug,Low,10,No
T000600,C004649,Cancellation,High,13,No
T000601,C030100,Billing,Medium,8,Yes
T000602,C038699,Bug,Medium,9,Yes
T000603,C010715,Cancellation,High,4,No
T000604,C010259,Billing,High,14,Yes
T000605,C018932,Billing,Medium,8,No
T000606,C003720,Billing,Medium,5,Yes
T000607,C040711,Cancellation,Medium,10,Yes
T000608,C004616,Cancellation,High,14,Yes
T000609,C039174,Cancellation,Low,13,Yes
T000610,C013005,Feature,High,14,Yes
T000611,C004287,Login,High,13,Yes
T000612,C003820,Cancellation,High,13,Yes
T000613,C024710,Login,Medium,15,Yes
T000614,C018896,Bug,High,6,Yes
T000615,C025522,Login,Low,4,Yes
T000616,C017972,Cancellation,Low,10,Yes
T000617,C040648,Login,High,1,No
T000618,C022415,Bug,High,12,No
T000619,C033824,Login,High,4,Yes
T000620,C048037,Billing,Medium,13,Yes
T000621,C040355,Login,High,2,Yes
T000622,C025060,Billing,High,5,Yes
T000623,C008413,Bug,High,15,Yes
T000624,C009893,Bug,Medium,6,Yes
T000625,C000411,Bug,Low,12,Yes
T000626,C046654,Feature,High,4,No
T000627,C046403,Cancellation,Low,9,No
T000628,C041428,Feature,Medium,9,No
T000629,C000990,Bug,High,14,Yes
T000630,C036083,Cancellation,High,0,No
T000631,C038046,Login,Low,13,Yes
T000632,C048152,Cancellation,Low,4,No
T000633,C029018,Bug,High,11,Yes
T000634,C013876,Cancellation,Medium,10,Yes
T000635,C021895,Bug,Medium,10,No
T000636,C029223,Login,High,6,Yes
T000637,C013569,Login,High,10,Yes
T000638,C015884,Cancellation,Medium,9,No
T000639,C033570,Login,High,13,No
T000640,C026793,Feature,High,2,No
T000641,C028017,Cancellation,High,10,Yes
T000642,C004396,Bug,Medium,12,No
T000643,C005106,Login,High,13,No
T000644,C036416,Cancellation,Low,15,No
T000645,C049104,Bug,Low,8,No
T000646,C014028,Bug,Low,14,Yes
T000647,C006352,Feature,Low,11,Yes
T000648,C028063,Cancellation,Medium,10,No
T000649,C042332,Feature,Medium,8,No
T000650,C002890,Cancellation,Medium,14,Yes
T000651,C027498,Bug,Medium,9,Yes
T000652,C027381,Bug,High,14,Yes
T000653,C030249,Billing,Low,13,Yes
T000654,C012802,Cancellation,Low,12,No
T000655,C035283,Bug,High,6,No
T000656,C013374,Login,Medium,8,Yes
T000657,C014726,Feature,Medium,4,No
T000658,C011950,Login,Medium,8,Yes
T000659,C022451,Billing,Low,8,Yes
T000660,C040748,Bug,Medium,12,No
T000661,C043273,Feature,High,5,No
T000662,C042600,Cancellation,Medium,13,No
T000663,C011800,Feature,Medium,13,No
T000664,C030220,Feature,Medium,11,No
T000665,C035445,Login,Low,8,Yes
T000666,C001290,Cancellation,Medium,3,No
T000667,C020862,Bug,High,13,Yes
T000668,C032713,Bug,Medium,4,No
T000669,C047690,Billing,Low,1,No
T000670,C044501,Cancellation,Low,6,Yes
T000671,C026274,Feature,Low,3,No
T000672,C018062,Cancellation,High,6,No
T000673,C002333,Cancellation,Medium,7,No
T000674,C007663,Billing,Medium,1,No
T000675,C001087,Feature,High,2,Yes
T000676,C044241,Cancellation,High,11,No
T000677,C024676,Cancellation,Medium,8,No
T000678,C007107,Billing,High,2,Yes
T000679,C034697,Billing,Low,3,Yes
T000680,C047977,Login,Medium,11,Yes
T000681,C038854,Cancellation,Medium,6,No
T000682,C042643,Bug,Medium,15,No
T000683,C008528,Bug,Low,9,No
T000684,C037431,Bug,High,13,No
T000685,C024746,Billing,Medium,9,No
T000686,C028280,Login,Low,14,Yes
T000687,C010241,Login,High,12,No
T000688,C023224,Cancellation,Medium,6,No
T000689,C036515,Cancellation,High,4,Yes
T000690,C024098,Bug,Low,8,Yes
T000691,C004393,Bug,Medium,6,No
T000692,C034838,Billing,Low,9,Yes
T000693,C001457,Billing,Medium,15,Yes
T000694,C041948,Cancellation,Medium,15,No
T000695,C030357,Cancellation,High,15,Yes
T000696,C024998,Login,Low,7,No
T000697,C034084,Feature,Medium,2,No
T000698,C014363,Billing,High,12,No
T000699,C019961,Billing,High,11,Yes
T000700,C013776,Login,Low,10,Yes
T000701,C042645,Bug,Low,5,No
T000702,C029493,Cancellation,High,4,No
T000703,C022544,Feature,Medium,15,Yes
T000704,C027339,Bug,Medium,0,No
T000705,C009788,Cancellation,High,15,No
T000706,C040707,Feature,Medium,14,No
T000707,C021463,Billing,Low,6,Yes
T000708,C033402,Bug,High,0,No
T000709,C018441,Feature,High,2,Yes
T000710,C027872,Billing,High,1,Yes
T000711,C045843,Bug,Medium,14,No
T000712,C033175,Login,Low,13,No
T000713,C016550,Billing,Medium,4,No
T000714,C043743,Login,Low,4,Yes
T000715,C005282,Login,High,9,Yes
T000716,C042638,Feature,Low,13,No
T000717,C036368,Feature,Medium,10,Yes
T000718,C042065,Bug,Low,12,Yes
T000719,C043108,Feature,High,7,No
T000720,C046576,Cancellation,Medium,13,Yes
T000721,C013570,Login,Medium,9,No
T000722,C027030,Feature,High,4,No
T000723,C008184,Login,High,2,No
T000724,C046508,Billing,Medium,1,No
T000725,C048870,Bug,High,11,Yes
T000726,C012239,Cancellation,High,1,No
T000727,C041337,Cancellation,Low,11,Yes
T000728,C040569,Bug,Medium,13,No
T000729,C001526,Billing,Low,12,Yes
T000730,C023782,Login,Low,11,Yes
T000731,C034946,Login,Medium,11,Yes
T000732,C000779,Feature,Medium,10,No
T000733,C049715,Cancellation,High,0,No
T000734,C022114,Cancellation,Low,15,Yes
T000735,C009622,Login,Low,14,Yes
T000736,C028215,Bug,Medium,3,Yes
T000737,C007162,Billing,Medium,13,Yes
T000738,C006768,Billing,Medium,12,Yes
T000739,C011790,Bug,Medium,0,No
T000740,C040471,Billing,Medium,7,Yes
T000741,C006469,Bug,Low,8,No
T000742,C032229,Login,Medium,15,No
T000743,C030281,Cancellation,Medium,9,No
T000744,C030793,Billing,Low,0,No
T000745,C045309,Feature,Medium,14,No
T000746,C038785,Feature,Medium,3,Yes
T000747,C002024,Cancellation,High,10,Yes
T000748,C033193,Bug,Medium,6,No
T000749,C043464,Billing,Low,4,No
T000750,C005029,Billing,High,15,Yes
T000751,C038671,Feature,High,11,No
T000752,C016220,Bug,Medium,0,No
T000753,C040323,Bug,High,11,Yes
T000754,C007642,Cancellation,Medium,9,No
T000755,C018017,Cancellation,Medium,14,No
T000756,C026518,Billing,Low,8,Yes
T000757,C028538,Billing,High,2,Yes
T000758,C022173,Cancellation,High,13,Yes
T000759,C033709,Bug,Low,8,No
T000760,C031861,Cancellation,Medium,6,Yes
T000761,C012859,Billing,Low,3,Yes
T000762,C008217,Login,Low,3,No
T000763,C044582,Bug,High,11,Yes
T000764,C018936,Feature,Medium,7,Yes
T000765,C018940,Bug,Low,3,No
T000766,C014164,Feature,Low,12,Yes
T000767,C026293,Bug,High,13,Yes
T000768,C046682,Bug,High,4,No
T000769,C003197,Billing,Medium,5,Yes
T000770,C029607,Cancellation,Low,3,Yes
T000771,C036730,Login,Medium,9,Yes
T000772,C007060,Bug,High,1,No
T000773,C000709,Cancellation,High,3,No
T000774,C049377,Bug,High,13,Yes
T000775,C043309,Bug,Medium,6,No
T000776,C046822,Feature,High,7,Yes
T000777,C027943,Login,Medium,3,Yes
T000778,C018734,Billing,Low,15,No
T000779,C045667,Feature,High,9,No
T000780,C021443,Bug,High,12,Yes
T000781,C045566,Login,High,7,No
T000782,C028894,Bug,High,8,No
T000783,C049724,Billing,Low,9,No
T000784,C008451,Cancellation,High,14,Yes
T000785,C025810,Cancellation,Low,3,No
T000786,C018495,Bug,High,2,Yes
T000787,C030859,Bug,Low,0,No
T000788,C049619,Feature,Medium,11,Yes
T000789,C047451,Bug,High,11,Yes
T000790,C000205,Bug,High,13,No
T000791,C039006,Billing,Medium,1,No
T000792,C011411,Cancellation,High,8,Yes
T000793,C009585,Bug,High,2,Yes
T000794,C028412,Billing,High,1,No
T000795,C006346,Bug,Low,15,No
T000796,C022661,Login,High,7,Yes
T000797,C043782,Cancellation,High,12,Yes
T000798,C009255,Bug,Low,13,Yes
T000799,C010363,Bug,High,13,No
T000800,C016351,Feature,Medium,14,Yes
T000801,C014888,Bug,High,10,Yes
T000802,C005326,Cancellation,Low,3,No
T000803,C038906,Feature,Medium,11,No
T000804,C036540,Cancellation,Low,6,Yes
T000805,C029447,Billing,High,12,No
T000806,C036704,Login,High,7,No
T000807,C048640,Login,Low,2,No
T000808,C031573,Cancellation,Medium,13,Yes
T000809,C039707,Login,High,3,No
T000810,C049033,Cancellation,Medium,6,Yes
T000811,C028388,Billing,Medium,8,Yes
T000812,C045130,Cancellation,Low,6,No
T000813,C044977,Cancellation,Low,0,No
T000814,C004992,Billing,Medium,9,Yes
T000815,C038381,Cancellation,Medium,8,Yes
T000816,C010093,Feature,High,6,No
T000817,C005111,Billing,High,10,No
T000818,C020527,Cancellation,High,14,Yes
T000819,C011951,Feature,Low,15,Yes
T000820,C046574,Bug,High,1,Yes
T000821,C010956,Login,Low,15,Yes
T000822,C032387,Login,Medium,3,No
T000823,C047098,Feature,Medium,10,Yes
T000824,C001576,Feature,Medium,4,Yes
T000825,C006725,Bug,Low,8,No
T000826,C035714,Billing,Medium,1,No
T000827,C036132,Feature,Low,1,No
T000828,C009235,Bug,Medium,2,Yes
T000829,C007791,Cancellation,Medium,7,No
T000830,C047855,Login,High,1,Yes
T000831,C012146,Bug,High,7,No
T000832,C009475,Login,High,1,Yes
T000833,C021721,Bug,Low,8,Yes
T000834,C037929,Bug,High,5,Yes
T000835,C021869,Cancellation,Low,13,No
T000836,C047274,Feature,Low,13,No
T000837,C038755,Login,High,1,Yes
T000838,C025594,Billing,Low,9,Yes
T000839,C012305,Login,Low,15,No
T000840,C040816,Billing,Medium,13,Yes
T000841,C008999,Bug,Low,9,Yes
T000842,C024735,Feature,High,13,Yes
T000843,C035017,Cancellation,Medium,9,No
T000844,C029676,Cancellation,Low,2,No
T000845,C016902,Bug,High,2,No
T000846,C031327,Bug,Medium,2,Yes
T000847,C018829,Feature,High,12,No
T000848,C030077,Billing,Low,9,No
T000849,C013806,Cancellation,High,11,No
T000850,C043437,Billing,High,4,No
T000851,C007692,Bug,Medium,5,Yes
T000852,C035220,Cancellation,Medium,12,Yes
T000853,C046979,Cancellation,Medium,2,Yes
T000854,C026495,Bug,High,15,No
T000855,C013463,Login,Low,9,No
T000856,C010356,Login,Medium,9,No
T000857,C017208,Bug,Low,10,No
T000858,C037508,Cancellation,High,14,No
T000859,C011310,Billing,Low,1,Yes
T000860,C031412,Feature,Medium,9,Yes
T000861,C006512,Feature,Medium,7,No
T000862,C014593,Cancellation,Low,11,Yes
T000863,C045259,Bug,High,0,No
T000864,C048825,Feature,Low,11,Yes
T000865,C031860,Bug,High,1,No
T000866,C003177,Billing,Low,2,Yes
T000867,C036097,Bug,Low,0,Yes
T000868,C019497,Feature,Low,12,No
T000869,C029368,Cancellation,High,13,Yes
T000870,C022033,Bug,High,13,No
T000871,C033421,Feature,High,8,Yes
T000872,C035419,Billing,High,13,No
T000873,C008858,Billing,Medium,12,Yes
T000874,C001369,Login,Medium,7,Yes
T000875,C006717,Bug,Low,12,No
T000876,C016279,Login,High,10,Yes
T000877,C033736,Feature,High,12,No
T000878,C005702,Feature,Low,11,Yes
T000879,C027733,Login,Low,0,No
T000880,C007546,Bug,Low,3,No
T000881,C047888,Billing,High,0,No
T000882,C006132,Billing,High,2,No
T000883,C039979,Bug,Medium,10,No
T000884,C029681,Feature,High,9,No
T000885,C038718,Bug,High,8,Yes
T000886,C041890,Login,Low,10,Yes
T000887,C026642,Bug,Low,11,Yes
T000888,C035116,Bug,Low,6,Yes
T000889,C036234,Bug,Low,9,Yes
T000890,C041652,Bug,High,15,No
T000891,C006521,Cancellation,High,0,No
T000892,C005442,Login,Low,7,No
T000893,C008883,Feature,High,3,Yes
T000894,C020382,Cancellation,High,12,No
T000895,C015759,Billing,Low,10,No
T000896,C016799,Bug,High,12,No
T000897,C012870,Cancellation,Medium,6,Yes
T000898,C009069,Feature,Low,12,Yes
T000899,C047818,Billing,Medium,13,No
T000900,C025362,Feature,High,7,Yes
T000901,C045890,Billing,High,1,Yes
T000902,C014960,Bug,Low,7,Yes
T000903,C030843,Cancellation,Low,12,Yes
T000904,C029119,Login,Low,13,No
T000905,C049999,Login,High,15,Yes
T000906,C004234,Billing,Medium,12,Yes
T000907,C009198,Feature,High,0,Yes
T000908,C028059,Bug,High,1,Yes
T000909,C001641,Billing,High,6,No
T000910,C003832,Login,Low,15,Yes
T000911,C038985,Login,Medium,10,No
T000912,C035798,Feature,Medium,0,No
T000913,C044910,Feature,High,14,No
T000914,C038876,Login,Low,12,Yes
T000915,C015105,Cancellation,Low,12,No
T000916,C048288,Billing,Low,8,Yes
T000917,C024151,Billing,Medium,12,Yes
T000918,C023856,Feature,High,3,Yes
T000919,C005108,Cancellation,Low,7,No
T000920,C042143,Cancellation,Medium,15,No
T000921,C046040,Login,High,3,Yes
T000922,C042353,Feature,Medium,6,No
T000923,C000890,Feature,Low,12,Yes
T000924,C038355,Login,High,7,Yes
T000925,C044537,Cancellation,Medium,2,No
T000926,C012043,Billing,High,2,No
T000927,C025853,Billing,High,15,Yes
T000928,C005990,Cancellation,Low,9,Yes
T000929,C015504,Login,Low,6,No
T000930,C021162,Bug,Low,3,Yes
T000931,C002885,Cancellation,High,8,Yes
T000932,C011631,Feature,High,10,Yes
T000933,C036755,Billing,High,4,Yes
T000934,C007839,Login,High,9,Yes
T000935,C005957,Billing,High,8,Yes
T000936,C021866,Billing,Medium,11,Yes
T000937,C021165,Feature,Medium,14,No
T000938,C035203,Login,Medium,14,No
T000939,C039774,Feature,Medium,13,No
T000940,C022604,Login,Low,0,No
T000941,C008729,Billing,Low,10,No
T000942,C012187,Feature,Medium,9,No
T000943,C038741,Bug,Medium,0,No
T000944,C029954,Bug,High,15,No
T000945,C040247,Billing,High,13,No
T000946,C045515,Login,Low,7,No
T000947,C039627,Cancellation,High,14,Yes
T000948,C039937,Bug,High,3,Yes
T000949,C017211,Feature,Low,2,No
T000950,C025285,Bug,Low,0,Yes
T000951,C031370,Billing,Low,0,Yes
T000952,C035869,Billing,High,11,No
T000953,C024669,Login,High,9,Yes
T000954,C032758,Feature,Low,5,Yes
T000955,C026300,Billing,Medium,13,No
T000956,C022179,Billing,High,14,Yes
T000957,C018815,Cancellation,Low,0,No
T000958,C044653,Feature,High,11,Yes
T000959,C045404,Feature,High,1,No
T000960,C025452,Bug,Low,14,No
T000961,C000820,Bug,Low,14,No
T000962,C019835,Feature,Medium,10,No
T000963,C016236,Cancellation,Low,14,No
T000964,C024702,Feature,Medium,1,No
T000965,C021872,Feature,Medium,7,No
T000966,C048997,Cancellation,High,14,No
T000967,C022357,Cancellation,Low,5,Yes
T000968,C020178,Cancellation,Low,6,Yes
T000969,C027509,Login,Medium,8,No
T000970,C016442,Cancellation,Medium,0,Yes
T000971,C018551,Billing,Medium,11,No
T000972,C025572,Feature,Low,10,No
T000973,C018162,Bug,High,7,Yes
T000974,C005239,Billing,Low,2,Yes
T000975,C005358,Cancellation,High,13,No
T000976,C025087,Bug,Low,3,No
T000977,C031167,Billing,High,5,No
T000978,C033859,Feature,Low,10,Yes
T000979,C049906,Feature,Medium,7,Yes
T000980,C047621,Bug,Medium,13,Yes
T000981,C032692,Login,Low,13,No
T000982,C009722,Feature,Low,10,Yes
T000983,C026092,Cancellation,Low,9,Yes
T000984,C043731,Feature,Medium,14,Yes
T000985,C037996,Feature,Low,14,Yes
T000986,C000855,Bug,High,15,Yes
T000987,C038413,Cancellation,Low,4,Yes
T000988,C009931,Feature,Medium,7,No
T000989,C009806,Cancellation,Medium,6,No
T000990,C035680,Login,Low,5,No
T000991,C015221,Cancellation,Low,0,Yes
T000992,C016702,Login,Medium,15,No
T000993,C035221,Feature,High,1,Yes
T000994,C046713,Login,High,15,Yes
T000995,C038995,Billing,High,7,Yes
T000996,C038817,Feature,High,7,Yes
T000997,C047049,Cancellation,Low,10,No
T000998,C040217,Feature,Medium,14,Yes
T000999,C024399,Cancellation,Medium,1,Yes
T001000,C040706,Bug,High,2,Yes
T001001,C008435,Login,High,8,Yes
T001002,C028764,Bug,High,13,Yes
T001003,C000678,Feature,Low,12,Yes
T001004,C027350,Feature,Medium,3,Yes
T001005,C042388,Login,Medium,1,No
T001006,C002239,Billing,Low,0,Yes
T001007,C038768,Cancellation,Medium,4,Yes
T001008,C033431,Cancellation,High,12,Yes
T001009,C036872,Feature,Medium,11,No
T001010,C006950,Bug,Medium,13,Yes
T001011,C027431,Billing,High,10,No
T001012,C038828,Billing,Medium,1,Yes
T001013,C002287,Bug,Low,4,Yes
T001014,C020247,Cancellation,Low,4,Yes
T001015,C035625,Cancellation,High,2,Yes
T001016,C012953,Billing,Medium,2,Yes
T001017,C045062,Cancellation,Low,9,No
T001018,C037546,Feature,Medium,3,No
T001019,C004387,Login,High,7,Yes
T001020,C030227,Login,Low,9,Yes
T001021,C014785,Login,Medium,0,Yes
T001022,C033814,Bug,Medium,11,No
T001023,C000733,Cancellation,High,12,No
T001024,C002106,Cancellation,Medium,9,No
T001025,C010949,Cancellation,Medium,6,No
T001026,C032692,Login,Low,10,No
T001027,C009959,Billing,High,11,Yes
T001028,C032331,Feature,High,4,Yes
T001029,C019659,Bug,Medium,4,Yes
T001030,C004497,Bug,High,10,Yes
T001031,C012422,Login,High,3,No
T001032,C011970,Login,High,4,Yes
T001033,C048345,Cancellation,Medium,4,Yes
T001034,C031084,Feature,High,10,Yes
T001035,C030628,Bug,Low,15,No
T001036,C014843,Billing,Low,14,No
T001037,C009889,Billing,Medium,7,No
T001038,C006127,Cancellation,High,6,No
T001039,C049796,Login,Medium,1,No
T001040,C017052,Login,High,9,Yes
T001041,C015860,Feature,Low,13,Yes
T001042,C015183,Feature,High,5,Yes
T001043,C042587,Feature,Low,5,Yes
T001044,C020058,Bug,Medium,10,No
T001045,C039020,Cancellation,High,1,Yes
T001046,C047819,Login,Medium,8,Yes
T001047,C027651,Bug,Low,6,No
T001048,C034768,Feature,High,9,Yes
T001049,C012374,Login,Medium,12,No
T001050,C039564,Bug,High,14,Yes
T001051,C048638,Bug,High,13,Yes
T001052,C005267,Billing,High,9,Yes
T001053,C038705,Billing,High,8,No
T001054,C044332,Feature,High,6,Yes
T001055,C016222,Cancellation,Low,3,No
T001056,C000747,Bug,High,13,Yes
T001057,C038233,Cancellation,High,7,No
T001058,C048860,Feature,Low,1,No
T001059,C017710,Bug,Medium,13,Yes
T001060,C001932,Billing,High,3,No
T001061,C010499,Bug,Medium,15,Yes
T001062,C043489,Feature,Medium,4,Yes
T001063,C044146,Billing,High,4,No
T001064,C021235,Login,Medium,2,Yes
T001065,C042057,Login,Medium,5,Yes
T001066,C040224,Login,Low,12,No
T001067,C042406,Billing,Low,6,No
T001068,C043968,Feature,High,7,Yes
T001069,C031687,Feature,Medium,1,No
T001070,C002239,Feature,Medium,9,No
T001071,C002383,Feature,Medium,4,Yes
T001072,C024307,Billing,Medium,10,Yes
T001073,C000354,Bug,High,1,No
T001074,C008140,Billing,Low,12,No
T001075,C005899,Billing,High,0,No
T001076,C024829,Cancellation,Medium,6,Yes
T001077,C039340,Billing,Medium,8,Yes
T001078,C013775,Cancellation,Medium,15,No
T001079,C042619,Cancellation,Low,6,No
T001080,C030577,Cancellation,Medium,3,No
T001081,C019991,Billing,High,8,No
T001082,C031234,Cancellation,Medium,13,Yes
T001083,C013492,Bug,High,0,Yes
T001084,C047843,Cancellation,Medium,9,No
T001085,C000735,Login,Medium,12,No
T001086,C029405,Login,High,15,No
T001087,C039643,Billing,Low,11,Yes
T001088,C008837,Login,Low,15,No
T001089,C005168,Feature,Medium,2,Yes
T001090,C016489,Cancellation,High,15,No
T001091,C005662,Feature,Medium,3,No
T001092,C022350,Bug,High,1,Yes
T001093,C047085,Billing,Low,14,Yes
T001094,C012056,Billing,Low,5,Yes
T001095,C012126,Login,High,8,No
T001096,C030487,Login,Low,10,No
T001097,C027423,Feature,Low,11,Yes
T001098,C047059,Feature,Low,13,No
T001099,C024236,Billing,Medium,7,No
T001100,C001670,Bug,High,0,No
T001101,C016202,Cancellation,High,12,Yes
T001102,C001017,Feature,High,6,Yes
T001103,C025714,Feature,Medium,0,Yes
T001104,C027936,Cancellation,High,1,No
T001105,C014785,Bug,Medium,2,No
T001106,C008134,Billing,Medium,12,No
T001107,C020872,Bug,Low,15,No
T001108,C044202,Billing,Medium,3,No
T001109,C019950,Cancellation,High,2,Yes
T001110,C031380,Login,Medium,13,Yes
T001111,C039509,Feature,Medium,14,Yes
T001112,C013180,Login,High,3,Yes
T001113,C029271,Feature,High,4,Yes
T001114,C022820,Billing,High,11,No
T001115,C031624,Feature,Low,11,No
T001116,C027793,Login,Medium,8,No
T001117,C044660,Bug,Low,13,Yes
T001118,C025652,Billing,Medium,3,Yes
T001119,C011025,Billing,Medium,14,No
T001120,C048615,Login,Medium,0,Yes
T001121,C014323,Feature,Low,8,No
T001122,C044704,Feature,High,11,Yes
T001123,C045444,Login,Low,5,Yes
T001124,C037875,Feature,Low,3,No
T001125,C013382,Billing,Low,15,Yes
T001126,C047680,Billing,Medium,9,Yes
T001127,C003622,Feature,Low,9,Yes
T001128,C015232,Login,Medium,13,Yes
T001129,C004357,Cancellation,Medium,8,No
T001130,C015311,Billing,Low,0,No
T001131,C022260,Login,Low,12,No
T001132,C044690,Bug,Low,7,No
T001133,C034105,Bug,Low,8,Yes
T001134,C011592,Bug,Medium,11,No
T001135,C006765,Login,Medium,15,No
T001136,C006730,Login,High,9,Yes
T001137,C046500,Billing,High,8,No
T001138,C024379,Cancellation,Low,8,No
T001139,C032951,Bug,Medium,1,Yes
T001140,C008839,Bug,Low,1,No
T001141,C014267,Bug,High,15,No
T001142,C014516,Login,High,4,Yes
T001143,C009959,Cancellation,High,5,Yes
T001144,C014182,Feature,Medium,3,No
T001145,C036119,Login,Medium,5,No
T001146,C030907,Feature,High,1,Yes
T001147,C042282,Billing,Medium,5,Yes
T001148,C019860,Billing,Low,8,Yes
T001149,C026810,Login,Low,2,Yes
T001150,C029319,Billing,Medium,3,Yes
T001151,C012831,Feature,Low,8,No
T001152,C003335,Cancellation,High,10,No
T001153,C019783,Cancellation,Low,12,Yes
T001154,C018114,Login,Low,11,Yes
T001155,C015675,Billing,Low,8,Yes
T001156,C041232,Cancellation,High,0,No
T001157,C027387,Cancellation,Medium,9,Yes
T001158,C004465,Feature,Medium,12,No
T001159,C041875,Cancellation,Medium,15,No
T001160,C014310,Login,Medium,8,Yes
T001161,C022538,Feature,High,14,Yes
T001162,C045163,Login,Medium,0,No
T001163,C032652,Bug,Medium,5,Yes
T001164,C018040,Feature,Low,1,No
T001165,C045306,Bug,High,0,Yes
T001166,C017235,Login,Low,12,No
T001167,C046090,Bug,High,15,Yes
T001168,C005367,Billing,Low,15,No
T001169,C037619,Billing,Medium,7,No
T001170,C007903,Login,Low,3,Yes
T001171,C031344,Bug,High,4,No
T001172,C021490,Bug,Low,5,No
T001173,C039390,Cancellation,Medium,5,Yes
T001174,C025778,Feature,Low,11,Yes
T001175,C031009,Billing,Low,13,Yes
T001176,C017900,Bug,Medium,6,Yes
T001177,C043477,Bug,Medium,3,No
T001178,C018142,Billing,Medium,6,No
T001179,C016348,Bug,Medium,4,Yes
T001180,C016290,Cancellation,Medium,5,No
T001181,C045378,Bug,Medium,12,No
T001182,C008842,Bug,Low,9,No
T001183,C018587,Cancellation,Low,0,No
T001184,C033181,Feature,Medium,13,Yes
T001185,C037979,Login,High,8,Yes
T001186,C018067,Login,High,14,Yes
T001187,C039033,Billing,Low,13,No
T001188,C000737,Cancellation,Medium,9,Yes
T001189,C008700,Bug,Low,5,No
T001190,C006933,Billing,Medium,10,Yes
T001191,C005235,Cancellation,High,3,No
T001192,C036323,Feature,Low,7,Yes
T001193,C020026,Bug,Low,6,Yes
T001194,C007628,Billing,Medium,11,Yes
T001195,C049081,Login,High,7,No
T001196,C028310,Login,High,4,No
T001197,C030352,Billing,Medium,10,No
T001198,C040579,Login,High,11,Yes
T001199,C042576,Billing,Low,5,No
T001200,C004450,Cancellation,Low,13,Yes
T001201,C043680,Login,Low,5,No
T001202,C002814,Feature,High,15,Yes
T001203,C044118,Feature,High,0,No
T001204,C048628,Login,High,9,No
T001205,C019603,Bug,High,13,Yes
T001206,C041257,Billing,High,5,No
T001207,C018532,Bug,High,6,Yes
T001208,C000710,Login,Medium,3,No
T001209,C028419,Feature,Low,0,Yes
T001210,C035670,Bug,Medium,0,No
T001211,C013101,Login,Low,6,Yes
T001212,C027784,Feature,Medium,2,Yes
T001213,C043123,Bug,Low,4,Yes
T001214,C046492,Feature,High,15,No
T001215,C018214,Cancellation,Low,10,No
T001216,C045871,Login,Low,10,No
T001217,C035897,Login,Medium,14,No
T001218,C028544,Feature,High,7,Yes
T001219,C004995,Bug,Low,6,No
T001220,C006224,Cancellation,Low,9,No
T001221,C020039,Login,Medium,7,No
T001222,C008973,Bug,Medium,0,Yes
T001223,C012713,Billing,High,13,No
T001224,C025001,Login,High,3,No
T001225,C011240,Billing,High,8,No
T001226,C045572,Cancellation,Medium,7,Yes
T001227,C049797,Bug,Medium,8,Yes
T001228,C004086,Billing,Low,8,No
T001229,C018632,Bug,Low,6,Yes
T001230,C044580,Feature,Medium,6,Yes
T001231,C048964,Bug,Medium,9,Yes
T001232,C013276,Billing,Low,2,No
T001233,C005038,Login,Low,9,Yes
T001234,C040938,Cancellation,Low,4,Yes
T001235,C031383,Bug,High,8,Yes
T001236,C011270,Cancellation,Low,10,Yes
T001237,C044045,Billing,High,14,Yes
T001238,C001846,Bug,High,1,Yes
T001239,C048691,Login,Medium,12,Yes
T001240,C044829,Feature,High,15,Yes
T001241,C036690,Login,Low,15,No
T001242,C029271,Feature,Low,9,No
T001243,C030211,Login,High,1,No
T001244,C011520,Cancellation,Low,1,No
T001245,C011058,Cancellation,Medium,6,Yes
T001246,C031892,Cancellation,High,8,Yes
T001247,C036645,Login,Medium,10,Yes
T001248,C033720,Billing,Low,3,Yes
T001249,C011067,Bug,Low,10,No
T001250,C020789,Feature,Medium,5,No
T001251,C036694,Login,Low,5,No
T001252,C029610,Feature,High,6,No
T001253,C025855,Billing,Medium,5,Yes
T001254,C014754,Billing,Medium,14,Yes
T001255,C018129,Cancellation,High,14,Yes
T001256,C027289,Login,Medium,6,No
T001257,C019794,Bug,Low,12,No
T001258,C046602,Bug,Low,11,No
T001259,C044425,Feature,Medium,1,No
T001260,C006235,Login,Low,12,Yes
T001261,C030273,Bug,Low,14,Yes
T001262,C003263,Bug,Low,14,No
T001263,C040606,Billing,High,11,No
T001264,C024671,Bug,Low,3,Yes
T001265,C008071,Bug,Medium,9,No
T001266,C033808,Cancellation,Low,12,Yes
T001267,C046860,Billing,Medium,10,No
T001268,C046840,Feature,High,3,No
T001269,C000089,Billing,Medium,3,Yes
T001270,C025227,Feature,Low,5,Yes
T001271,C006139,Login,Medium,7,Yes
T001272,C025599,Billing,High,1,Yes
T001273,C040778,Feature,High,11,No
T001274,C012546,Login,Low,10,Yes
T001275,C037301,Cancellation,Medium,13,No
T001276,C038972,Billing,Medium,5,Yes
T001277,C006519,Feature,Medium,1,No
T001278,C011522,Feature,Low,1,Yes
T001279,C025616,Cancellation,Low,0,Yes
T001280,C025611,Cancellation,Medium,14,Yes
T001281,C017457,Login,Medium,2,Yes
T001282,C027412,Billing,Medium,6,No
T001283,C024390,Login,High,7,Yes
T001284,C047776,Cancellation,Low,11,Yes
T001285,C004980,Feature,High,1,Yes
T001286,C029118,Feature,Low,1,No
T001287,C008035,Bug,High,1,Yes
T001288,C049150,Cancellation,Medium,10,Yes
T001289,C046079,Bug,Low,13,No
T001290,C013644,Login,Medium,7,Yes
T001291,C003307,Login,Medium,5,No
T001292,C003288,Login,Low,0,No
T001293,C023564,Login,Low,2,No
T001294,C029958,Cancellation,Medium,13,No
T001295,C030743,Cancellation,High,12,No
T001296,C035155,Login,Low,12,No
T001297,C010473,Billing,High,12,No
T001298,C038383,Cancellation,High,1,No
T001299,C007377,Feature,High,15,No
T001300,C039943,Cancellation,Low,14,No
T001301,C012546,Billing,Medium,3,No
T001302,C039367,Cancellation,Low,0,Yes
T001303,C007649,Feature,Low,14,Yes
T001304,C037756,Bug,Medium,12,Yes
T001305,C008031,Bug,Medium,12,No
T001306,C015587,Login,Low,7,Yes
T001307,C033244,Cancellation,Low,10,No
T001308,C043826,Billing,High,11,Yes
T001309,C038560,Bug,Medium,4,Yes
T001310,C045339,Feature,High,13,No
T001311,C032090,Cancellation,Low,9,No
T001312,C005504,Feature,High,11,Yes
T001313,C048329,Bug,Medium,8,Yes
T001314,C010629,Login,Medium,7,Yes
T001315,C005444,Feature,High,4,Yes
T001316,C012711,Feature,Medium,13,No
T001317,C020459,Cancellation,High,2,Yes
T001318,C014448,Billing,Medium,3,No
T001319,C015382,Login,High,4,No
T001320,C021634,Billing,Low,12,No
T001321,C024929,Cancellation,High,3,No
T001322,C046990,Billing,Medium,5,Yes
T001323,C015738,Billing,Medium,2,Yes
T001324,C023408,Login,High,6,No
T001325,C008263,Cancellation,Low,2,Yes
T001326,C035209,Login,High,15,Yes
T001327,C044579,Login,Low,7,Yes
T001328,C024460,Login,Low,14,No
T001329,C000958,Bug,Medium,13,Yes
T001330,C005190,Login,High,6,Yes
T001331,C007050,Cancellation,Low,2,Yes
T001332,C002234,Bug,Medium,8,No
T001333,C008581,Cancellation,Medium,0,No
T001334,C002298,Bug,Low,8,No
T001335,C049658,Bug,Low,8,No
T001336,C018648,Bug,High,11,Yes
T001337,C025110,Bug,Low,11,Yes
T001338,C033289,Feature,Low,10,No
T001339,C002664,Cancellation,High,14,No
T001340,C003394,Login,Medium,12,No
T001341,C007876,Billing,High,2,Yes
T001342,C030561,Bug,High,8,No
T001343,C027168,Feature,Medium,3,No
T001344,C003995,Feature,Medium,8,Yes
T001345,C023654,Billing,High,11,Yes
T001346,C009360,Cancellation,Low,3,No
T001347,C019900,Cancellation,Medium,5,No
T001348,C013169,Billing,Low,1,No
T001349,C022272,Feature,Medium,5,Yes
T001350,C015975,Feature,High,13,No
T001351,C041519,Bug,Low,2,Yes
T001352,C030354,Cancellation,High,10,No
T001353,C002010,Cancellation,Low,9,No
T001354,C018123,Login,Medium,9,No
T001355,C035536,Billing,High,5,Yes
T001356,C036509,Cancellation,High,0,No
T001357,C038123,Login,Medium,11,Yes
T001358,C000097,Cancellation,Medium,8,Yes
T001359,C004942,Billing,Low,15,Yes
T001360,C024151,Feature,Medium,0,No
T001361,C045364,Bug,Low,4,Yes
T001362,C039479,Login,Low,2,Yes
T001363,C030744,Feature,Medium,13,No
T001364,C006181,Bug,High,3,Yes
T001365,C044906,Feature,High,7,Yes
T001366,C016373,Feature,Medium,5,Yes
T001367,C021933,Login,Medium,2,Yes
T001368,C031597,Bug,Medium,11,Yes
T001369,C009340,Billing,High,1,No
T001370,C048309,Bug,Medium,14,No
T001371,C026068,Cancellation,Low,14,Yes
T001372,C015676,Cancellation,Low,5,No
T001373,C029519,Cancellation,Medium,5,No
T001374,C021219,Cancellation,Medium,11,Yes
T001375,C026559,Billing,Medium,6,No
T001376,C038339,Bug,High,13,Yes
T001377,C012168,Bug,Medium,12,Yes
T001378,C007644,Cancellation,High,3,No
T001379,C023716,Login,Medium,13,No
T001380,C007233,Login,Medium,11,No
T001381,C027149,Cancellation,High,10,No
T001382,C041706,Login,High,0,Yes
T001383,C028589,Feature,Low,14,No
T001384,C016757,Cancellation,High,0,Yes
T001385,C011891,Login,Low,14,No
T001386,C020310,Cancellation,Medium,10,No
T001387,C012670,Bug,Low,9,Yes
T001388,C048465,Bug,High,0,Yes
T001389,C006516,Feature,Low,5,No
T001390,C047383,Bug,Low,5,Yes
T001391,C048191,Feature,Low,9,Yes
T001392,C016606,Login,Low,3,Yes
T001393,C046576,Login,Low,9,Yes
T001394,C041662,Billing,High,10,Yes
T001395,C008462,Login,Low,8,Yes
T001396,C017188,Bug,High,4,No
T001397,C026370,Login,High,14,Yes
T001398,C031070,Bug,Low,15,Yes
T001399,C022089,Cancellation,High,11,No
T001400,C025075,Login,High,3,Yes
T001401,C031046,Bug,Medium,7,Yes
T001402,C001035,Cancellation,Medium,11,Yes
T001403,C049151,Feature,Medium,7,Yes
T001404,C031057,Billing,Medium,13,Yes
T001405,C019733,Cancellation,High,7,Yes
T001406,C011724,Cancellation,High,4,No
T001407,C000006,Billing,High,12,Yes
T001408,C006784,Feature,High,14,Yes
T001409,C012604,Cancellation,Medium,11,Yes
T001410,C031341,Billing,High,2,Yes
T001411,C025665,Bug,Medium,2,No
T001412,C007481,Billing,Medium,15,No
T001413,C047630,Login,Medium,2,Yes
T001414,C026587,Bug,Medium,6,No
T001415,C017202,Login,Low,11,Yes
T001416,C036249,Billing,High,1,Yes
T001417,C020492,Billing,Low,11,Yes
T001418,C003648,Bug,Medium,6,No
T001419,C014827,Billing,Low,10,Yes
T001420,C015261,Bug,High,4,No
T001421,C026910,Feature,High,10,No
T001422,C048179,Bug,Medium,12,Yes
T001423,C012659,Cancellation,Medium,13,No
T001424,C019491,Feature,High,9,Yes
T001425,C027551,Billing,Low,1,No
T001426,C042224,Billing,Low,7,No
T001427,C009064,Login,Medium,14,No
T001428,C026045,Login,High,7,Yes
T001429,C016208,Login,Low,9,No
T001430,C049603,Cancellation,High,4,Yes
T001431,C033012,Login,High,3,No
T001432,C001716,Login,High,6,No
T001433,C036161,Cancellation,High,5,Yes
T001434,C019689,Login,Low,11,No
T001435,C036299,Login,High,8,Yes
T001436,C005748,Login,Low,1,No
T001437,C049381,Login,Low,5,No
T001438,C047004,Bug,Medium,6,No
T001439,C035915,Bug,Low,7,No
T001440,C001292,Feature,High,12,Yes
T001441,C024258,Billing,Low,11,No
T001442,C034138,Feature,Low,6,No
T001443,C010027,Bug,Low,15,Yes
T001444,C020720,Login,High,5,Yes
T001445,C004536,Cancellation,Medium,0,Yes
T001446,C017080,Billing,Low,6,Yes
T001447,C013395,Bug,High,1,Yes
T001448,C004170,Cancellation,High,4,No
T001449,C031084,Bug,High,1,No
T001450,C003836,Bug,Low,12,No
T001451,C019667,Login,Low,8,Yes
T001452,C014835,Billing,High,3,Yes
T001453,C029752,Cancellation,Low,11,No
T001454,C027332,Feature,Low,10,No
T001455,C044418,Cancellation,Medium,0,Yes
T001456,C017217,Billing,High,1,No
T001457,C042320,Login,High,1,No
T001458,C043402,Billing,High,9,Yes
T001459,C001630,Cancellation,Medium,14,No
T001460,C021486,Cancellation,High,10,Yes
T001461,C014730,Cancellation,Low,3,No
T001462,C044231,Login,Low,11,Yes
T001463,C027368,Cancellation,Medium,2,Yes
T001464,C046719,Login,Medium,10,Yes
T001465,C010164,Login,Low,15,Yes
T001466,C034911,Billing,High,4,Yes
T001467,C005401,Bug,High,0,Yes
T001468,C039761,Cancellation,High,11,No
T001469,C012678,Login,High,0,No
T001470,C047991,Billing,Medium,10,Yes
T001471,C047660,Login,High,1,No
T001472,C017039,Billing,Medium,13,Yes
T001473,C002086,Login,High,11,Yes
T001474,C015105,Login,High,4,No
T001475,C024438,Bug,High,2,No
T001476,C044562,Cancellation,High,9,Yes
T001477,C049719,Cancellation,Medium,9,Yes
T001478,C012236,Billing,Medium,0,No
T001479,C000482,Cancellation,High,6,Yes
T001480,C038336,Cancellation,High,8,Yes
T001481,C008113,Login,Medium,12,No
T001482,C032255,Cancellation,High,1,No
T001483,C032715,Bug,High,0,Yes
T001484,C003706,Feature,High,15,Yes
T001485,C005422,Feature,Low,13,Yes
T001486,C026373,Login,Low,10,No
T001487,C030300,Billing,Medium,12,No
T001488,C002811,Cancellation,High,4,No
T001489,C010287,Feature,Low,0,Yes
T001490,C045117,Login,Medium,4,No
T001491,C047908,Billing,Medium,12,Yes
T001492,C006706,Bug,Medium,11,Yes
T001493,C009177,Billing,High,3,No
T001494,C034543,Feature,Medium,1,Yes
T001495,C001357,Bug,High,14,Yes
T001496,C017154,Login,Medium,2,Yes
T001497,C035892,Billing,High,9,No
T001498,C048617,Cancellation,Medium,3,No
T001499,C023742,Cancellation,Low,14,Yes
T001500,C045032,Feature,Low,11,No
T001501,C022934,Feature,High,5,No
T001502,C048888,Billing,Medium,12,No
T001503,C035318,Login,Low,2,No
T001504,C039241,Billing,Low,5,No
T001505,C033825,Cancellation,Medium,10,No
T001506,C007412,Login,High,1,Yes
T001507,C034211,Billing,Medium,3,No
T001508,C006991,Billing,Medium,11,No
T001509,C019805,Bug,High,2,No
T001510,C033839,Cancellation,Medium,2,No
T001511,C000381,Feature,High,3,No
T001512,C041210,Login,High,13,No
T001513,C021045,Bug,Low,9,No
T001514,C022783,Feature,High,3,Yes
T001515,C013755,Feature,Low,12,Yes
T001516,C048848,Billing,High,15,No
T001517,C037738,Cancellation,Low,0,Yes
T001518,C007324,Bug,High,3,Yes
T001519,C042674,Cancellation,Medium,2,Yes
T001520,C045260,Feature,High,1,Yes
T001521,C005626,Feature,Low,15,No
T001522,C028053,Login,Low,5,Yes
T001523,C046300,Cancellation,Medium,6,No
T001524,C036963,Login,Low,1,No
T001525,C019346,Billing,High,12,Yes
T001526,C029061,Login,High,10,Yes
T001527,C027939,Bug,Medium,11,No
T001528,C036724,Bug,Low,4,No
T001529,C030047,Login,Medium,1,No
T001530,C021032,Feature,High,10,No
T001531,C020575,Feature,Low,14,Yes
T001532,C013205,Billing,Low,15,Yes
T001533,C019823,Bug,High,12,No
T001534,C027560,Bug,Low,5,No
T001535,C047256,Feature,Medium,7,Yes
T001536,C020646,Bug,Medium,14,Yes
T001537,C032931,Feature,High,13,Yes
T001538,C015333,Billing,High,6,Yes
T001539,C030886,Feature,Medium,13,No
T001540,C001273,Cancellation,High,1,No
T001541,C026777,Login,High,1,Yes
T001542,C028089,Bug,High,13,Yes
T001543,C037687,Cancellation,Medium,5,No
T001544,C002947,Feature,Low,14,No
T001545,C040904,Bug,Medium,7,No
T001546,C040629,Billing,High,1,No
T001547,C032023,Feature,Low,4,No
T001548,C005133,Feature,Low,2,Yes
T001549,C044147,Feature,Low,7,Yes
T001550,C030087,Bug,Low,12,No
T001551,C009808,Feature,Low,15,No
T001552,C049703,Bug,Low,8,No
T001553,C042844,Billing,Medium,1,No
T001554,C025563,Feature,High,7,No
T001555,C041243,Feature,Low,10,No
T001556,C033074,Billing,Medium,15,No
T001557,C007773,Billing,Medium,7,Yes
T001558,C026625,Cancellation,High,2,No
T001559,C022313,Feature,High,6,Yes
T001560,C005803,Billing,Medium,6,Yes
T001561,C030915,Billing,Low,13,No
T001562,C002872,Login,Low,14,No
T001563,C022723,Feature,Low,8,Yes
T001564,C020482,Login,High,10,No
T001565,C039805,Login,Low,9,Yes
T001566,C035977,Bug,High,8,Yes
T001567,C045957,Feature,Low,11,No
T001568,C020600,Billing,Medium,13,Yes
T001569,C023264,Bug,High,0,Yes
T001570,C006779,Login,High,2,No
T001571,C022945,Bug,Medium,6,Yes
T001572,C006166,Bug,Low,2,No
T001573,C048377,Feature,High,15,Yes
T001574,C047974,Feature,Low,2,Yes
T001575,C049189,Login,High,7,Yes
T001576,C016829,Cancellation,Medium,12,No
T001577,C014577,Cancellation,Low,11,Yes
T001578,C028038,Bug,Low,14,Yes
T001579,C045777,Bug,Low,4,Yes
T001580,C030483,Feature,High,6,No
T001581,C035367,Cancellation,Low,4,Yes
T001582,C015868,Cancellation,Medium,6,Yes
T001583,C034568,Billing,High,9,No
T001584,C020288,Bug,Medium,12,No
T001585,C009706,Login,Medium,0,Yes
T001586,C009034,Bug,High,5,Yes
T001587,C021806,Billing,Low,8,Yes
T001588,C040752,Bug,High,5,No
T001589,C047158,Feature,Medium,7,Yes
T001590,C015418,Login,Low,9,Yes
T001591,C043930,Billing,High,2,No
T001592,C044680,Billing,Low,0,Yes
T001593,C004549,Bug,Medium,11,No
T001594,C030376,Billing,High,8,Yes
T001595,C013428,Billing,Medium,9,No
T001596,C043046,Bug,High,4,Yes
T001597,C016703,Cancellation,High,3,Yes
T001598,C013784,Cancellation,Medium,5,Yes
T001599,C028516,Login,High,7,No
T001600,C032614,Bug,Low,10,Yes
T001601,C036871,Cancellation,High,10,Yes
T001602,C031283,Billing,Medium,15,No
T001603,C033130,Cancellation,Medium,7,No
T001604,C040583,Cancellation,Medium,3,Yes
T001605,C035937,Billing,High,12,Yes
T001606,C018375,Feature,High,0,Yes
T001607,C049454,Cancellation,Low,3,Yes
T001608,C012535,Bug,Medium,15,Yes
T001609,C010524,Cancellation,Medium,12,No
T001610,C000066,Login,Low,0,No
T001611,C030295,Billing,High,8,No
T001612,C012312,Bug,High,13,No
T001613,C042400,Billing,High,11,No
T001614,C044027,Feature,Low,1,Yes
T001615,C017682,Bug,Low,10,Yes
T001616,C040921,Feature,Low,12,No
T001617,C004460,Cancellation,Low,0,Yes
T001618,C025707,Billing,High,12,No
T001619,C018025,Login,Low,1,No
T001620,C009222,Cancellation,High,13,No
T001621,C027407,Billing,Low,15,Yes
T001622,C010234,Bug,High,6,No
T001623,C038691,Bug,Low,3,Yes
T001624,C014364,Bug,Medium,9,Yes
T001625,C029217,Billing,High,7,Yes
T001626,C028786,Billing,High,2,No
T001627,C007305,Feature,Low,3,No
T001628,C003842,Feature,High,12,Yes
T001629,C026865,Bug,Medium,1,Yes
T001630,C019832,Login,High,0,No
T001631,C012726,Login,Medium,10,Yes
T001632,C027713,Bug,Low,4,Yes
T001633,C042187,Feature,High,10,Yes
T001634,C024335,Login,High,15,No
T001635,C047010,Feature,Low,7,No
T001636,C042627,Billing,Low,3,Yes
T001637,C000873,Cancellation,Low,11,No
T001638,C036527,Feature,High,11,No
T001639,C026141,Feature,High,7,No
T001640,C008574,Billing,Medium,8,No
T001641,C026847,Cancellation,Low,15,Yes
T001642,C003773,Feature,High,3,Yes
T001643,C013736,Cancellation,High,7,Yes
T001644,C012549,Bug,Low,7,Yes
T001645,C026579,Billing,High,14,No
T001646,C001982,Login,Medium,4,No
T001647,C021409,Bug,Medium,2,Yes
T001648,C019985,Cancellation,Low,5,Yes
T001649,C001870,Billing,Medium,15,Yes
T001650,C007806,Login,Medium,15,No
T001651,C012007,Billing,Low,10,No
T001652,C031315,Cancellation,Medium,12,No
T001653,C024338,Feature,Low,15,Yes
T001654,C043789,Billing,Medium,15,Yes
T001655,C015305,Login,High,3,No
T001656,C010885,Billing,Medium,15,No
T001657,C035432,Login,High,8,No
T001658,C040861,Bug,Low,5,Yes
T001659,C010773,Login,Low,3,Yes
T001660,C036474,Bug,High,15,No
T001661,C020859,Feature,Low,11,Yes
T001662,C045794,Bug,Low,5,Yes
T001663,C003705,Billing,Medium,12,No
T001664,C018782,Bug,High,5,Yes
T001665,C007091,Billing,Low,15,Yes
T001666,C014759,Cancellation,Medium,10,No
T001667,C035924,Billing,Medium,14,Yes
T001668,C026705,Billing,Low,15,No
T001669,C044558,Bug,High,13,Yes
T001670,C037440,Bug,Medium,5,Yes
T001671,C045958,Feature,Medium,7,No
T001672,C040234,Login,Medium,11,Yes
T001673,C023870,Bug,Low,4,No
T001674,C038698,Feature,Medium,10,No
T001675,C039927,Feature,Medium,9,Yes
T001676,C022093,Billing,Medium,3,Yes
T001677,C044198,Billing,Medium,3,No
T001678,C005260,Login,Medium,7,Yes
T001679,C043459,Login,Medium,3,Yes
T001680,C021259,Bug,Low,4,Yes
T001681,C005423,Bug,Low,13,Yes
T001682,C038313,Cancellation,Low,13,No
T001683,C032627,Login,Low,7,Yes
T001684,C010873,Login,Low,5,Yes
T001685,C015379,Login,Low,6,Yes
T001686,C019111,Feature,Low,5,No
T001687,C039483,Cancellation,Medium,10,No
T001688,C018020,Login,High,6,No
T001689,C007214,Billing,Medium,10,No
T001690,C034927,Feature,Medium,6,Yes
T001691,C035864,Bug,High,8,Yes
T001692,C038715,Bug,Medium,3,No
T001693,C026658,Login,Low,8,No
T001694,C034140,Bug,Low,6,No
T001695,C019469,Feature,Medium,14,Yes
T001696,C006506,Login,High,8,No
T001697,C028999,Feature,Medium,1,No
T001698,C035351,Bug,High,12,No
T001699,C011827,Bug,High,3,Yes
T001700,C027819,Login,Medium,11,No
T001701,C022728,Login,High,3,Yes
T001702,C032923,Feature,Low,9,Yes
T001703,C032490,Billing,Medium,2,Yes
T001704,C008684,Bug,Low,4,No
T001705,C044655,Feature,Medium,14,No
T001706,C049374,Login,Medium,9,Yes
T001707,C039559,Billing,Low,15,No
T001708,C028600,Feature,Low,15,No
T001709,C020715,Login,Medium,15,No
T001710,C044638,Bug,Low,1,No
T001711,C048951,Cancellation,High,0,No
T001712,C037553,Login,Low,10,No
T001713,C024285,Bug,Low,8,Yes
T001714,C043383,Bug,Low,15,No
T001715,C014774,Login,High,1,No
T001716,C028369,Login,High,0,Yes
T001717,C007027,Feature,High,7,No
T001718,C020709,Login,Medium,15,No
T001719,C000644,Bug,Low,2,No
T001720,C003790,Billing,Low,4,Yes
T001721,C011903,Login,Medium,3,Yes
T001722,C001578,Feature,Low,8,Yes
T001723,C045423,Feature,Low,14,Yes
T001724,C012597,Billing,Low,12,No
T001725,C018811,Bug,Low,12,Yes
T001726,C036598,Feature,Medium,8,Yes
T001727,C004117,Login,High,7,Yes
T001728,C019205,Bug,Medium,10,No
T001729,C036403,Bug,High,4,Yes
T001730,C009374,Cancellation,Low,6,Yes
T001731,C001623,Bug,Medium,15,Yes
T001732,C042070,Login,Low,8,No
T001733,C003585,Feature,Low,10,No
T001734,C005959,Bug,Medium,0,No
T001735,C025124,Cancellation,Medium,3,No
T001736,C003139,Billing,High,0,Yes
T001737,C047367,Feature,Low,9,Yes
T001738,C007564,Bug,Low,6,Yes
T001739,C048326,Login,Medium,11,No
T001740,C001161,Cancellation,High,11,Yes
T001741,C002192,Feature,High,6,Yes
T001742,C040721,Cancellation,Low,10,Yes
T001743,C033791,Bug,Low,3,No
T001744,C008984,Feature,Low,1,No
T001745,C036036,Billing,Medium,5,Yes
T001746,C035689,Cancellation,Medium,5,No
T001747,C022515,Cancellation,High,6,No
T001748,C019373,Billing,Low,13,No
T001749,C012031,Login,Low,9,Yes
T001750,C015373,Login,High,0,No
T001751,C020725,Cancellation,High,15,Yes
T001752,C049905,Bug,Low,0,Yes
T001753,C042372,Billing,Medium,2,No
T001754,C023254,Feature,High,6,Yes
T001755,C010123,Cancellation,High,4,No
T001756,C014816,Bug,Low,13,No
T001757,C010418,Bug,Low,13,No
T001758,C022222,Cancellation,Medium,10,No
T001759,C042410,Billing,Low,4,No
T001760,C032589,Login,High,8,Yes
T001761,C043763,Billing,High,15,Yes
T001762,C012191,Login,Low,6,No
T001763,C045846,Feature,Low,0,Yes
T001764,C023337,Cancellation,High,0,Yes
T001765,C042284,Feature,Medium,15,No
T001766,C001026,Billing,High,1,No
T001767,C041565,Cancellation,Medium,3,Yes
T001768,C018238,Login,High,4,Yes
T001769,C021540,Billing,High,14,Yes
T001770,C034683,Cancellation,High,11,Yes
T001771,C044405,Login,Low,15,No
T001772,C035120,Feature,High,13,No
T001773,C032715,Billing,Medium,15,Yes
T001774,C001265,Billing,Medium,1,Yes
T001775,C006698,Bug,High,5,Yes
T001776,C015991,Cancellation,Low,12,Yes
T001777,C008363,Billing,High,4,Yes
T001778,C003767,Cancellation,High,14,Yes
T001779,C027380,Login,Medium,3,Yes
T001780,C024429,Cancellation,Low,6,No
T001781,C032189,Login,Low,12,No
T001782,C013088,Cancellation,Low,10,No
T001783,C008535,Billing,High,13,Yes
T001784,C015946,Feature,Low,14,No
T001785,C015385,Feature,Medium,8,Yes
T001786,C031244,Billing,High,5,Yes
T001787,C044400,Bug,Medium,15,Yes
T001788,C046078,Cancellation,Low,14,Yes
T001789,C028353,Billing,Medium,4,Yes
T001790,C004303,Billing,Medium,4,No
T001791,C043179,Cancellation,Medium,14,No
T001792,C032517,Feature,Medium,2,Yes
T001793,C023481,Bug,High,10,No
T001794,C042418,Billing,High,4,No
T001795,C038886,Cancellation,Low,8,Yes
T001796,C005791,Bug,Medium,1,Yes
T001797,C033049,Login,Low,1,No
T001798,C049719,Bug,Low,9,No
T001799,C018950,Feature,Medium,14,No
T001800,C017709,Billing,Medium,2,No
T001801,C039751,Bug,Low,1,No
T001802,C046483,Login,Medium,2,No
T001803,C045959,Billing,High,4,Yes
T001804,C001660,Billing,Low,14,Yes
T001805,C002374,Billing,Medium,4,Yes
T001806,C029926,Cancellation,High,12,No
T001807,C006345,Bug,Low,5,Yes
T001808,C039144,Bug,Low,12,Yes
T001809,C020851,Login,High,0,Yes
T001810,C015326,Billing,Medium,2,Yes
T001811,C045989,Bug,High,13,No
T001812,C022504,Login,High,7,No
T001813,C021189,Login,Low,6,No
T001814,C010860,Feature,Medium,0,No
T001815,C040575,Bug,High,10,No
T001816,C044605,Login,Medium,2,Yes
T001817,C022192,Login,High,4,No
T001818,C043624,Billing,Low,8,No
T001819,C009729,Login,High,4,Yes
T001820,C017711,Cancellation,Low,7,Yes
T001821,C029208,Feature,Medium,4,Yes
T001822,C033608,Feature,Low,14,No
T001823,C017397,Cancellation,High,8,Yes
T001824,C039286,Login,High,10,Yes
T001825,C006637,Cancellation,Medium,13,No
T001826,C012865,Bug,Low,2,No
T001827,C028091,Billing,Low,2,Yes
T001828,C044460,Feature,Low,3,Yes
T001829,C013707,Bug,Medium,10,Yes
T001830,C036702,Cancellation,High,2,Yes
T001831,C033728,Billing,Medium,2,Yes
T001832,C014103,Feature,Medium,5,No
T001833,C044704,Login,Medium,6,No
T001834,C016395,Bug,Medium,2,Yes
T001835,C037058,Login,Medium,2,No
T001836,C039675,Cancellation,High,4,No
T001837,C048832,Bug,High,13,No
T001838,C006654,Feature,Low,15,No
T001839,C019619,Bug,High,11,No
T001840,C008766,Cancellation,High,15,No
T001841,C020009,Billing,High,6,Yes
T001842,C020773,Cancellation,Low,2,No
T001843,C024331,Billing,Low,7,No
T001844,C009394,Billing,Medium,7,Yes
T001845,C008044,Billing,Low,9,Yes
T001846,C009102,Billing,Medium,11,Yes
T001847,C045248,Billing,Low,12,Yes
T001848,C040957,Bug,Medium,0,No
T001849,C002894,Bug,High,3,No
T001850,C035751,Login,High,15,No
T001851,C024823,Feature,Medium,3,No
T001852,C019382,Login,Low,12,Yes
T001853,C032930,Cancellation,High,15,No
T001854,C011785,Cancellation,Medium,14,Yes
T001855,C028446,Feature,High,12,Yes
T001856,C017308,Login,High,12,Yes
T001857,C019516,Feature,High,5,Yes
T001858,C025020,Cancellation,Low,10,Yes
T001859,C049075,Bug,High,7,Yes
T001860,C028322,Cancellation,High,2,Yes
T001861,C045687,Bug,High,2,Yes
T001862,C018015,Billing,Medium,6,Yes
T001863,C023084,Feature,Medium,3,Yes
T001864,C005993,Billing,Medium,11,No
T001865,C007749,Billing,Medium,12,Yes
T001866,C049824,Feature,Low,5,Yes
T001867,C022285,Login,High,3,Yes
T001868,C023304,Billing,Medium,15,No
T001869,C011859,Bug,Medium,3,Yes
T001870,C036253,Bug,Medium,11,Yes
T001871,C003560,Bug,Medium,7,No
T001872,C030432,Billing,Low,1,Yes
T001873,C023529,Login,Low,3,Yes
T001874,C016555,Login,High,9,Yes
T001875,C017323,Billing,Low,1,Yes
T001876,C026227,Feature,Medium,1,No
T001877,C001489,Login,Low,10,No
T001878,C011149,Cancellation,High,14,No
T001879,C028855,Feature,Low,12,No
T001880,C000130,Cancellation,Medium,13,No
T001881,C011230,Bug,Low,11,No
T001882,C027342,Cancellation,Low,14,Yes
T001883,C005059,Bug,Low,13,No
T001884,C030439,Bug,Low,15,No
T001885,C022782,Bug,High,5,No
T001886,C003131,Login,Low,5,No
T001887,C020940,Login,High,2,Yes
T001888,C046041,Login,Medium,13,Yes
T001889,C031593,Feature,Medium,10,Yes
T001890,C028458,Bug,High,0,Yes
T001891,C007952,Billing,Medium,5,No
T001892,C010118,Feature,High,3,No
T001893,C049249,Feature,High,1,Yes
T001894,C018484,Feature,High,9,No
T001895,C021629,Bug,High,14,Yes
T001896,C049581,Feature,High,15,Yes
T001897,C017680,Login,Medium,9,Yes
T001898,C016193,Login,High,1,No
T001899,C049270,Billing,High,10,Yes
T001900,C019719,Feature,Low,2,No
T001901,C018650,Billing,Low,12,No
T001902,C032163,Cancellation,Medium,9,No
T001903,C045799,Bug,Low,1,No
T001904,C028554,Bug,Low,1,No
T001905,C030580,Billing,Low,15,Yes
T001906,C005462,Billing,Medium,9,No
T001907,C020241,Billing,High,9,Yes
T001908,C000280,Cancellation,High,5,No
T001909,C031475,Feature,High,0,No
T001910,C037975,Bug,High,15,Yes
T001911,C023367,Bug,Medium,15,No
T001912,C034352,Bug,Medium,13,Yes
T001913,C046214,Bug,Medium,15,Yes
T001914,C001102,Cancellation,Medium,4,No
T001915,C012969,Billing,Low,0,No
T001916,C029318,Feature,Medium,8,No
T001917,C016378,Bug,Medium,1,No
T001918,C003677,Feature,High,8,No
T001919,C032614,Cancellation,Medium,3,No
T001920,C010892,Login,High,6,Yes
T001921,C021130,Login,Medium,5,No
T001922,C000909,Login,Medium,12,Yes
T001923,C023578,Cancellation,Low,1,No
T001924,C007163,Bug,Low,7,No
T001925,C038330,Bug,High,2,No
T001926,C023718,Feature,High,8,No
T001927,C009252,Cancellation,Medium,13,Yes
T001928,C010790,Login,Low,1,No
T001929,C014867,Bug,Medium,3,No
T001930,C008582,Cancellation,Low,1,No
T001931,C010463,Billing,High,13,No
T001932,C001808,Billing,High,11,Yes
T001933,C040055,Login,Low,12,No
T001934,C034996,Login,Medium,6,No
T001935,C011263,Login,Low,6,Yes
T001936,C022086,Billing,High,5,No
T001937,C048292,Feature,High,9,Yes
T001938,C002431,Login,Low,3,No
T001939,C046104,Cancellation,High,12,No
T001940,C046685,Feature,High,0,Yes
T001941,C015903,Login,Medium,5,Yes
T001942,C049451,Billing,High,9,Yes
T001943,C023475,Login,Low,10,No
T001944,C020102,Cancellation,Low,7,Yes
T001945,C002113,Bug,Low,7,No
T001946,C032984,Bug,High,5,No
T001947,C023812,Cancellation,Low,9,Yes
T001948,C010211,Billing,Low,11,Yes
T001949,C041298,Bug,Medium,0,Yes
T001950,C042491,Cancellation,Low,2,No
T001951,C039328,Bug,High,0,No
T001952,C008036,Login,Low,15,No
T001953,C028718,Feature,Low,3,No
T001954,C049204,Feature,Medium,3,No
T001955,C008371,Feature,High,5,No
T001956,C032952,Bug,Medium,15,No
T001957,C008249,Billing,Medium,11,Yes
T001958,C043502,Bug,Medium,5,Yes
T001959,C000083,Bug,High,6,Yes
T001960,C049219,Login,Medium,9,Yes
T001961,C039630,Feature,High,14,No
T001962,C022557,Cancellation,Low,5,Yes
T001963,C003256,Bug,Medium,10,No
T001964,C004478,Feature,Medium,10,Yes
T001965,C031069,Feature,Medium,3,No
T001966,C024858,Login,Medium,14,No
T001967,C004070,Bug,Medium,15,No
T001968,C037231,Bug,High,15,No
T001969,C042242,Billing,Low,6,Yes
T001970,C044796,Feature,High,1,No
T001971,C017807,Bug,Medium,8,No
T001972,C043393,Feature,Low,6,Yes
T001973,C025481,Feature,Medium,0,Yes
T001974,C045201,Billing,High,2,No
T001975,C045345,Billing,Low,8,No
T001976,C049897,Bug,Low,7,No
T001977,C046730,Bug,High,14,Yes
T001978,C025541,Bug,Low,11,Yes
T001979,C030958,Bug,High,8,No
T001980,C006542,Feature,Medium,3,Yes
T001981,C017333,Cancellation,Medium,15,Yes
T001982,C028885,Bug,High,14,No
T001983,C014412,Feature,High,10,Yes
T001984,C036828,Login,Medium,3,Yes
T001985,C001819,Bug,Medium,4,Yes
T001986,C011449,Billing,High,15,No
T001987,C005489,Feature,Medium,1,No
T001988,C042421,Cancellation,High,8,Yes
T001989,C012321,Cancellation,Low,5,No
T001990,C045831,Billing,Medium,15,No
T001991,C000957,Bug,Medium,1,Yes
T001992,C024644,Login,High,5,Yes
T001993,C041957,Billing,Medium,4,Yes
T001994,C009065,Login,Low,5,Yes
T001995,C010481,Bug,Medium,15,Yes
T001996,C041908,Feature,Medium,4,Yes
T001997,C044080,Feature,Medium,15,Yes
T001998,C016310,Cancellation,Medium,4,Yes
T001999,C030527,Feature,Low,6,No
T002000,C016899,Cancellation,Low,6,No
T002001,C014690,Bug,Low,3,No
T002002,C027029,Feature,Medium,14,No
T002003,C021544,Cancellation,High,0,Yes
T002004,C046750,Cancellation,High,3,Yes
T002005,C012477,Cancellation,High,14,No
T002006,C006937,Login,High,4,No
T002007,C004596,Login,High,0,Yes
T002008,C004118,Login,Medium,11,No
T002009,C034646,Bug,Medium,11,Yes
T002010,C038227,Login,High,9,Yes
T002011,C049268,Feature,Low,9,Yes
T002012,C009179,Billing,Medium,4,Yes
T002013,C017532,Bug,High,14,No
T002014,C021221,Billing,Medium,6,No
T002015,C030263,Login,High,15,Yes
T002016,C005677,Login,High,8,Yes
T002017,C029036,Bug,Low,10,No
T002018,C021666,Billing,High,8,No
T002019,C008071,Cancellation,Low,5,Yes
T002020,C036645,Feature,Medium,11,No
T002021,C029154,Bug,Medium,14,No
T002022,C006869,Login,Low,13,Yes
T002023,C028928,Billing,High,5,No
T002024,C022336,Login,Medium,14,No
T002025,C011016,Feature,Low,11,No
T002026,C047145,Cancellation,Low,11,Yes
T002027,C012990,Billing,High,9,Yes
T002028,C013879,Login,Medium,9,No
T002029,C048867,Bug,Medium,14,Yes
T002030,C046145,Cancellation,High,9,Yes
T002031,C036793,Feature,High,11,Yes
T002032,C001789,Feature,Low,4,No
T002033,C045429,Feature,High,6,No
T002034,C013302,Bug,Medium,4,No
T002035,C013299,Cancellation,Low,14,Yes
T002036,C042860,Cancellation,High,6,No
T002037,C021185,Billing,Low,4,No
T002038,C003285,Cancellation,Low,2,No
T002039,C032872,Feature,Medium,8,Yes
T002040,C042872,Cancellation,Medium,15,No
T002041,C022981,Feature,High,10,No
T002042,C004013,Bug,High,11,No
T002043,C009565,Cancellation,Low,10,No
T002044,C008862,Bug,Low,9,Yes
T002045,C022647,Feature,High,11,Yes
T002046,C018019,Feature,Low,15,No
T002047,C002078,Bug,High,2,Yes
T002048,C032609,Billing,Low,5,No
T002049,C043365,Cancellation,High,8,No
T002050,C045648,Feature,High,15,Yes
T002051,C016031,Login,High,4,No
T002052,C011171,Cancellation,High,0,No
T002053,C019574,Login,Medium,1,Yes
T002054,C011974,Billing,High,8,No
T002055,C034044,Bug,Medium,15,No
T002056,C048215,Feature,Medium,14,Yes
T002057,C039091,Bug,High,9,No
T002058,C041886,Feature,High,11,Yes
T002059,C016340,Bug,Medium,3,Yes
T002060,C012860,Login,Low,6,Yes
T002061,C013858,Login,Medium,7,No
T002062,C047284,Login,Medium,8,Yes
T002063,C010961,Feature,Low,15,No
T002064,C020638,Billing,Medium,8,No
T002065,C000579,Login,Low,9,Yes
T002066,C017590,Cancellation,Medium,2,Yes
T002067,C019554,Feature,Low,1,No
T002068,C016370,Cancellation,Medium,9,No
T002069,C031326,Login,Medium,9,Yes
T002070,C044211,Login,High,11,No
T002071,C044840,Login,Medium,9,No
T002072,C006283,Bug,Low,9,No
T002073,C023011,Cancellation,Low,6,Yes
T002074,C016838,Billing,Low,5,No
T002075,C019875,Feature,Low,3,Yes
T002076,C007789,Bug,High,8,Yes
T002077,C045444,Login,High,9,No
T002078,C006973,Billing,Medium,14,No
T002079,C023465,Bug,High,12,No
T002080,C031242,Billing,High,13,Yes
T002081,C014964,Bug,High,7,Yes
T002082,C000136,Feature,Medium,13,Yes
T002083,C006695,Billing,High,11,No
T002084,C036870,Billing,Medium,8,No
T002085,C026281,Bug,High,13,Yes
T002086,C029322,Cancellation,High,14,Yes
T002087,C000022,Billing,Medium,3,Yes
T002088,C031581,Cancellation,Medium,3,No
T002089,C046529,Bug,Medium,7,No
T002090,C046635,Feature,Low,1,Yes
T002091,C019109,Billing,Low,2,Yes
T002092,C040454,Cancellation,High,1,Yes
T002093,C001838,Billing,Medium,6,Yes
T002094,C030966,Billing,Low,8,No
T002095,C008077,Feature,Medium,11,Yes
T002096,C031795,Billing,Medium,10,No
T002097,C039647,Login,Low,1,Yes
T002098,C039981,Feature,Medium,10,No
T002099,C045648,Feature,Medium,13,Yes
T002100,C046485,Cancellation,Medium,5,Yes
T002101,C015742,Bug,High,14,Yes
T002102,C014220,Login,Low,4,No
T002103,C031061,Billing,Medium,10,No
T002104,C031910,Bug,High,11,No
T002105,C033360,Billing,Low,13,No
T002106,C002482,Feature,High,5,Yes
T002107,C040532,Feature,High,13,No
T002108,C021854,Billing,High,3,No
T002109,C040897,Login,Low,5,No
T002110,C001420,Cancellation,High,10,No
T002111,C030463,Feature,Medium,2,Yes
T002112,C030657,Billing,Medium,14,No
T002113,C002082,Login,High,2,No
T002114,C033136,Billing,Low,6,No
T002115,C036694,Feature,High,10,No
T002116,C003946,Cancellation,High,5,No
T002117,C006589,Bug,Medium,4,No
T002118,C016634,Feature,Medium,11,No
T002119,C027768,Cancellation,Medium,0,No
T002120,C020589,Login,High,7,No
T002121,C007702,Cancellation,Low,1,Yes
T002122,C000515,Feature,Low,11,No
T002123,C037287,Login,High,8,Yes
T002124,C031929,Bug,High,8,No
T002125,C022052,Login,Medium,1,No
T002126,C017336,Login,High,7,No
T002127,C035915,Bug,Medium,4,Yes
T002128,C005237,Cancellation,High,9,Yes
T002129,C018042,Cancellation,Low,13,No
T002130,C001263,Feature,Low,15,Yes
T002131,C046640,Billing,High,2,Yes
T002132,C027191,Login,Medium,11,No
T002133,C018059,Feature,Medium,2,No
T002134,C027980,Feature,High,3,No
T002135,C045499,Login,Medium,2,No
T002136,C026357,Feature,High,6,No
T002137,C040752,Billing,Low,1,Yes
T002138,C025950,Billing,High,13,Yes
T002139,C013159,Bug,High,1,Yes
T002140,C034812,Bug,High,3,Yes
T002141,C026666,Feature,High,14,No
T002142,C025296,Cancellation,High,6,No
T002143,C024700,Cancellation,Medium,0,Yes
T002144,C012073,Bug,High,1,Yes
T002145,C040920,Login,Medium,4,Yes
T002146,C027613,Login,Medium,11,No
T002147,C006940,Billing,High,12,No
T002148,C014607,Cancellation,Medium,1,No
T002149,C019965,Cancellation,Low,2,No
T002150,C022018,Bug,High,3,No
T002151,C036719,Login,Medium,14,No
T002152,C041873,Cancellation,Medium,3,No
T002153,C000002,Bug,Medium,10,No
T002154,C027908,Feature,High,12,No
T002155,C039716,Cancellation,Medium,13,No
T002156,C015050,Cancellation,Low,4,Yes
T002157,C039051,Cancellation,Medium,7,No
T002158,C008466,Billing,Low,6,Yes
T002159,C047558,Bug,Medium,0,Yes
T002160,C021440,Billing,Low,1,No
T002161,C028726,Billing,Low,1,Yes
T002162,C049162,Billing,High,5,No
T002163,C032351,Login,High,12,No
T002164,C028239,Login,Low,3,No
T002165,C032620,Login,Low,9,Yes
T002166,C019009,Feature,Medium,9,Yes
T002167,C038338,Cancellation,High,5,Yes
T002168,C017878,Billing,Low,7,Yes
T002169,C028995,Login,High,2,No
T002170,C037847,Cancellation,Medium,1,Yes
T002171,C011193,Cancellation,Low,3,No
T002172,C032082,Feature,High,9,No
T002173,C046748,Login,Low,8,Yes
T002174,C024627,Bug,High,5,No
T002175,C028664,Bug,High,1,Yes
T002176,C047755,Login,Medium,10,Yes
T002177,C022470,Billing,Low,2,Yes
T002178,C003840,Bug,Low,7,No
T002179,C038847,Bug,Low,14,No
T002180,C025192,Login,Low,2,Yes
T002181,C009519,Feature,Medium,6,No
T002182,C036862,Cancellation,Medium,15,Yes
T002183,C045870,Bug,Low,0,Yes
T002184,C036609,Cancellation,Low,6,Yes
T002185,C020772,Login,Medium,14,No
T002186,C049151,Billing,High,14,Yes
T002187,C049380,Billing,High,14,No
T002188,C000267,Login,High,14,No
T002189,C046363,Cancellation,High,12,Yes
T002190,C032327,Login,Low,10,No
T002191,C020706,Billing,Low,14,Yes
T002192,C046437,Bug,High,12,Yes
T002193,C025197,Billing,Medium,4,Yes
T002194,C019509,Login,High,6,No
T002195,C012813,Cancellation,Medium,2,No
T002196,C028089,Login,Low,9,Yes
T002197,C040464,Feature,Medium,3,No
T002198,C005801,Feature,Low,11,Yes
T002199,C039231,Bug,High,9,No
T002200,C015381,Cancellation,Medium,12,No
T002201,C014249,Billing,Medium,3,Yes
T002202,C019494,Bug,Medium,13,No
T002203,C006034,Bug,Medium,8,Yes
T002204,C003012,Bug,High,1,No
T002205,C003711,Billing,High,15,No
T002206,C018114,Cancellation,Medium,10,Yes
T002207,C035828,Feature,Low,9,No
T002208,C007701,Cancellation,Low,15,No
T002209,C013419,Billing,Medium,1,Yes
T002210,C029987,Bug,High,7,Yes
T002211,C015913,Feature,Medium,8,Yes
T002212,C018839,Billing,Medium,10,No
T002213,C012481,Bug,Medium,2,Yes
T002214,C015517,Billing,Medium,10,No
T002215,C047279,Login,High,13,Yes
T002216,C032994,Login,High,12,Yes
T002217,C044913,Cancellation,Medium,15,Yes
T002218,C011307,Bug,High,12,No
T002219,C024717,Cancellation,Low,11,Yes
T002220,C000341,Billing,Low,4,No
T002221,C028294,Feature,Low,2,No
T002222,C021848,Login,High,2,Yes
T002223,C001087,Login,Medium,9,Yes
T002224,C028082,Login,Medium,3,Yes
T002225,C032569,Cancellation,High,15,Yes
T002226,C012386,Login,Medium,15,No
T002227,C038980,Feature,Medium,12,No
T002228,C049045,Cancellation,High,6,No
T002229,C017245,Cancellation,Low,3,No
T002230,C043235,Cancellation,High,13,Yes
T002231,C010639,Feature,Medium,4,No
T002232,C047236,Login,Low,2,No
T002233,C029555,Cancellation,Medium,5,No
T002234,C018326,Bug,Low,15,Yes
T002235,C020422,Billing,Low,5,No
T002236,C003349,Login,Low,11,Yes
T002237,C037000,Cancellation,High,4,No
T002238,C016038,Billing,Low,8,Yes
T002239,C032971,Feature,Low,0,Yes
T002240,C024534,Login,Low,14,No
T002241,C037267,Cancellation,Medium,0,No
T002242,C022121,Cancellation,Low,11,Yes
T002243,C040428,Billing,Medium,9,Yes
T002244,C039744,Billing,High,2,Yes
T002245,C021748,Bug,High,8,Yes
T002246,C045201,Cancellation,High,13,Yes
T002247,C030010,Bug,Medium,5,Yes
T002248,C032074,Billing,Low,5,No
T002249,C048263,Bug,Medium,13,Yes
T002250,C006841,Login,Medium,8,Yes
T002251,C023046,Feature,High,10,Yes
T002252,C030522,Login,Medium,6,No
T002253,C042464,Cancellation,High,8,No
T002254,C008054,Billing,High,15,No
T002255,C026336,Cancellation,High,13,Yes
T002256,C021959,Cancellation,Medium,2,No
T002257,C027521,Billing,Low,6,No
T002258,C023638,Billing,High,0,Yes
T002259,C008563,Cancellation,Medium,7,Yes
T002260,C009825,Cancellation,Low,7,No
T002261,C038399,Bug,High,10,Yes
T002262,C005078,Bug,High,0,No
T002263,C004598,Cancellation,Medium,9,Yes
T002264,C026501,Cancellation,High,6,Yes
T002265,C012058,Login,Medium,11,No
T002266,C009463,Bug,High,7,Yes
T002267,C005153,Bug,Low,3,No
T002268,C002133,Login,Low,11,No
T002269,C014049,Login,Medium,8,Yes
T002270,C025320,Feature,High,14,Yes
T002271,C011006,Cancellation,Low,10,No
T002272,C004992,Cancellation,Low,1,No
T002273,C038862,Bug,High,6,Yes
T002274,C025017,Login,High,2,Yes
T002275,C040706,Bug,High,2,Yes
T002276,C004149,Login,Low,5,Yes
T002277,C041738,Bug,High,0,No
T002278,C021216,Cancellation,High,10,No
T002279,C041236,Cancellation,Low,3,No
T002280,C005772,Bug,High,9,Yes
T002281,C007355,Cancellation,High,13,Yes
T002282,C018157,Login,High,6,Yes
T002283,C041089,Billing,High,5,No
T002284,C030764,Bug,Medium,15,Yes
T002285,C001023,Billing,High,4,No
T002286,C048013,Feature,Medium,10,No
T002287,C044256,Bug,High,14,Yes
T002288,C045156,Cancellation,Low,4,Yes
T002289,C049862,Feature,Low,1,No
T002290,C003854,Bug,Medium,1,No
T002291,C025500,Login,Medium,9,No
T002292,C012845,Cancellation,Low,4,No
T002293,C033221,Login,Medium,13,No
T002294,C022548,Feature,Medium,0,No
T002295,C026398,Cancellation,Low,6,No
T002296,C025935,Feature,Low,6,Yes
T002297,C033175,Login,High,1,Yes
T002298,C042919,Cancellation,High,6,Yes
T002299,C028133,Cancellation,Medium,8,No
T002300,C014277,Feature,Low,9,No
T002301,C000024,Cancellation,Low,11,Yes
T002302,C000289,Feature,Low,0,No
T002303,C000460,Cancellation,Low,0,No
T002304,C017123,Billing,High,14,Yes
T002305,C004965,Bug,Medium,14,No
T002306,C009487,Billing,Medium,4,Yes
T002307,C031916,Login,Medium,15,Yes
T002308,C030661,Cancellation,Medium,8,No
T002309,C042262,Cancellation,Medium,2,Yes
T002310,C002530,Feature,Low,15,Yes
T002311,C009617,Bug,Medium,12,Yes
T002312,C025333,Login,Medium,6,Yes
T002313,C039514,Login,Low,13,No
T002314,C023607,Billing,High,13,Yes
T002315,C046135,Cancellation,Medium,13,No
T002316,C043628,Feature,High,7,No
T002317,C025534,Login,High,3,Yes
T002318,C012327,Feature,Medium,7,No
T002319,C046912,Cancellation,Medium,6,No
T002320,C035840,Billing,High,12,Yes
T002321,C013477,Bug,Low,13,No
T002322,C004242,Cancellation,Low,6,Yes
T002323,C044228,Login,Medium,6,No
T002324,C034375,Billing,High,10,No
T002325,C039075,Bug,High,9,Yes
T002326,C034759,Billing,Low,15,Yes
T002327,C032305,Cancellation,High,15,Yes
T002328,C009942,Billing,Medium,3,No
T002329,C013670,Cancellation,Low,6,Yes
T002330,C016153,Cancellation,Medium,3,No
T002331,C029280,Billing,High,4,Yes
T002332,C039491,Feature,Low,4,No
T002333,C037105,Feature,Medium,8,Yes
T002334,C010200,Login,Low,15,No
T002335,C008783,Login,High,9,Yes
T002336,C027564,Login,High,8,No
T002337,C035167,Cancellation,Low,3,Yes
T002338,C005208,Bug,High,0,No
T002339,C005426,Bug,Low,9,No
T002340,C032150,Bug,Low,2,No
T002341,C022885,Feature,Low,15,Yes
T002342,C033736,Login,High,9,No
T002343,C001002,Bug,Low,10,Yes
T002344,C047376,Login,High,2,Yes
T002345,C044338,Bug,High,9,Yes
T002346,C026974,Bug,Medium,12,No
T002347,C045633,Login,High,13,Yes
T002348,C035443,Login,Low,2,No
T002349,C028479,Cancellation,High,1,Yes
T002350,C002198,Feature,High,7,No
T002351,C019046,Billing,Medium,7,No
T002352,C030151,Cancellation,Low,2,No
T002353,C005107,Login,Medium,12,Yes
T002354,C041653,Login,Medium,8,No
T002355,C038846,Bug,Medium,15,Yes
T002356,C003251,Bug,High,13,Yes
T002357,C021253,Cancellation,Medium,3,No
T002358,C033050,Billing,High,5,Yes
T002359,C043809,Bug,Low,13,No
T002360,C027492,Cancellation,Medium,0,Yes
T002361,C022307,Feature,High,6,No
T002362,C016238,Login,Low,7,No
T002363,C024868,Bug,High,11,Yes
T002364,C036515,Feature,Medium,14,No
T002365,C034080,Bug,Low,4,No
T002366,C035579,Billing,Low,3,No
T002367,C042845,Billing,Low,3,Yes
T002368,C017108,Feature,Medium,9,Yes
T002369,C000707,Feature,High,8,Yes
T002370,C027700,Billing,High,5,No
T002371,C043948,Login,High,2,No
T002372,C027604,Cancellation,High,15,Yes
T002373,C045507,Login,High,0,Yes
T002374,C001040,Login,Medium,13,Yes
T002375,C003723,Bug,High,11,Yes
T002376,C034659,Login,Low,12,No
T002377,C044822,Feature,Medium,8,Yes
T002378,C017007,Login,Medium,0,No
T002379,C005415,Cancellation,High,7,Yes
T002380,C034609,Cancellation,Low,14,No
T002381,C046455,Bug,Low,12,Yes
T002382,C012039,Billing,Medium,9,No
T002383,C002348,Login,Medium,10,No
T002384,C012352,Cancellation,Low,15,Yes
T002385,C034487,Billing,Low,13,Yes
T002386,C010153,Login,Medium,4,Yes
T002387,C042596,Billing,Medium,13,Yes
T002388,C039699,Login,High,2,No
T002389,C043717,Feature,Medium,9,No
T002390,C041975,Login,High,11,Yes
T002391,C046651,Bug,Low,6,Yes
T002392,C015709,Feature,Low,4,No
T002393,C024687,Bug,Low,1,No
T002394,C049325,Cancellation,High,15,No
T002395,C022907,Cancellation,Low,0,No
T002396,C012999,Billing,Low,6,No
T002397,C046699,Cancellation,Medium,7,Yes
T002398,C000537,Cancellation,High,3,No
T002399,C017973,Login,Low,10,Yes
T002400,C048522,Login,Low,10,Yes
T002401,C040418,Login,Low,10,Yes
T002402,C013119,Login,Medium,4,No
T002403,C012682,Feature,High,11,Yes
T002404,C007602,Cancellation,High,2,Yes
T002405,C047316,Billing,Low,2,Yes
T002406,C009770,Billing,Medium,5,Yes
T002407,C045514,Cancellation,Low,14,Yes
T002408,C036392,Billing,Low,2,No
T002409,C029940,Login,Medium,9,No
T002410,C041550,Billing,Low,5,Yes
T002411,C023900,Cancellation,High,14,No
T002412,C041460,Login,Medium,8,No
T002413,C016818,Billing,High,4,No
T002414,C025188,Bug,Medium,5,No
T002415,C029455,Cancellation,High,7,Yes
T002416,C008726,Login,Low,13,No
T002417,C040574,Feature,Medium,8,No
T002418,C005793,Cancellation,Medium,2,No
T002419,C035541,Cancellation,Medium,7,Yes
T002420,C033292,Billing,Low,9,Yes
T002421,C033222,Billing,High,13,No
T002422,C002197,Cancellation,High,8,Yes
T002423,C044692,Cancellation,High,9,Yes
T002424,C038974,Feature,Low,0,No
T002425,C016047,Billing,High,12,No
T002426,C045080,Login,Low,9,Yes
T002427,C025947,Bug,Medium,8,No
T002428,C010522,Billing,Medium,14,Yes
T002429,C020306,Cancellation,High,11,No
T002430,C034433,Bug,Medium,14,No
T002431,C007604,Feature,Medium,5,Yes
T002432,C017620,Bug,Low,9,Yes
T002433,C003216,Bug,Low,10,No
T002434,C009886,Billing,High,7,No
T002435,C007481,Feature,Low,6,Yes
T002436,C049029,Login,Low,15,No
T002437,C002251,Cancellation,Medium,0,No
T002438,C030641,Feature,Medium,8,Yes
T002439,C005519,Bug,Medium,8,Yes
T002440,C049782,Billing,Low,5,No
T002441,C028967,Billing,High,15,Yes
T002442,C011385,Billing,High,10,No
T002443,C030625,Billing,Medium,9,No
T002444,C000604,Login,Medium,8,Yes
T002445,C043081,Bug,High,6,No
T002446,C010741,Bug,Medium,2,Yes
T002447,C006623,Billing,High,6,No
T002448,C040678,Cancellation,Low,10,Yes
T002449,C002510,Feature,Medium,12,No
T002450,C035721,Bug,High,2,Yes
T002451,C022496,Billing,Medium,13,No
T002452,C036264,Bug,Low,10,No
T002453,C036263,Feature,High,2,Yes
T002454,C007371,Bug,Medium,5,Yes
T002455,C038118,Feature,Low,4,Yes
T002456,C000504,Login,Low,8,Yes
T002457,C046552,Feature,Medium,10,Yes
T002458,C036250,Login,Low,4,Yes
T002459,C029352,Feature,Medium,5,No
T002460,C003387,Billing,Medium,5,Yes
T002461,C008579,Login,High,2,No
T002462,C029188,Feature,Low,9,Yes
T002463,C032684,Bug,High,1,No
T002464,C035476,Bug,Low,6,No
T002465,C003408,Billing,High,6,No
T002466,C032336,Cancellation,High,0,Yes
T002467,C040981,Login,Medium,5,Yes
T002468,C017624,Bug,Medium,4,Yes
T002469,C009119,Cancellation,Medium,3,Yes
T002470,C044709,Feature,High,6,No
T002471,C021502,Bug,High,4,Yes
T002472,C046740,Billing,Low,6,Yes
T002473,C045718,Cancellation,Medium,14,No
T002474,C033701,Bug,Medium,13,No
T002475,C027184,Billing,Low,8,No
T002476,C012729,Billing,High,9,Yes
T002477,C039678,Billing,High,5,Yes
T002478,C026180,Cancellation,High,15,No
T002479,C005983,Feature,Low,15,No
T002480,C007460,Bug,Low,11,No
T002481,C005262,Billing,Medium,10,No
T002482,C029778,Billing,Low,15,No
T002483,C037335,Feature,High,13,Yes
T002484,C008786,Login,Low,6,Yes
T002485,C024102,Login,High,11,No
T002486,C027130,Feature,Medium,6,Yes
T002487,C033930,Bug,Low,12,Yes
T002488,C036029,Feature,High,4,Yes
T002489,C013465,Billing,Low,15,Yes
T002490,C020860,Billing,Medium,11,No
T002491,C022400,Billing,Medium,13,No
T002492,C031039,Feature,Medium,15,Yes
T002493,C019830,Bug,Medium,14,Yes
T002494,C029787,Bug,Medium,15,No
T002495,C042807,Login,High,1,Yes
T002496,C017961,Bug,Medium,2,No
T002497,C040198,Billing,Medium,14,Yes
T002498,C027962,Login,Low,8,Yes
T002499,C020107,Bug,High,13,Yes
T002500,C005582,Login,Low,0,No
T002501,C045706,Login,Low,12,No
T002502,C011254,Login,High,5,No
T002503,C028439,Login,High,3,No
T002504,C001073,Cancellation,High,15,No
T002505,C025734,Feature,High,14,Yes
T002506,C006791,Login,Medium,8,No
T002507,C013427,Bug,Low,1,No
T002508,C032373,Login,High,7,Yes
T002509,C001205,Login,Low,7,Yes
T002510,C039100,Cancellation,High,6,Yes
T002511,C018846,Cancellation,High,6,No
T002512,C020978,Bug,High,15,Yes
T002513,C019975,Bug,High,13,Yes
T002514,C004606,Cancellation,Low,8,Yes
T002515,C030636,Login,Medium,3,No
T002516,C019608,Login,High,9,No
T002517,C041881,Billing,Low,6,No
T002518,C003378,Login,Low,6,Yes
T002519,C009916,Feature,Low,10,No
T002520,C044277,Login,Low,1,Yes
T002521,C042916,Bug,High,7,Yes
T002522,C021556,Billing,Low,7,Yes
T002523,C037801,Bug,High,11,Yes
T002524,C017010,Cancellation,Medium,4,No
T002525,C037743,Bug,Medium,1,No
T002526,C011019,Cancellation,High,4,No
T002527,C006299,Login,Medium,9,Yes
T002528,C039582,Billing,Medium,1,Yes
T002529,C048956,Bug,High,13,No
T002530,C014631,Billing,Medium,7,Yes
T002531,C028695,Feature,Low,3,Yes
T002532,C026904,Billing,Medium,5,Yes
T002533,C001335,Bug,Medium,14,Yes
T002534,C022684,Cancellation,High,10,No
T002535,C013666,Cancellation,Medium,7,No
T002536,C030351,Bug,Medium,15,Yes
T002537,C029931,Cancellation,Low,9,No
T002538,C040375,Cancellation,Low,4,No
T002539,C033946,Login,High,10,No
T002540,C003577,Login,High,6,Yes
T002541,C001874,Login,High,14,No
T002542,C033896,Bug,Low,6,No
T002543,C032154,Feature,High,0,Yes
T002544,C015732,Cancellation,Medium,15,No
T002545,C016412,Feature,Low,12,No
T002546,C004383,Billing,High,8,Yes
T002547,C002832,Feature,Medium,3,No
T002548,C010468,Bug,Medium,1,Yes
T002549,C031681,Feature,Medium,6,Yes
T002550,C022123,Billing,Medium,13,Yes
T002551,C017073,Login,Low,7,No
T002552,C048243,Bug,High,12,No
T002553,C025015,Bug,Low,0,Yes
T002554,C011149,Bug,Low,12,No
T002555,C013429,Cancellation,Low,2,No
T002556,C029530,Feature,Low,14,No
T002557,C008270,Billing,Low,3,Yes
T002558,C012083,Billing,High,13,No
T002559,C026463,Bug,High,5,No
T002560,C024853,Login,Medium,9,No
T002561,C049282,Billing,Low,12,No
T002562,C042549,Bug,Medium,13,No
T002563,C013075,Billing,Medium,11,No
T002564,C024453,Billing,Low,6,No
T002565,C002624,Feature,Medium,8,Yes
T002566,C009556,Cancellation,Low,11,Yes
T002567,C023614,Feature,High,5,No
T002568,C014201,Bug,Medium,13,Yes
T002569,C020257,Billing,Medium,11,Yes
T002570,C040608,Bug,Medium,3,No
T002571,C039559,Login,Medium,15,No
T002572,C002217,Login,Low,7,Yes
T002573,C029196,Login,Medium,14,No
T002574,C026874,Bug,Low,1,No
T002575,C040432,Billing,Medium,10,No
T002576,C025831,Feature,Medium,8,No
T002577,C042876,Login,High,9,Yes
T002578,C002623,Login,Medium,7,Yes
T002579,C007409,Billing,High,0,No
T002580,C026792,Billing,Medium,9,Yes
T002581,C010006,Cancellation,High,0,Yes
T002582,C028304,Billing,High,11,No
T002583,C043315,Billing,High,4,No
T002584,C026527,Bug,Medium,13,Yes
T002585,C026650,Billing,Low,11,Yes
T002586,C036394,Login,High,8,No
T002587,C039098,Bug,High,4,No
T002588,C034130,Login,Medium,15,Yes
T002589,C048793,Feature,High,9,No
T002590,C031021,Feature,High,10,Yes
T002591,C010569,Login,Low,7,Yes
T002592,C046164,Login,High,1,No
T002593,C025732,Bug,Low,15,No
T002594,C020812,Bug,Low,14,No
T002595,C000306,Billing,Low,10,Yes
T002596,C036572,Cancellation,Low,15,Yes
T002597,C036373,Feature,Medium,13,Yes
T002598,C016328,Login,Medium,8,Yes
T002599,C019132,Feature,Low,3,Yes
T002600,C005957,Billing,High,5,Yes
T002601,C021265,Billing,High,11,Yes
T002602,C025275,Billing,High,4,Yes
T002603,C045875,Feature,High,5,Yes
T002604,C028982,Login,High,10,No
T002605,C030803,Login,High,12,No
T002606,C006913,Cancellation,Low,3,Yes
T002607,C034189,Billing,High,8,Yes
T002608,C019883,Cancellation,Medium,6,No
T002609,C017112,Feature,Medium,1,Yes
T002610,C031199,Bug,Low,3,No
T002611,C005694,Billing,High,1,Yes
T002612,C006554,Cancellation,High,14,No
T002613,C001421,Login,Medium,9,Yes
T002614,C008927,Billing,Low,0,No
T002615,C031947,Billing,Medium,9,Yes
T002616,C017134,Bug,High,4,No
T002617,C006957,Cancellation,Low,10,No
T002618,C037024,Feature,High,5,Yes
T002619,C049693,Billing,Medium,12,Yes
T002620,C044343,Login,Medium,10,No
T002621,C001096,Cancellation,High,3,No
T002622,C003131,Billing,High,5,Yes
T002623,C010648,Login,Low,10,No
T002624,C022807,Feature,High,2,No
T002625,C048685,Cancellation,Medium,8,No
T002626,C032228,Feature,High,7,No
T002627,C012095,Billing,Medium,6,Yes
T002628,C044524,Feature,High,14,No
T002629,C032761,Cancellation,High,11,No
T002630,C021730,Billing,Medium,15,Yes
T002631,C004217,Login,Medium,3,No
T002632,C003716,Feature,Medium,1,No
T002633,C037626,Cancellation,Low,9,No
T002634,C001958,Cancellation,Medium,0,Yes
T002635,C018923,Cancellation,High,14,Yes
T002636,C006638,Login,Low,13,Yes
T002637,C028459,Cancellation,High,14,Yes
T002638,C005238,Billing,High,10,Yes
T002639,C004806,Feature,Low,1,No
T002640,C029232,Billing,Medium,7,Yes
T002641,C006528,Billing,Medium,14,No
T002642,C014183,Billing,High,14,Yes
T002643,C002910,Feature,Low,1,Yes
T002644,C016735,Cancellation,Low,10,No
T002645,C035179,Feature,High,5,No
T002646,C043250,Feature,Low,11,Yes
T002647,C018847,Login,High,10,No
T002648,C044008,Feature,High,11,No
T002649,C032073,Bug,Low,7,Yes
T002650,C027361,Login,Medium,8,Yes
T002651,C044224,Billing,High,15,Yes
T002652,C005977,Billing,High,13,Yes
T002653,C013731,Billing,Low,3,Yes
T002654,C048915,Bug,High,5,No
T002655,C008539,Cancellation,Low,12,No
T002656,C006425,Cancellation,Medium,13,No
T002657,C003299,Login,Medium,1,No
T002658,C034767,Login,Medium,6,No
T002659,C006060,Cancellation,High,7,Yes
T002660,C023137,Feature,Medium,12,No
T002661,C043376,Cancellation,Low,14,Yes
T002662,C026006,Login,Medium,3,Yes
T002663,C025627,Login,Medium,11,No
T002664,C021266,Login,Low,3,No
T002665,C023437,Cancellation,Low,14,Yes
T002666,C001422,Feature,Low,1,Yes
T002667,C008472,Feature,High,14,No
T002668,C004416,Feature,Low,7,Yes
T002669,C039359,Billing,Medium,11,Yes
T002670,C005792,Bug,Medium,2,No
T002671,C047091,Billing,High,8,Yes
T002672,C005602,Bug,Low,9,No
T002673,C046206,Login,Medium,6,No
T002674,C028166,Billing,Medium,13,No
T002675,C008460,Feature,Low,8,Yes
T002676,C037476,Login,High,7,Yes
T002677,C005061,Cancellation,Medium,6,Yes
T002678,C008709,Bug,Low,9,No
T002679,C035087,Bug,Low,3,Yes
T002680,C013827,Login,High,1,Yes
T002681,C004027,Bug,Low,15,No
T002682,C019414,Bug,High,4,No
T002683,C032120,Feature,Low,11,Yes
T002684,C016684,Bug,High,13,Yes
T002685,C021630,Bug,Medium,11,Yes
T002686,C015584,Billing,Medium,13,Yes
T002687,C027983,Login,High,9,No
T002688,C041274,Feature,Medium,2,Yes
T002689,C041348,Billing,Medium,5,No
T002690,C029146,Bug,Medium,4,Yes
T002691,C003414,Bug,High,11,No
T002692,C028423,Billing,Medium,11,Yes
T002693,C034843,Login,Medium,13,Yes
T002694,C008630,Login,High,0,Yes
T002695,C016216,Cancellation,High,7,No
T002696,C025657,Cancellation,High,8,No
T002697,C015668,Login,Medium,1,Yes
T002698,C005318,Billing,Medium,8,Yes
T002699,C003482,Cancellation,Medium,8,Yes
T002700,C014327,Cancellation,Low,9,No
T002701,C017730,Login,Low,1,No
T002702,C021029,Billing,High,15,No
T002703,C010141,Feature,High,7,No
T002704,C047840,Login,High,15,No
T002705,C018462,Feature,Medium,8,Yes
T002706,C014393,Billing,Medium,5,No
T002707,C036579,Feature,High,10,No
T002708,C009503,Login,Low,2,Yes
T002709,C003349,Cancellation,Medium,7,Yes
T002710,C032422,Cancellation,High,10,Yes
T002711,C048414,Login,Low,4,Yes
T002712,C036800,Billing,High,3,No
T002713,C026477,Login,High,13,No
T002714,C024645,Bug,Medium,6,Yes
T002715,C046295,Bug,High,10,No
T002716,C046379,Bug,High,15,Yes
T002717,C021292,Login,Low,3,Yes
T002718,C003827,Billing,Medium,7,Yes
T002719,C017611,Login,Low,0,Yes
T002720,C013034,Billing,Medium,6,Yes
T002721,C022683,Feature,Low,11,No
T002722,C037681,Bug,High,9,No
T002723,C040781,Billing,Low,15,Yes
T002724,C018285,Billing,Low,4,Yes
T002725,C044774,Billing,Low,12,No
T002726,C010696,Login,Low,15,Yes
T002727,C016211,Login,Low,0,Yes
T002728,C000954,Billing,Medium,7,Yes
T002729,C007031,Feature,High,6,Yes
T002730,C026110,Login,Medium,7,No
T002731,C045065,Feature,Low,6,No
T002732,C014349,Feature,Medium,4,No
T002733,C030091,Cancellation,Low,0,Yes
T002734,C010038,Billing,High,8,No
T002735,C036960,Feature,High,15,Yes
T002736,C034567,Login,Medium,8,No
T002737,C006982,Billing,Medium,1,Yes
T002738,C018049,Cancellation,Low,11,Yes
T002739,C021536,Feature,High,1,No
T002740,C002079,Billing,Low,4,No
T002741,C001646,Cancellation,Medium,0,Yes
T002742,C030992,Billing,Low,12,No
T002743,C011197,Cancellation,Low,1,Yes
T002744,C021941,Cancellation,Medium,2,Yes
T002745,C007104,Login,Medium,3,Yes
T002746,C016002,Bug,Low,12,Yes
T002747,C003163,Billing,High,13,Yes
T002748,C045127,Cancellation,Medium,6,No
T002749,C048860,Feature,Medium,14,No
T002750,C011119,Login,High,3,No
T002751,C023878,Bug,Medium,8,Yes
T002752,C012648,Cancellation,Low,4,No
T002753,C048447,Login,High,4,Yes
T002754,C045551,Cancellation,High,12,No
T002755,C048688,Bug,Low,13,No
T002756,C042189,Login,Medium,8,No
T002757,C015100,Cancellation,Medium,5,No
T002758,C016187,Login,Medium,7,No
T002759,C015754,Login,Medium,3,Yes
T002760,C032395,Feature,Medium,14,Yes
T002761,C043466,Feature,Low,2,No
T002762,C027965,Bug,High,11,No
T002763,C012282,Feature,Low,0,No
T002764,C002350,Bug,Low,2,Yes
T002765,C042432,Cancellation,Medium,9,No
T002766,C036889,Bug,High,13,Yes
T002767,C024857,Cancellation,High,4,No
T002768,C037294,Login,Medium,7,No
T002769,C002086,Cancellation,High,12,No
T002770,C000365,Billing,High,6,Yes
T002771,C034583,Login,High,12,Yes
T002772,C042768,Feature,Low,6,No
T002773,C015968,Bug,Medium,11,No
T002774,C008576,Cancellation,Medium,4,No
T002775,C013127,Login,High,9,Yes
T002776,C044838,Bug,Low,5,No
T002777,C037634,Feature,High,9,Yes
T002778,C011357,Bug,Medium,1,No
T002779,C030098,Bug,Medium,2,No
T002780,C023719,Feature,Low,9,Yes
T002781,C005436,Login,High,8,No
T002782,C045671,Billing,Medium,15,No
T002783,C011692,Billing,Medium,2,Yes
T002784,C014441,Cancellation,High,15,No
T002785,C047828,Cancellation,Medium,14,No
T002786,C042178,Feature,High,0,Yes
T002787,C032752,Login,Medium,0,No
T002788,C049558,Cancellation,Medium,10,No
T002789,C020296,Cancellation,Medium,14,No
T002790,C008998,Feature,High,8,No
T002791,C011837,Feature,High,9,Yes
T002792,C001216,Bug,Low,0,No
T002793,C025431,Bug,High,12,No
T002794,C025006,Feature,Medium,12,No
T002795,C013895,Cancellation,Medium,1,Yes
T002796,C023059,Billing,Medium,9,Yes
T002797,C016311,Bug,Medium,15,No
T002798,C030627,Feature,High,0,Yes
T002799,C010547,Feature,High,9,No
T002800,C047106,Bug,Medium,15,No
T002801,C000849,Billing,High,13,Yes
T002802,C034695,Bug,Medium,5,No
T002803,C028312,Bug,Medium,6,Yes
T002804,C005895,Cancellation,Low,3,Yes
T002805,C036165,Billing,High,1,No
T002806,C000261,Login,High,6,Yes
T002807,C000166,Cancellation,Low,13,No
T002808,C025246,Bug,Medium,10,No
T002809,C015485,Login,Medium,12,No
T002810,C039743,Bug,Medium,4,Yes
T002811,C012885,Bug,Medium,0,Yes
T002812,C041512,Bug,Medium,13,Yes
T002813,C005493,Login,Medium,0,Yes
T002814,C020135,Feature,Medium,5,Yes
T002815,C028928,Billing,Low,7,No
T002816,C024161,Cancellation,Medium,13,No
T002817,C032712,Login,Low,4,No
T002818,C039466,Login,Low,6,Yes
T002819,C045931,Cancellation,Medium,2,Yes
T002820,C037704,Login,Medium,5,No
T002821,C015599,Cancellation,Medium,7,No
T002822,C029803,Bug,High,7,No
T002823,C027929,Bug,Low,3,No
T002824,C038368,Billing,Low,13,No
T002825,C017482,Feature,Medium,10,Yes
T002826,C021262,Cancellation,Medium,1,Yes
T002827,C044990,Bug,Medium,2,No
T002828,C036889,Billing,Low,15,No
T002829,C019541,Login,Low,0,No
T002830,C010459,Feature,Medium,8,Yes
T002831,C001190,Billing,Low,6,No
T002832,C024760,Feature,Low,7,Yes
T002833,C046757,Feature,High,14,No
T002834,C017704,Feature,Low,11,Yes
T002835,C044487,Billing,Medium,2,No
T002836,C027807,Billing,Medium,0,Yes
T002837,C038743,Login,Low,2,Yes
T002838,C019366,Feature,High,7,Yes
T002839,C026427,Billing,Low,0,No
T002840,C011233,Billing,High,2,Yes
T002841,C018504,Bug,Low,6,Yes
T002842,C039434,Login,High,13,No
T002843,C001978,Cancellation,Low,7,No
T002844,C045250,Billing,Low,8,No
T002845,C040532,Cancellation,High,3,No
T002846,C019792,Login,Medium,0,Yes
T002847,C020483,Billing,Medium,4,Yes
T002848,C046569,Bug,Medium,3,Yes
T002849,C005891,Cancellation,High,12,Yes
T002850,C002046,Billing,Low,6,Yes
T002851,C043118,Feature,Low,5,No
T002852,C024327,Feature,Medium,15,Yes
T002853,C012881,Feature,Medium,4,Yes
T002854,C003919,Bug,Low,3,Yes
T002855,C047391,Billing,High,13,No
T002856,C019198,Login,High,14,No
T002857,C038723,Login,High,13,Yes
T002858,C017777,Cancellation,Medium,10,No
T002859,C025948,Bug,Low,1,Yes
T002860,C008799,Login,Medium,0,Yes
T002861,C017346,Bug,Medium,3,No
T002862,C007779,Cancellation,High,0,Yes
T002863,C021307,Cancellation,High,15,Yes
T002864,C000269,Login,Low,7,Yes
T002865,C048581,Login,High,13,No
T002866,C040971,Bug,High,10,Yes
T002867,C022506,Cancellation,Low,14,Yes
T002868,C013486,Feature,Low,10,No
T002869,C042712,Login,High,3,No
T002870,C007239,Billing,Low,5,No
T002871,C035469,Feature,Low,12,Yes
T002872,C049630,Login,Low,4,Yes
T002873,C007388,Feature,High,5,No
T002874,C029600,Feature,Medium,15,No
T002875,C021772,Login,Low,10,Yes
T002876,C045818,Bug,Low,15,Yes
T002877,C032237,Cancellation,High,1,No
T002878,C032573,Bug,Low,12,No
T002879,C015172,Cancellation,Low,15,Yes
T002880,C004222,Login,High,11,Yes
T002881,C037105,Billing,High,12,Yes
T002882,C038521,Bug,High,5,Yes
T002883,C047964,Billing,High,14,No
T002884,C038636,Login,Low,10,No
T002885,C028147,Bug,Medium,5,Yes
T002886,C026986,Login,Low,12,Yes
T002887,C035830,Login,Medium,4,No
T002888,C039616,Feature,Low,5,Yes
T002889,C027149,Feature,High,11,No
T002890,C017056,Feature,Low,8,Yes
T002891,C011844,Cancellation,Low,9,Yes
T002892,C033004,Cancellation,High,9,No
T002893,C035155,Login,Low,10,No
T002894,C022142,Bug,Medium,15,No
T002895,C031538,Cancellation,High,5,Yes
T002896,C039448,Cancellation,Medium,0,Yes
T002897,C007192,Billing,Medium,12,Yes
T002898,C044883,Feature,Low,4,Yes
T002899,C044411,Cancellation,Low,14,No
T002900,C005711,Feature,Low,6,Yes
T002901,C046708,Login,High,7,Yes
T002902,C014461,Feature,High,7,No
T002903,C048562,Feature,Low,8,Yes
T002904,C042176,Cancellation,Medium,1,Yes
T002905,C046779,Billing,Low,9,Yes
T002906,C000460,Billing,Low,8,No
T002907,C040290,Cancellation,Medium,4,No
T002908,C048295,Bug,Low,1,Yes
T002909,C023792,Billing,Low,2,Yes
T002910,C011172,Login,High,15,Yes
T002911,C045619,Billing,Medium,5,Yes
T002912,C018074,Feature,Medium,1,Yes
T002913,C024798,Billing,Low,2,Yes
T002914,C038468,Feature,Low,13,Yes
T002915,C001249,Feature,Low,11,Yes
T002916,C039180,Cancellation,Low,1,Yes
T002917,C022083,Cancellation,High,10,Yes
T002918,C012345,Cancellation,Medium,1,Yes
T002919,C012001,Bug,High,8,Yes
T002920,C004242,Bug,Low,1,Yes
T002921,C007009,Billing,Low,14,No
T002922,C017244,Cancellation,High,4,No
T002923,C046415,Bug,Medium,14,No
T002924,C019629,Bug,Medium,4,No
T002925,C045461,Bug,Medium,14,Yes
T002926,C019148,Billing,Medium,7,Yes
T002927,C002981,Login,Low,2,Yes
T002928,C036071,Billing,High,7,No
T002929,C018475,Bug,Medium,4,Yes
T002930,C003183,Cancellation,Low,11,No
T002931,C036503,Feature,Low,10,No
T002932,C003543,Cancellation,High,15,Yes
T002933,C022067,Feature,High,4,No
T002934,C011309,Billing,Low,6,No
T002935,C019292,Cancellation,High,9,Yes
T002936,C003266,Billing,Medium,2,No
T002937,C007066,Billing,Medium,5,Yes
T002938,C001759,Cancellation,Low,0,Yes
T002939,C047627,Billing,Low,10,Yes
T002940,C023070,Feature,Medium,13,No
T002941,C043007,Cancellation,High,0,No
T002942,C041981,Login,Medium,1,No
T002943,C014700,Bug,Low,7,No
T002944,C037268,Bug,High,3,No
T002945,C027777,Feature,Low,7,No
T002946,C039387,Feature,High,13,Yes
T002947,C031911,Feature,Low,14,Yes
T002948,C004250,Cancellation,High,2,Yes
T002949,C042358,Bug,Medium,7,No
T002950,C017461,Cancellation,Medium,10,Yes
T002951,C041572,Cancellation,Medium,8,Yes
T002952,C012662,Login,Medium,2,Yes
T002953,C009060,Bug,Low,15,Yes
T002954,C033763,Feature,Medium,0,Yes
T002955,C046279,Billing,Medium,14,Yes
T002956,C028068,Login,Medium,15,No
T002957,C025437,Billing,Low,8,No
T002958,C003513,Login,Medium,1,No
T002959,C015766,Billing,Medium,7,Yes
T002960,C012607,Feature,Medium,12,No
T002961,C043349,Cancellation,High,9,Yes
T002962,C018279,Bug,Low,6,Yes
T002963,C046906,Login,Low,11,Yes
T002964,C001422,Feature,High,9,Yes
T002965,C038998,Billing,Medium,2,Yes
T002966,C034735,Login,High,5,No
T002967,C001470,Cancellation,Low,4,No
T002968,C031283,Bug,Low,3,No
T002969,C000320,Login,Low,14,Yes
T002970,C011329,Feature,Medium,6,No
T002971,C033452,Cancellation,High,7,No
T002972,C019834,Bug,High,5,No
T002973,C032421,Login,Medium,7,Yes
T002974,C009444,Bug,Medium,0,Yes
T002975,C015150,Bug,Medium,3,No
T002976,C040947,Feature,High,1,No
T002977,C012347,Cancellation,High,12,Yes
T002978,C016365,Billing,Low,7,No
T002979,C022002,Cancellation,Low,1,Yes
T002980,C022053,Login,Low,9,No
T002981,C033831,Bug,Low,8,No
T002982,C042964,Cancellation,Medium,13,No
T002983,C004619,Cancellation,Medium,2,No
T002984,C020752,Bug,Low,10,No
T002985,C025246,Cancellation,High,7,No
T002986,C042369,Login,Medium,4,Yes
T002987,C016458,Login,Low,14,Yes
T002988,C026740,Cancellation,High,14,Yes
T002989,C019487,Cancellation,Low,13,Yes
T002990,C012841,Login,Medium,14,Yes
T002991,C001874,Bug,Medium,3,Yes
T002992,C024323,Billing,Medium,4,No
T002993,C026035,Bug,High,12,Yes
T002994,C025663,Billing,Medium,12,Yes
T002995,C044311,Billing,High,6,No
T002996,C004009,Bug,High,2,Yes
T002997,C018820,Login,Low,1,No
T002998,C037079,Billing,Low,2,No
T002999,C009100,Feature,Low,1,Yes
T003000,C026681,Login,High,4,Yes
T003001,C022025,Billing,High,8,Yes
T003002,C046002,Login,Low,8,Yes
T003003,C018807,Billing,High,1,Yes
T003004,C007225,Bug,High,14,Yes
T003005,C011106,Bug,High,4,Yes
T003006,C033633,Bug,High,13,Yes
T003007,C018536,Bug,Medium,1,No
T003008,C008995,Login,Low,14,Yes
T003009,C044945,Billing,High,3,No
T003010,C036226,Feature,Low,9,No
T003011,C004643,Cancellation,Medium,9,No
T003012,C042735,Login,Low,1,No
T003013,C031744,Bug,Medium,12,No
T003014,C041591,Billing,High,14,Yes
T003015,C017158,Cancellation,Low,10,No
T003016,C006947,Feature,Medium,13,Yes
T003017,C031377,Login,Medium,2,No
T003018,C007063,Billing,Low,2,No
T003019,C007186,Bug,Low,6,No
T003020,C042060,Bug,Medium,4,Yes
T003021,C029690,Bug,High,3,Yes
T003022,C038896,Feature,High,9,Yes
T003023,C003327,Cancellation,High,12,No
T003024,C018143,Feature,Low,15,No
T003025,C017941,Login,Low,4,No
T003026,C044985,Cancellation,Low,11,No
T003027,C001885,Bug,High,5,Yes
T003028,C001203,Bug,High,13,No
T003029,C012968,Cancellation,Medium,4,No
T003030,C031678,Bug,Medium,6,No
T003031,C016073,Feature,Low,4,No
T003032,C032316,Login,High,8,Yes
T003033,C045371,Login,Medium,3,No
T003034,C005597,Bug,High,6,Yes
T003035,C047467,Cancellation,High,11,No
T003036,C021166,Billing,Low,8,Yes
T003037,C006118,Login,High,1,No
T003038,C028623,Feature,Medium,0,Yes
T003039,C019223,Feature,Medium,6,No
T003040,C041300,Billing,High,14,Yes
T003041,C049005,Login,Low,6,Yes
T003042,C001690,Cancellation,Medium,6,No
T003043,C020267,Cancellation,High,10,Yes
T003044,C019572,Cancellation,Medium,6,No
T003045,C043460,Login,Low,4,Yes
T003046,C014074,Feature,High,6,Yes
T003047,C031711,Billing,Low,3,Yes
T003048,C025231,Billing,Medium,14,Yes
T003049,C010135,Bug,Medium,15,No
T003050,C042192,Login,Low,1,Yes
T003051,C001821,Feature,Medium,15,No
T003052,C021229,Bug,Low,3,Yes
T003053,C049737,Bug,High,6,No
T003054,C031650,Feature,Low,4,No
T003055,C030233,Feature,Low,1,No
T003056,C001892,Cancellation,Low,14,No
T003057,C033522,Login,High,0,No
T003058,C034678,Bug,High,0,No
T003059,C034249,Bug,High,4,No
T003060,C009923,Billing,Low,1,No
T003061,C033830,Cancellation,Low,3,No
T003062,C037455,Bug,High,13,Yes
T003063,C007678,Cancellation,Medium,11,No
T003064,C020469,Bug,High,15,No
T003065,C022533,Login,Medium,15,No
T003066,C047185,Billing,High,3,No
T003067,C008265,Cancellation,High,9,No
T003068,C027610,Bug,Medium,8,Yes
T003069,C018865,Cancellation,Medium,12,Yes
T003070,C048752,Cancellation,Medium,2,Yes
T003071,C027816,Login,Medium,11,Yes
T003072,C049466,Login,High,1,Yes
T003073,C043104,Feature,Medium,5,Yes
T003074,C000222,Cancellation,High,5,Yes
T003075,C015650,Login,Low,8,Yes
T003076,C038997,Cancellation,High,7,Yes
T003077,C014759,Bug,High,6,No
T003078,C027857,Cancellation,Low,5,No
T003079,C012451,Login,High,8,No
T003080,C023558,Bug,Medium,8,No
T003081,C042910,Cancellation,Low,15,No
T003082,C018949,Cancellation,High,7,No
T003083,C042104,Login,Low,3,No
T003084,C049982,Cancellation,Medium,0,Yes
T003085,C037381,Cancellation,Low,1,Yes
T003086,C024366,Billing,Low,0,Yes
T003087,C023243,Feature,Low,3,No
T003088,C009044,Cancellation,Medium,5,Yes
T003089,C037183,Bug,Medium,3,Yes
T003090,C024649,Billing,Low,13,No
T003091,C020989,Billing,Medium,15,No
T003092,C017431,Billing,Medium,5,No
T003093,C009719,Login,Low,10,No
T003094,C020103,Bug,High,4,No
T003095,C036522,Bug,High,0,No
T003096,C022224,Feature,High,11,Yes
T003097,C037438,Feature,Low,6,No
T003098,C017526,Login,Medium,1,Yes
T003099,C009805,Login,Medium,5,No
T003100,C022504,Login,Low,2,Yes
T003101,C009638,Feature,Low,7,No
T003102,C029842,Billing,Low,4,Yes
T003103,C000339,Feature,Low,4,Yes
T003104,C042386,Cancellation,High,7,No
T003105,C016321,Feature,Medium,12,Yes
T003106,C045815,Billing,High,10,No
T003107,C002091,Feature,High,15,No
T003108,C014441,Feature,High,11,Yes
T003109,C045569,Bug,Low,13,Yes
T003110,C038906,Login,High,0,Yes
T003111,C010078,Feature,Low,13,Yes
T003112,C016030,Cancellation,Low,7,Yes
T003113,C016043,Login,Medium,2,Yes
T003114,C020482,Feature,High,3,No
T003115,C047171,Billing,Medium,8,Yes
T003116,C006089,Feature,High,9,Yes
T003117,C022090,Cancellation,Medium,4,Yes
T003118,C038630,Login,Medium,7,Yes
T003119,C046365,Bug,High,13,Yes
T003120,C003049,Cancellation,High,14,Yes
T003121,C040305,Bug,Low,10,No
T003122,C045311,Billing,Low,4,No
T003123,C036730,Feature,Medium,8,Yes
T003124,C002031,Billing,Low,13,Yes
T003125,C016912,Feature,High,0,Yes
T003126,C045912,Bug,Medium,1,No
T003127,C018205,Feature,High,12,No
T003128,C042629,Feature,Low,14,Yes
T003129,C023109,Cancellation,High,0,Yes
T003130,C007964,Cancellation,High,5,No
T003131,C023571,Login,High,10,No
T003132,C031550,Bug,High,5,No
T003133,C020990,Cancellation,High,6,Yes
T003134,C039750,Login,Low,7,No
T003135,C027585,Billing,High,12,No
T003136,C012010,Feature,Medium,3,No
T003137,C045806,Cancellation,Low,12,No
T003138,C035912,Feature,High,5,Yes
T003139,C024248,Feature,High,12,Yes
T003140,C002351,Feature,Medium,9,No
T003141,C036263,Bug,High,6,No
T003142,C035544,Bug,Low,7,Yes
T003143,C042690,Bug,Low,11,No
T003144,C024992,Feature,Low,5,Yes
T003145,C021423,Login,High,1,No
T003146,C031675,Bug,Low,12,Yes
T003147,C045466,Feature,Low,9,No
T003148,C014911,Feature,Low,15,No
T003149,C037646,Bug,Medium,10,No
T003150,C026745,Bug,Medium,6,No
T003151,C032824,Cancellation,Low,10,Yes
T003152,C035743,Feature,Low,10,No
T003153,C003930,Bug,Medium,15,Yes
T003154,C012822,Billing,High,4,Yes
T003155,C010857,Login,Medium,10,No
T003156,C026247,Cancellation,Medium,6,Yes
T003157,C000362,Billing,Medium,13,Yes
T003158,C036751,Cancellation,Low,3,No
T003159,C048494,Feature,Medium,12,No
T003160,C033188,Bug,High,14,Yes
T003161,C030641,Cancellation,High,4,Yes
T003162,C029478,Login,High,8,No
T003163,C008324,Feature,High,14,No
T003164,C028348,Bug,Medium,2,Yes
T003165,C022750,Billing,High,12,Yes
T003166,C049277,Billing,Medium,4,No
T003167,C001705,Billing,Low,1,No
T003168,C007939,Billing,Medium,9,Yes
T003169,C004684,Feature,Low,4,Yes
T003170,C002802,Cancellation,High,4,Yes
T003171,C034727,Feature,Low,13,Yes
T003172,C028732,Bug,Low,5,No
T003173,C000978,Bug,Low,7,Yes
T003174,C021774,Login,High,3,No
T003175,C042030,Feature,High,15,No
T003176,C048546,Billing,Low,8,Yes
T003177,C002564,Login,Medium,3,Yes
T003178,C036088,Cancellation,High,0,Yes
T003179,C035838,Bug,High,7,Yes
T003180,C005522,Cancellation,High,6,No
T003181,C017075,Bug,High,15,Yes
T003182,C032060,Bug,High,2,No
T003183,C042994,Login,Low,7,No
T003184,C027521,Feature,High,13,Yes
T003185,C042542,Feature,High,1,No
T003186,C046702,Cancellation,Low,7,Yes
T003187,C009711,Bug,Medium,12,No
T003188,C032522,Billing,Medium,2,No
T003189,C018275,Feature,Low,11,No
T003190,C027059,Feature,Medium,3,No
T003191,C018240,Bug,Medium,7,Yes
T003192,C004557,Billing,Medium,6,Yes
T003193,C027506,Feature,Medium,14,Yes
T003194,C033564,Feature,Medium,0,No
T003195,C038656,Cancellation,High,7,Yes
T003196,C040836,Feature,Medium,15,No
T003197,C029109,Cancellation,Medium,15,No
T003198,C015827,Feature,High,6,Yes
T003199,C006847,Cancellation,Low,10,Yes
T003200,C002909,Feature,Medium,3,No
T003201,C021391,Cancellation,High,5,Yes
T003202,C025900,Feature,Low,12,No
T003203,C026404,Billing,Low,12,Yes
T003204,C012475,Bug,Low,5,No
T003205,C027049,Billing,High,10,No
T003206,C017224,Bug,Low,6,Yes
T003207,C012909,Bug,Low,4,No
T003208,C036168,Billing,Low,10,Yes
T003209,C047663,Billing,Medium,0,Yes
T003210,C034490,Feature,Low,10,Yes
T003211,C009115,Bug,High,11,No
T003212,C028113,Cancellation,Medium,12,No
T003213,C036265,Cancellation,High,12,Yes
T003214,C003401,Feature,Medium,9,Yes
T003215,C020513,Bug,High,14,Yes
T003216,C024668,Bug,High,6,Yes
T003217,C048092,Login,Medium,5,No
T003218,C010227,Cancellation,Medium,9,Yes
T003219,C012691,Cancellation,Medium,3,Yes
T003220,C023483,Bug,Low,7,No
T003221,C028235,Cancellation,Medium,2,No
T003222,C026843,Login,Low,9,No
T003223,C013847,Billing,High,3,No
T003224,C005000,Billing,Medium,3,No
T003225,C034506,Login,Medium,1,No
T003226,C044594,Login,Medium,10,Yes
T003227,C009557,Bug,Low,6,No
T003228,C039684,Login,High,5,Yes
T003229,C028809,Bug,Low,0,Yes
T003230,C038283,Feature,Low,8,No
T003231,C047983,Cancellation,High,12,Yes
T003232,C010967,Bug,Medium,15,Yes
T003233,C047174,Billing,Medium,4,No
T003234,C034451,Bug,Medium,11,Yes
T003235,C020206,Billing,High,12,Yes
T003236,C041678,Feature,High,13,No
T003237,C011750,Cancellation,Medium,9,Yes
T003238,C013586,Login,High,10,Yes
T003239,C041034,Login,High,1,Yes
T003240,C048060,Login,Low,6,No
T003241,C042491,Bug,High,12,No
T003242,C036142,Cancellation,Medium,14,Yes
T003243,C044414,Feature,Medium,8,Yes
T003244,C048672,Feature,Low,7,Yes
T003245,C002688,Bug,Low,2,Yes
T003246,C037503,Cancellation,High,7,Yes
T003247,C023866,Login,High,11,Yes
T003248,C015315,Billing,Medium,12,No
T003249,C041149,Login,Medium,9,Yes
T003250,C019654,Cancellation,High,6,No
T003251,C044968,Cancellation,Low,0,No
T003252,C021644,Billing,High,6,No
T003253,C024706,Feature,High,5,Yes
T003254,C011736,Cancellation,High,9,No
T003255,C027777,Feature,Low,11,No
T003256,C016793,Bug,Medium,11,Yes
T003257,C034186,Cancellation,Medium,14,Yes
T003258,C012923,Bug,Low,1,No
T003259,C007341,Bug,High,14,No
T003260,C006208,Billing,Medium,5,No
T003261,C020927,Bug,Low,0,Yes
T003262,C028128,Billing,Low,5,Yes
T003263,C005649,Billing,Low,13,Yes
T003264,C007359,Login,High,15,Yes
T003265,C007762,Feature,High,11,Yes
T003266,C039582,Cancellation,Medium,12,No
T003267,C012549,Cancellation,High,13,No
T003268,C004541,Login,High,15,No
T003269,C030652,Login,Medium,6,Yes
T003270,C018451,Login,High,4,Yes
T003271,C016550,Feature,Medium,2,No
T003272,C028982,Billing,High,2,No
T003273,C029263,Login,Medium,8,No
T003274,C007209,Login,Medium,15,Yes
T003275,C012074,Login,Low,11,No
T003276,C009078,Login,Low,1,No
T003277,C036734,Bug,Low,10,No
T003278,C027216,Feature,Low,10,Yes
T003279,C012766,Bug,High,8,Yes
T003280,C008234,Billing,Low,12,No
T003281,C020595,Billing,Medium,3,Yes
T003282,C022294,Billing,High,7,No
T003283,C025113,Cancellation,Low,0,No
T003284,C006458,Billing,Medium,15,Yes
T003285,C014034,Feature,High,11,Yes
T003286,C022373,Bug,Medium,6,No
T003287,C045054,Feature,Low,6,No
T003288,C023072,Feature,Low,14,Yes
T003289,C028455,Bug,High,1,Yes
T003290,C016066,Feature,High,8,Yes
T003291,C020026,Billing,Medium,5,No
T003292,C042171,Billing,Medium,15,Yes
T003293,C013049,Feature,Low,13,No
T003294,C003901,Cancellation,High,11,Yes
T003295,C017157,Cancellation,Low,1,Yes
T003296,C003333,Billing,Medium,0,No
T003297,C023370,Login,Medium,10,Yes
T003298,C004432,Bug,Low,6,No
T003299,C032143,Billing,High,10,Yes
T003300,C018054,Cancellation,Medium,1,No
T003301,C037317,Bug,High,12,No
T003302,C005162,Cancellation,High,4,No
T003303,C026044,Login,High,6,Yes
T003304,C009955,Feature,Medium,2,No
T003305,C027524,Billing,High,15,No
T003306,C001363,Cancellation,High,4,No
T003307,C048591,Bug,Medium,7,Yes
T003308,C031161,Billing,High,14,No
T003309,C000850,Bug,Low,15,Yes
T003310,C022726,Bug,High,1,Yes
T003311,C017339,Billing,Low,0,No
T003312,C037946,Bug,Medium,6,No
T003313,C025723,Login,Low,11,No
T003314,C005990,Bug,High,7,Yes
T003315,C024291,Feature,Low,8,Yes
T003316,C018345,Cancellation,Medium,12,No
T003317,C003299,Cancellation,High,11,Yes
T003318,C048307,Login,Medium,7,Yes
T003319,C019863,Cancellation,Low,10,Yes
T003320,C009975,Login,Low,15,No
T003321,C031531,Billing,High,3,Yes
T003322,C023378,Feature,Medium,15,No
T003323,C012030,Cancellation,Medium,0,Yes
T003324,C013203,Feature,Medium,8,Yes
T003325,C004234,Cancellation,High,14,Yes
T003326,C033664,Feature,Low,10,No
T003327,C020648,Bug,Medium,8,Yes
T003328,C013272,Cancellation,Low,15,No
T003329,C042082,Bug,High,3,Yes
T003330,C013488,Bug,Medium,9,No
T003331,C046362,Feature,Medium,10,No
T003332,C003278,Cancellation,High,15,No
T003333,C007877,Bug,Low,9,Yes
T003334,C008354,Billing,Low,11,No
T003335,C046586,Feature,High,2,Yes
T003336,C048610,Bug,Medium,8,Yes
T003337,C025867,Login,Low,6,Yes
T003338,C023894,Feature,Medium,0,Yes
T003339,C014306,Billing,High,8,No
T003340,C008122,Feature,Medium,15,Yes
T003341,C025845,Bug,Medium,4,Yes
T003342,C046826,Feature,Low,3,No
T003343,C030974,Feature,Low,0,Yes
T003344,C024356,Billing,Medium,1,No
T003345,C021916,Billing,High,1,No
T003346,C032948,Feature,High,0,No
T003347,C019151,Cancellation,Medium,7,Yes
T003348,C006414,Cancellation,High,0,No
T003349,C046270,Billing,Low,10,No
T003350,C007592,Login,Medium,1,No
T003351,C037017,Bug,Low,9,Yes
T003352,C047406,Feature,Low,6,No
T003353,C018782,Billing,Low,14,No
T003354,C011196,Cancellation,High,2,No
T003355,C033530,Login,High,0,Yes
T003356,C038444,Feature,Low,7,Yes
T003357,C041987,Login,High,5,No
T003358,C018783,Feature,Low,9,Yes
T003359,C021701,Bug,Low,9,No
T003360,C047314,Bug,Low,9,No
T003361,C021971,Cancellation,Low,10,No
T003362,C039898,Bug,Medium,12,No
T003363,C029161,Bug,Medium,9,Yes
T003364,C022606,Bug,Medium,13,Yes
T003365,C018175,Feature,Medium,7,Yes
T003366,C006332,Login,High,3,Yes
T003367,C016969,Bug,Medium,12,Yes
T003368,C042572,Bug,Medium,12,Yes
T003369,C036917,Login,High,1,Yes
T003370,C016306,Feature,Medium,9,Yes
T003371,C027397,Login,Low,0,No
T003372,C032698,Cancellation,Low,15,Yes
T003373,C014898,Billing,Medium,13,Yes
T003374,C017470,Bug,Low,11,No
T003375,C048859,Cancellation,High,8,Yes
T003376,C013473,Bug,Medium,0,No
T003377,C028403,Bug,Low,8,No
T003378,C023940,Billing,High,1,Yes
T003379,C018572,Login,High,7,No
T003380,C031144,Bug,High,11,No
T003381,C023176,Feature,Low,2,No
T003382,C035204,Login,Medium,7,Yes
T003383,C007240,Bug,Medium,9,Yes
T003384,C002682,Cancellation,Low,7,No
T003385,C036449,Bug,Low,14,No
T003386,C009763,Login,High,15,Yes
T003387,C007402,Bug,Low,15,No
T003388,C036015,Bug,Medium,2,Yes
T003389,C041833,Feature,High,9,No
T003390,C024952,Login,Medium,12,Yes
T003391,C033366,Cancellation,Medium,2,No
T003392,C014760,Bug,Medium,4,Yes
T003393,C010409,Bug,High,14,Yes
T003394,C017374,Billing,Medium,9,Yes
T003395,C002687,Bug,High,14,No
T003396,C046213,Login,Low,15,Yes
T003397,C006048,Feature,High,1,No
T003398,C042927,Bug,Medium,14,Yes
T003399,C043257,Cancellation,High,0,Yes
T003400,C048564,Bug,High,8,No
T003401,C006428,Billing,Low,6,No
T003402,C009463,Billing,Medium,2,No
T003403,C008259,Feature,High,9,No
T003404,C001944,Bug,High,10,No
T003405,C007221,Bug,High,12,Yes
T003406,C011788,Feature,Medium,4,Yes
T003407,C024437,Cancellation,Medium,14,Yes
T003408,C039971,Billing,Medium,6,Yes
T003409,C009111,Billing,Medium,7,Yes
T003410,C048156,Feature,Medium,5,No
T003411,C047220,Login,High,15,No
T003412,C004624,Feature,Low,12,No
T003413,C029463,Billing,Medium,11,Yes
T003414,C026358,Login,Low,15,No
T003415,C010784,Bug,Low,14,No
T003416,C021246,Bug,Medium,10,No
T003417,C045510,Feature,Medium,4,Yes
T003418,C030689,Feature,Low,7,Yes
T003419,C019460,Cancellation,Low,0,Yes
T003420,C032001,Cancellation,High,15,Yes
T003421,C014737,Login,High,12,Yes
T003422,C018266,Bug,High,0,No
T003423,C033938,Billing,Low,12,Yes
T003424,C031968,Bug,High,4,Yes
T003425,C032812,Billing,Low,3,Yes
T003426,C019698,Bug,Medium,12,No
T003427,C016664,Feature,Medium,4,No
T003428,C002862,Bug,Medium,4,Yes
T003429,C027897,Bug,Low,5,Yes
T003430,C040785,Bug,High,13,Yes
T003431,C043973,Cancellation,Low,13,No
T003432,C030623,Feature,Medium,13,Yes
T003433,C046319,Billing,Medium,4,No
T003434,C032167,Cancellation,Medium,15,No
T003435,C037193,Login,Low,14,Yes
T003436,C047281,Cancellation,Medium,14,Yes
T003437,C001848,Login,High,6,No
T003438,C030360,Login,Medium,12,Yes
T003439,C013238,Login,High,10,No
T003440,C043985,Feature,High,10,No
T003441,C005840,Cancellation,Low,2,No
T003442,C023035,Login,High,7,Yes
T003443,C045468,Login,High,13,Yes
T003444,C028801,Bug,High,13,Yes
T003445,C039736,Billing,Medium,0,Yes
T003446,C029583,Cancellation,Medium,1,Yes
T003447,C049412,Feature,Low,10,No
T003448,C025894,Login,Low,14,Yes
T003449,C024485,Bug,High,12,No
T003450,C015520,Bug,High,13,No
T003451,C013917,Cancellation,High,14,Yes
T003452,C042309,Billing,High,6,Yes
T003453,C040485,Login,Low,2,Yes
T003454,C010779,Login,Medium,1,No
T003455,C041195,Bug,Medium,3,Yes
T003456,C043423,Feature,Medium,4,Yes
T003457,C010657,Cancellation,Low,5,No
T003458,C041594,Login,Low,15,Yes
T003459,C019654,Cancellation,Low,11,Yes
T003460,C036366,Bug,Low,13,Yes
T003461,C002336,Bug,High,14,Yes
T003462,C011516,Feature,Medium,14,Yes
T003463,C007576,Bug,Low,5,Yes
T003464,C004174,Cancellation,Low,11,Yes
T003465,C020331,Feature,Low,2,No
T003466,C002652,Login,Medium,12,No
T003467,C028040,Feature,High,9,Yes
T003468,C045217,Bug,Low,15,No
T003469,C023374,Login,High,6,Yes
T003470,C041221,Cancellation,Medium,8,No
T003471,C040594,Billing,Medium,14,No
T003472,C007621,Bug,Low,9,No
T003473,C004003,Billing,Medium,1,No
T003474,C023822,Cancellation,Medium,0,No
T003475,C036729,Bug,Medium,4,Yes
T003476,C018995,Login,Medium,11,Yes
T003477,C001041,Login,Medium,6,No
T003478,C018864,Login,Low,11,Yes
T003479,C016480,Bug,High,1,No
T003480,C040862,Billing,Low,14,Yes
T003481,C002691,Feature,Low,5,No
T003482,C038400,Cancellation,Medium,9,No
T003483,C003438,Cancellation,Low,3,No
T003484,C014566,Login,Medium,3,Yes
T003485,C000187,Cancellation,High,2,Yes
T003486,C011433,Billing,High,7,No
T003487,C001731,Feature,Medium,0,No
T003488,C034905,Feature,High,11,Yes
T003489,C025439,Login,High,12,No
T003490,C020962,Cancellation,High,14,No
T003491,C043570,Cancellation,Low,4,Yes
T003492,C043238,Cancellation,Medium,8,Yes
T003493,C040611,Feature,Medium,9,No
T003494,C027436,Cancellation,Low,3,Yes
T003495,C005898,Login,Low,8,No
T003496,C003448,Billing,High,7,Yes
T003497,C037008,Login,Medium,7,No
T003498,C018345,Cancellation,Low,1,No
T003499,C033915,Feature,High,11,No
T003500,C042546,Cancellation,Low,1,Yes
T003501,C004639,Cancellation,Medium,10,No
T003502,C018649,Billing,High,13,No
T003503,C023033,Login,Medium,4,Yes
T003504,C049482,Feature,High,0,No
T003505,C046664,Feature,Low,0,No
T003506,C006679,Billing,High,3,Yes
T003507,C021170,Billing,High,12,No
T003508,C026494,Feature,Low,4,No
T003509,C046589,Feature,High,4,No
T003510,C040344,Feature,High,5,Yes
T003511,C034608,Feature,Low,0,No
T003512,C023695,Feature,Medium,15,Yes
T003513,C009661,Feature,High,13,Yes
T003514,C049034,Bug,Low,14,No
T003515,C005323,Billing,Medium,0,Yes
T003516,C024263,Feature,Medium,10,No
T003517,C032158,Bug,Low,5,Yes
T003518,C039305,Billing,Low,3,No
T003519,C021556,Billing,Low,4,No
T003520,C004138,Login,High,14,Yes
T003521,C021675,Login,High,10,Yes
T003522,C036354,Billing,High,6,Yes
T003523,C028282,Feature,Medium,0,Yes
T003524,C048090,Billing,Low,13,Yes
T003525,C012585,Feature,Medium,14,No
T003526,C041242,Billing,Medium,5,Yes
T003527,C037195,Bug,Medium,13,Yes
T003528,C020057,Billing,Medium,7,Yes
T003529,C020764,Bug,High,10,No
T003530,C020691,Billing,High,15,No
T003531,C019580,Bug,Low,7,No
T003532,C036024,Bug,High,3,Yes
T003533,C026792,Bug,Medium,1,Yes
T003534,C007349,Feature,Low,8,Yes
T003535,C014795,Cancellation,High,3,Yes
T003536,C019410,Login,High,14,No
T003537,C003773,Feature,High,6,Yes
T003538,C007889,Cancellation,Low,8,No
T003539,C018172,Login,Medium,5,Yes
T003540,C024558,Login,High,6,No
T003541,C000679,Feature,Medium,9,No
T003542,C024679,Bug,Medium,4,Yes
T003543,C006244,Login,Medium,4,Yes
T003544,C022336,Feature,Medium,3,No
T003545,C000859,Cancellation,Low,15,No
T003546,C047265,Billing,Medium,0,No
T003547,C018294,Bug,Low,6,Yes
T003548,C024532,Billing,High,1,No
T003549,C011832,Login,Medium,14,Yes
T003550,C038475,Login,High,13,Yes
T003551,C027101,Billing,Low,10,No
T003552,C021991,Cancellation,Low,1,No
T003553,C038242,Bug,Medium,3,No
T003554,C045681,Feature,Low,7,No
T003555,C042775,Cancellation,Medium,2,Yes
T003556,C032836,Login,High,7,No
T003557,C029662,Login,Medium,15,Yes
T003558,C004618,Login,High,3,No
T003559,C039972,Bug,Low,9,Yes
T003560,C018142,Feature,Low,14,No
T003561,C041997,Login,High,6,No
T003562,C013266,Billing,High,15,Yes
T003563,C033135,Cancellation,High,12,Yes
T003564,C032935,Cancellation,Medium,0,Yes
T003565,C020400,Login,Low,3,No
T003566,C046345,Cancellation,Low,9,Yes
T003567,C044123,Cancellation,Low,12,No
T003568,C018162,Cancellation,High,7,No
T003569,C004251,Login,Medium,3,Yes
T003570,C014377,Cancellation,High,10,No
T003571,C004664,Bug,High,9,No
T003572,C012994,Feature,High,6,No
T003573,C002403,Bug,Low,4,Yes
T003574,C026320,Billing,Low,9,No
T003575,C030917,Cancellation,High,11,Yes
T003576,C009853,Feature,High,13,No
T003577,C019059,Bug,Medium,3,No
T003578,C006412,Cancellation,Low,10,Yes
T003579,C024615,Billing,Medium,7,No
T003580,C002169,Login,Low,4,Yes
T003581,C036332,Login,Medium,5,Yes
T003582,C022497,Cancellation,High,15,No
T003583,C043209,Feature,Medium,1,Yes
T003584,C012014,Cancellation,Low,10,Yes
T003585,C020457,Login,High,2,No
T003586,C028094,Login,High,6,Yes
T003587,C015597,Cancellation,High,11,Yes
T003588,C048218,Login,Medium,9,Yes
T003589,C031848,Cancellation,Medium,2,Yes
T003590,C017672,Login,Medium,2,Yes
T003591,C027721,Bug,Low,1,No
T003592,C024613,Bug,Low,1,Yes
T003593,C014978,Login,Medium,7,No
T003594,C003755,Billing,High,14,No
T003595,C016092,Bug,Medium,3,No
T003596,C018075,Cancellation,High,1,No
T003597,C048796,Feature,High,13,No
T003598,C010079,Login,High,14,No
T003599,C041108,Cancellation,High,5,Yes
T003600,C014884,Feature,High,11,No
T003601,C011210,Cancellation,Low,4,No
T003602,C025192,Billing,High,3,Yes
T003603,C032722,Billing,High,2,No
T003604,C005692,Cancellation,High,1,No
T003605,C027291,Bug,High,1,No
T003606,C008435,Billing,Low,4,No
T003607,C029581,Billing,High,1,Yes
T003608,C036335,Feature,Medium,12,No
T003609,C003230,Bug,Medium,7,No
T003610,C029943,Bug,Low,2,No
T003611,C039693,Login,Low,2,Yes
T003612,C025098,Bug,High,11,No
T003613,C040289,Feature,Medium,9,No
T003614,C046460,Login,High,9,No
T003615,C008573,Login,High,12,Yes
T003616,C041670,Billing,High,11,No
T003617,C021412,Bug,Medium,4,No
T003618,C041694,Cancellation,Medium,5,Yes
T003619,C021980,Bug,High,0,No
T003620,C032279,Login,High,9,No
T003621,C003873,Feature,Low,15,No
T003622,C007603,Login,High,7,No
T003623,C023426,Billing,Low,5,Yes
T003624,C022652,Login,Medium,14,No
T003625,C032254,Cancellation,Low,9,No
T003626,C043103,Login,High,5,No
T003627,C028448,Bug,Low,6,No
T003628,C041990,Billing,High,7,No
T003629,C025993,Billing,Medium,14,Yes
T003630,C024516,Billing,Low,15,No
T003631,C041217,Login,High,6,No
T003632,C003104,Feature,Low,3,No
T003633,C046244,Billing,Low,14,Yes
T003634,C009184,Billing,Medium,10,No
T003635,C010591,Feature,High,0,No
T003636,C026997,Feature,Low,3,Yes
T003637,C011072,Feature,Medium,4,Yes
T003638,C005854,Bug,High,15,No
T003639,C049039,Feature,High,6,Yes
T003640,C030387,Billing,High,5,Yes
T003641,C035322,Login,Low,9,No
T003642,C048463,Cancellation,High,1,Yes
T003643,C025266,Cancellation,Medium,7,Yes
T003644,C046261,Cancellation,High,1,No
T003645,C046487,Billing,Medium,12,Yes
T003646,C005262,Billing,Medium,8,Yes
T003647,C035661,Billing,Medium,10,Yes
T003648,C002092,Cancellation,Medium,3,Yes
T003649,C005683,Bug,High,11,Yes
T003650,C047936,Bug,Medium,3,Yes
T003651,C015384,Bug,Low,1,Yes
T003652,C023687,Cancellation,Medium,2,No
T003653,C015932,Billing,High,6,Yes
T003654,C016926,Billing,Low,14,No
T003655,C005179,Bug,Medium,13,No
T003656,C017186,Cancellation,High,4,No
T003657,C029300,Cancellation,Medium,6,Yes
T003658,C019732,Bug,High,7,No
T003659,C008466,Billing,Medium,3,Yes
T003660,C016870,Feature,High,5,No
T003661,C014015,Bug,High,2,Yes
T003662,C040837,Feature,High,14,Yes
T003663,C044218,Feature,Low,15,Yes
T003664,C018880,Cancellation,Low,1,Yes
T003665,C001915,Feature,Low,8,No
T003666,C028109,Feature,Medium,5,No
T003667,C036894,Billing,High,10,Yes
T003668,C009399,Bug,Low,13,No
T003669,C016724,Login,Medium,8,Yes
T003670,C034912,Login,Medium,9,Yes
T003671,C008031,Login,Low,3,No
T003672,C029500,Cancellation,Medium,3,Yes
T003673,C046143,Login,High,13,No
T003674,C007716,Cancellation,Low,4,Yes
T003675,C049834,Feature,Low,8,Yes
T003676,C031804,Login,Medium,9,No
T003677,C013187,Cancellation,Medium,5,Yes
T003678,C013642,Cancellation,Low,4,Yes
T003679,C026025,Login,High,10,No
T003680,C036712,Bug,Low,0,Yes
T003681,C024668,Feature,Medium,10,No
T003682,C017079,Cancellation,Medium,8,Yes
T003683,C044628,Login,High,12,No
T003684,C025368,Login,Medium,10,No
T003685,C022518,Cancellation,High,12,No
T003686,C030391,Feature,High,3,Yes
T003687,C028169,Login,Low,8,No
T003688,C007214,Feature,Low,10,Yes
T003689,C003366,Billing,Medium,14,Yes
T003690,C006927,Billing,Medium,1,Yes
T003691,C009342,Login,Low,9,No
T003692,C046974,Cancellation,Low,13,Yes
T003693,C002500,Cancellation,High,9,No
T003694,C010680,Billing,Low,5,Yes
T003695,C027686,Cancellation,Low,7,Yes
T003696,C036224,Login,Low,9,Yes
T003697,C046363,Bug,Medium,6,No
T003698,C046324,Bug,Medium,13,Yes
T003699,C033147,Login,Low,1,No
T003700,C008112,Bug,High,12,Yes
T003701,C029163,Bug,High,15,No
T003702,C045006,Cancellation,Low,0,Yes
T003703,C024138,Bug,High,3,Yes
T003704,C033331,Login,Low,10,Yes
T003705,C001363,Billing,Low,13,Yes
T003706,C020186,Cancellation,Low,14,Yes
T003707,C004311,Bug,High,15,No
T003708,C008281,Bug,Low,8,No
T003709,C033941,Feature,Medium,3,No
T003710,C042880,Feature,Medium,15,Yes
T003711,C031178,Billing,Medium,4,No
T003712,C049647,Billing,Low,5,Yes
T003713,C007580,Bug,Low,3,No
T003714,C030818,Cancellation,Low,8,Yes
T003715,C030448,Cancellation,High,7,Yes
T003716,C003677,Billing,Low,2,Yes
T003717,C021046,Cancellation,Medium,5,Yes
T003718,C026317,Billing,Low,14,No
T003719,C010846,Login,Medium,9,Yes
T003720,C005215,Cancellation,High,14,Yes
T003721,C011139,Billing,High,8,No
T003722,C025400,Cancellation,High,1,No
T003723,C027665,Bug,Medium,5,No
T003724,C027239,Bug,High,6,No
T003725,C004463,Billing,Medium,5,No
T003726,C033124,Billing,Low,6,Yes
T003727,C018120,Billing,Low,12,Yes
T003728,C019283,Bug,Medium,6,Yes
T003729,C012561,Billing,Medium,11,No
T003730,C031115,Bug,Medium,0,Yes
T003731,C032862,Cancellation,Low,11,Yes
T003732,C028979,Bug,High,11,No
T003733,C043666,Billing,Low,4,No
T003734,C016126,Cancellation,Low,15,No
T003735,C026760,Bug,Low,7,Yes
T003736,C048510,Billing,High,13,Yes
T003737,C004094,Bug,Low,2,No
T003738,C001696,Billing,Medium,11,No
T003739,C041022,Billing,High,6,No
T003740,C002779,Billing,Medium,8,No
T003741,C015692,Login,Low,10,No
T003742,C028892,Billing,Medium,8,Yes
T003743,C006440,Billing,High,12,Yes
T003744,C049942,Login,Medium,12,Yes
T003745,C036649,Cancellation,High,4,No
T003746,C031330,Feature,High,15,No
T003747,C037409,Feature,High,5,Yes
T003748,C042770,Feature,High,2,Yes
T003749,C035172,Feature,High,15,Yes
T003750,C019673,Cancellation,High,1,Yes
T003751,C012569,Billing,High,12,Yes
T003752,C032483,Cancellation,Low,10,No
T003753,C028549,Billing,High,9,Yes
T003754,C003668,Cancellation,Low,10,Yes
T003755,C033893,Login,Medium,9,No
T003756,C032890,Cancellation,Medium,10,No
T003757,C038704,Billing,High,13,Yes
T003758,C045944,Bug,Low,6,No
T003759,C014575,Cancellation,Low,4,No
T003760,C006410,Cancellation,Medium,3,Yes
T003761,C023369,Feature,Medium,15,No
T003762,C018414,Billing,High,14,No
T003763,C013819,Billing,Medium,7,Yes
T003764,C000820,Login,Low,15,No
T003765,C033342,Feature,Medium,3,Yes
T003766,C016320,Billing,Low,11,No
T003767,C015391,Cancellation,High,6,No
T003768,C018151,Cancellation,Low,9,No
T003769,C002778,Bug,High,10,Yes
T003770,C006994,Feature,Medium,3,Yes
T003771,C018959,Login,High,4,Yes
T003772,C036222,Login,Low,3,No
T003773,C001855,Login,Low,7,No
T003774,C039978,Bug,Medium,9,Yes
T003775,C008017,Cancellation,Medium,7,Yes
T003776,C039125,Login,Low,3,Yes
T003777,C047821,Login,Low,13,Yes
T003778,C007063,Login,Medium,6,Yes
T003779,C045163,Bug,Medium,4,Yes
T003780,C046145,Login,High,9,No
T003781,C008068,Login,High,14,No
T003782,C025551,Feature,Medium,4,No
T003783,C003578,Billing,High,9,No
T003784,C010795,Login,Medium,7,No
T003785,C037406,Bug,Medium,12,Yes
T003786,C044168,Bug,Medium,15,No
T003787,C004374,Billing,High,13,Yes
T003788,C009314,Cancellation,Medium,14,No
T003789,C002045,Bug,High,12,No
T003790,C006477,Bug,High,10,Yes
T003791,C012233,Login,Low,11,No
T003792,C022407,Cancellation,Medium,2,No
T003793,C030041,Cancellation,Low,6,No
T003794,C043139,Bug,High,3,No
T003795,C018328,Login,Medium,7,Yes
T003796,C030624,Login,High,4,No
T003797,C046674,Billing,Low,6,Yes
T003798,C017259,Cancellation,Low,1,No
T003799,C025339,Login,Low,1,No
T003800,C009506,Cancellation,High,0,No
T003801,C002185,Login,High,0,Yes
T003802,C005187,Billing,High,7,Yes
T003803,C015923,Feature,Medium,7,No
T003804,C019887,Feature,Low,13,No
T003805,C003520,Billing,Low,7,No
T003806,C012993,Billing,High,1,Yes
T003807,C022112,Login,Medium,9,No
T003808,C009109,Feature,Low,1,Yes
T003809,C046191,Login,Low,11,Yes
T003810,C016845,Cancellation,High,3,Yes
T003811,C037397,Feature,High,11,No
T003812,C029386,Cancellation,High,1,No
T003813,C042868,Billing,High,6,No
T003814,C001383,Feature,Medium,10,Yes
T003815,C003632,Billing,High,4,No
T003816,C029571,Bug,Low,1,No
T003817,C022654,Cancellation,Low,10,No
T003818,C023965,Billing,High,11,No
T003819,C009715,Billing,Low,7,Yes
T003820,C025959,Login,Medium,13,No
T003821,C026965,Login,High,15,No
T003822,C029554,Login,Low,12,No
T003823,C010928,Login,High,8,No
T003824,C028054,Feature,Medium,13,Yes
T003825,C043081,Feature,Low,10,No
T003826,C008582,Login,Low,11,Yes
T003827,C006945,Login,High,8,No
T003828,C012564,Cancellation,Low,8,No
T003829,C006790,Feature,Low,12,Yes
T003830,C041605,Feature,Medium,3,Yes
T003831,C024635,Login,Low,1,No
T003832,C006807,Login,Medium,8,No
T003833,C028280,Bug,High,4,Yes
T003834,C031068,Feature,Low,5,Yes
T003835,C036410,Cancellation,High,8,Yes
T003836,C037185,Login,High,14,No
T003837,C015711,Feature,Low,13,No
T003838,C006183,Billing,Medium,5,No
T003839,C028822,Bug,High,9,Yes
T003840,C018267,Feature,High,15,No
T003841,C014970,Bug,Low,5,Yes
T003842,C037647,Cancellation,Medium,9,Yes
T003843,C008886,Cancellation,Low,14,Yes
T003844,C024447,Cancellation,High,4,No
T003845,C025380,Cancellation,High,15,Yes
T003846,C010659,Feature,High,2,Yes
T003847,C031746,Billing,Low,7,No
T003848,C038379,Feature,Low,2,Yes
T003849,C035003,Bug,High,4,Yes
T003850,C043685,Feature,High,9,No
T003851,C042471,Bug,Low,2,No
T003852,C017996,Login,Medium,10,No
T003853,C024290,Login,High,5,Yes
T003854,C049375,Feature,Low,12,No
T003855,C044122,Billing,High,3,No
T003856,C029235,Billing,Low,2,Yes
T003857,C025484,Feature,Low,2,No
T003858,C040411,Cancellation,Low,6,No
T003859,C008319,Bug,Medium,15,No
T003860,C021339,Billing,Medium,15,Yes
T003861,C014116,Bug,High,8,No
T003862,C041826,Cancellation,High,14,No
T003863,C025105,Feature,Low,4,Yes
T003864,C047596,Billing,Low,13,Yes
T003865,C034839,Feature,Medium,8,No
T003866,C006614,Feature,Low,11,Yes
T003867,C016793,Billing,Low,8,Yes
T003868,C012896,Bug,High,8,No
T003869,C021782,Cancellation,High,2,Yes
T003870,C023178,Login,Low,10,Yes
T003871,C000526,Cancellation,High,0,No
T003872,C028326,Cancellation,Low,3,Yes
T003873,C023436,Cancellation,Low,6,Yes
T003874,C008538,Bug,Medium,9,No
T003875,C037673,Feature,High,15,No
T003876,C030873,Login,Low,10,No
T003877,C022720,Login,Low,11,Yes
T003878,C020668,Feature,Low,3,Yes
T003879,C031647,Login,Medium,9,No
T003880,C006153,Cancellation,Medium,2,Yes
T003881,C047715,Cancellation,Low,9,Yes
T003882,C036004,Billing,Low,12,No
T003883,C008187,Billing,Low,2,Yes
T003884,C019870,Billing,Low,5,No
T003885,C021093,Login,Medium,1,Yes
T003886,C046413,Bug,Low,2,No
T003887,C034306,Feature,Low,9,Yes
T003888,C005329,Bug,High,15,Yes
T003889,C013511,Cancellation,Medium,8,Yes
T003890,C020598,Cancellation,Medium,11,Yes
T003891,C014407,Login,High,2,No
T003892,C005142,Bug,High,10,Yes
T003893,C027798,Bug,Medium,8,No
T003894,C019877,Feature,Low,11,Yes
T003895,C026748,Billing,Low,8,No
T003896,C015102,Feature,Low,14,No
T003897,C017049,Bug,Low,2,No
T003898,C022585,Login,Low,9,Yes
T003899,C003582,Feature,Low,7,Yes
T003900,C016281,Bug,Medium,10,No
T003901,C031410,Feature,Medium,4,No
T003902,C013961,Cancellation,Medium,7,No
T003903,C003851,Login,High,3,Yes
T003904,C016372,Cancellation,High,3,Yes
T003905,C007248,Login,Medium,7,Yes
T003906,C048803,Billing,High,12,No
T003907,C009091,Cancellation,Low,6,Yes
T003908,C033283,Billing,Medium,14,Yes
T003909,C035447,Cancellation,Medium,12,Yes
T003910,C031871,Login,Medium,13,Yes
T003911,C047043,Feature,High,13,Yes
T003912,C041725,Feature,Low,11,No
T003913,C041863,Login,High,14,Yes
T003914,C023097,Login,Low,9,Yes
T003915,C025429,Feature,Medium,10,No
T003916,C027370,Billing,Low,13,Yes
T003917,C044646,Cancellation,Low,0,No
T003918,C015350,Bug,Low,13,Yes
T003919,C020905,Login,Low,5,No
T003920,C003207,Bug,High,13,Yes
T003921,C037864,Login,Low,13,Yes
T003922,C036028,Billing,High,6,No
T003923,C012230,Bug,Medium,15,No
T003924,C002660,Billing,Low,9,Yes
T003925,C015709,Cancellation,High,1,No
T003926,C002388,Bug,Medium,7,No
T003927,C010733,Login,Low,7,Yes
T003928,C026437,Feature,Medium,2,Yes
T003929,C031287,Feature,Low,15,Yes
T003930,C047731,Cancellation,High,0,Yes
T003931,C034185,Feature,High,5,Yes
T003932,C035355,Billing,High,4,No
T003933,C004626,Bug,Low,1,No
T003934,C000431,Bug,High,10,Yes
T003935,C004736,Billing,High,5,Yes
T003936,C044019,Billing,Low,4,No
T003937,C036949,Login,Medium,3,No
T003938,C000193,Cancellation,High,3,Yes
T003939,C036206,Login,High,13,No
T003940,C034284,Feature,Low,3,Yes
T003941,C030781,Bug,Low,7,Yes
T003942,C034983,Login,Low,13,No
T003943,C047045,Login,High,10,Yes
T003944,C048180,Cancellation,Low,11,No
T003945,C009830,Bug,Medium,10,Yes
T003946,C013189,Bug,High,13,No
T003947,C044186,Cancellation,Low,3,No
T003948,C016445,Bug,Medium,1,Yes
T003949,C046021,Cancellation,Low,14,No
T003950,C008864,Feature,High,6,No
T003951,C048247,Feature,High,14,Yes
T003952,C028241,Feature,Medium,1,Yes
T003953,C011158,Bug,Medium,5,No
T003954,C034730,Feature,Low,10,Yes
T003955,C026223,Billing,High,11,Yes
T003956,C017715,Bug,High,9,No
T003957,C016706,Login,High,1,No
T003958,C040084,Login,Medium,11,Yes
T003959,C017535,Bug,Low,14,No
T003960,C024435,Feature,Medium,5,Yes
T003961,C017164,Billing,Low,12,Yes
T003962,C044034,Feature,Low,12,No
T003963,C031140,Login,Low,3,No
T003964,C036697,Feature,High,6,Yes
T003965,C031009,Billing,Medium,3,Yes
T003966,C049360,Bug,High,2,No
T003967,C007565,Bug,Low,5,Yes
T003968,C029935,Bug,Medium,7,No
T003969,C003871,Login,Low,9,Yes
T003970,C033698,Billing,High,12,No
T003971,C006748,Feature,Low,10,No
T003972,C014889,Bug,High,14,Yes
T003973,C041160,Bug,Low,12,No
T003974,C029754,Login,Medium,7,No
T003975,C026637,Cancellation,Medium,7,No
T003976,C006850,Billing,Low,5,No
T003977,C031101,Login,High,8,No
T003978,C033992,Feature,Medium,12,No
T003979,C006256,Login,Medium,1,Yes
T003980,C006732,Cancellation,Low,14,Yes
T003981,C045963,Feature,Low,15,No
T003982,C048087,Billing,Low,8,No
T003983,C030506,Cancellation,Low,14,No
T003984,C014968,Login,Medium,0,Yes
T003985,C010362,Cancellation,High,7,No
T003986,C041984,Bug,Medium,11,No
T003987,C004173,Billing,Low,15,Yes
T003988,C012339,Bug,High,9,No
T003989,C030139,Billing,Low,14,No
T003990,C026315,Feature,Low,13,Yes
T003991,C000282,Billing,High,13,Yes
T003992,C009521,Cancellation,Low,6,No
T003993,C041189,Feature,Low,2,No
T003994,C031900,Cancellation,Medium,5,Yes
T003995,C010402,Bug,Medium,7,No
T003996,C008683,Billing,Low,12,No
T003997,C008321,Bug,Medium,11,No
T003998,C007729,Feature,High,1,Yes
T003999,C027565,Login,High,7,Yes
T004000,C011972,Login,High,2,Yes
T004001,C026492,Bug,Medium,6,No
T004002,C021628,Feature,Low,8,No
T004003,C035723,Login,High,10,Yes
T004004,C033305,Cancellation,Low,15,No
T004005,C026049,Billing,Low,1,Yes
T004006,C003919,Billing,High,2,No
T004007,C007651,Bug,Medium,13,Yes
T004008,C025526,Cancellation,High,13,No
T004009,C026373,Login,Medium,8,No
T004010,C022189,Feature,Low,4,Yes
T004011,C044831,Bug,High,8,No
T004012,C037255,Cancellation,Medium,12,Yes
T004013,C046483,Billing,High,6,Yes
T004014,C046043,Bug,Medium,10,Yes
T004015,C007791,Bug,High,4,Yes
T004016,C029677,Bug,Low,8,No
T004017,C008880,Cancellation,Low,8,Yes
T004018,C026118,Cancellation,Medium,13,Yes
T004019,C037986,Feature,High,3,No
T004020,C024413,Bug,Low,1,Yes
T004021,C013492,Cancellation,Low,6,Yes
T004022,C001734,Feature,High,1,Yes
T004023,C007828,Bug,Medium,1,Yes
T004024,C031424,Cancellation,Low,10,Yes
T004025,C006551,Bug,High,7,Yes
T004026,C023452,Cancellation,Medium,2,No
T004027,C034677,Cancellation,Low,3,No
T004028,C027142,Feature,Low,12,Yes
T004029,C004344,Billing,Medium,1,Yes
T004030,C008118,Feature,Low,0,Yes
T004031,C042837,Billing,Low,14,No
T004032,C027113,Feature,Low,0,Yes
T004033,C010021,Feature,Low,5,No
T004034,C000029,Billing,Medium,5,Yes
T004035,C019760,Cancellation,High,12,No
T004036,C009854,Login,Medium,10,Yes
T004037,C033195,Billing,Medium,0,No
T004038,C010882,Cancellation,Medium,13,No
T004039,C008611,Cancellation,Medium,1,Yes
T004040,C004067,Feature,High,1,Yes
T004041,C008471,Cancellation,Medium,12,Yes
T004042,C000785,Cancellation,Medium,11,Yes
T004043,C034052,Cancellation,Low,3,No
T004044,C021056,Cancellation,High,14,No
T004045,C017092,Bug,High,2,No
T004046,C036573,Login,Medium,15,No
T004047,C006171,Cancellation,Low,9,No
T004048,C001389,Bug,Medium,11,No
T004049,C034232,Billing,Medium,1,Yes
T004050,C004026,Feature,Medium,1,Yes
T004051,C023811,Login,High,4,No
T004052,C018976,Login,High,13,No
T004053,C037740,Feature,Low,14,No
T004054,C042424,Cancellation,Medium,6,No
T004055,C047865,Bug,High,7,No
T004056,C032533,Login,Medium,3,Yes
T004057,C001919,Feature,Medium,14,No
T004058,C025953,Feature,Low,3,Yes
T004059,C014592,Feature,High,2,Yes
T004060,C020935,Billing,Medium,13,Yes
T004061,C037599,Login,Low,2,Yes
T004062,C046055,Billing,Low,5,No
T004063,C027012,Login,Low,14,Yes
T004064,C033067,Bug,High,5,No
T004065,C046839,Billing,Low,10,Yes
T004066,C023785,Cancellation,Medium,5,No
T004067,C003846,Login,Medium,13,Yes
T004068,C040495,Login,Medium,7,Yes
T004069,C032204,Billing,Low,14,No
T004070,C002654,Feature,High,9,Yes
T004071,C039957,Billing,High,8,Yes
T004072,C043429,Bug,Low,3,No
T004073,C012321,Billing,Medium,1,Yes
T004074,C022914,Login,High,6,No
T004075,C034394,Login,High,2,No
T004076,C028248,Login,Medium,12,No
T004077,C030353,Feature,High,9,No
T004078,C001260,Feature,Medium,5,No
T004079,C014299,Cancellation,High,13,Yes
T004080,C015304,Billing,Medium,8,Yes
T004081,C044040,Cancellation,Medium,15,No
T004082,C040788,Billing,High,12,Yes
T004083,C030171,Bug,Medium,6,No
T004084,C048091,Billing,High,3,Yes
T004085,C036662,Cancellation,Low,15,No
T004086,C042865,Billing,High,8,Yes
T004087,C048659,Billing,Low,15,No
T004088,C016060,Login,Medium,1,Yes
T004089,C024154,Cancellation,Low,13,No
T004090,C045791,Billing,Medium,7,No
T004091,C039482,Login,Medium,13,Yes
T004092,C046803,Cancellation,Medium,11,No
T004093,C027523,Billing,Medium,12,Yes
T004094,C015514,Cancellation,High,2,Yes
T004095,C037230,Cancellation,Low,7,No
T004096,C008678,Bug,Low,2,No
T004097,C032987,Cancellation,High,6,No
T004098,C040701,Feature,Low,8,Yes
T004099,C018827,Login,High,12,No
T004100,C001726,Bug,Low,8,Yes
T004101,C042621,Login,High,3,Yes
T004102,C030246,Billing,Low,15,No
T004103,C014764,Login,High,2,No
T004104,C035959,Login,Low,9,Yes
T004105,C030257,Feature,Medium,0,No
T004106,C044261,Feature,High,7,No
T004107,C035426,Billing,Low,1,Yes
T004108,C037505,Bug,Medium,4,Yes
T004109,C027697,Login,Low,8,No
T004110,C022469,Cancellation,High,5,No
T004111,C018441,Cancellation,High,15,Yes
T004112,C003211,Billing,High,4,Yes
T004113,C009033,Billing,Low,1,Yes
T004114,C009396,Bug,High,6,Yes
T004115,C044287,Bug,High,11,Yes
T004116,C046816,Billing,Low,0,Yes
T004117,C004568,Cancellation,Low,14,No
T004118,C046688,Login,Medium,13,No
T004119,C019681,Login,High,2,Yes
T004120,C003250,Bug,Medium,13,No
T004121,C014803,Bug,Medium,6,No
T004122,C025767,Billing,Low,8,Yes
T004123,C043591,Bug,Medium,9,No
T004124,C008196,Login,Medium,15,No
T004125,C014094,Bug,High,11,No
T004126,C004101,Bug,High,12,Yes
T004127,C045453,Login,Low,10,No
T004128,C007036,Billing,Low,14,Yes
T004129,C031869,Cancellation,Medium,10,Yes
T004130,C044049,Login,Medium,13,No
T004131,C039434,Bug,Low,15,Yes
T004132,C015993,Billing,Low,12,Yes
T004133,C000085,Cancellation,Low,1,Yes
T004134,C010909,Login,Low,9,Yes
T004135,C012247,Bug,High,10,No
T004136,C003237,Login,High,9,Yes
T004137,C000857,Login,Low,8,Yes
T004138,C003449,Cancellation,Medium,9,Yes
T004139,C009567,Billing,Medium,2,No
T004140,C049627,Cancellation,High,2,No
T004141,C022478,Feature,High,14,No
T004142,C009224,Feature,Low,6,No
T004143,C022223,Cancellation,Low,5,Yes
T004144,C033789,Bug,High,7,No
T004145,C021965,Billing,Low,14,Yes
T004146,C026721,Cancellation,High,10,No
T004147,C012128,Billing,Low,9,Yes
T004148,C028825,Bug,Medium,9,Yes
T004149,C026852,Billing,High,14,No
T004150,C038082,Cancellation,Low,14,No
T004151,C045927,Feature,Medium,12,Yes
T004152,C035541,Billing,High,10,Yes
T004153,C005530,Bug,High,2,No
T004154,C037600,Cancellation,Low,8,No
T004155,C042465,Feature,Low,9,No
T004156,C019303,Bug,Low,8,No
T004157,C027466,Feature,High,2,Yes
T004158,C040111,Billing,High,6,Yes
T004159,C031615,Cancellation,High,8,Yes
T004160,C005659,Billing,Medium,2,No
T004161,C048220,Login,High,11,Yes
T004162,C027058,Feature,Low,0,Yes
T004163,C035527,Feature,Low,3,Yes
T004164,C022819,Feature,High,13,No
T004165,C013776,Bug,Medium,5,No
T004166,C040514,Cancellation,Medium,5,Yes
T004167,C046441,Login,Low,6,Yes
T004168,C020536,Login,Low,7,Yes
T004169,C002057,Login,Low,6,No
T004170,C041537,Bug,Medium,8,Yes
T004171,C034732,Feature,Medium,14,Yes
T004172,C036937,Billing,Medium,2,Yes
T004173,C003408,Cancellation,Medium,10,Yes
T004174,C048538,Cancellation,High,3,No
T004175,C023351,Login,Low,11,Yes
T004176,C031857,Bug,Medium,1,Yes
T004177,C002525,Login,Low,9,No
T004178,C037708,Bug,Medium,5,Yes
T004179,C030226,Billing,Low,13,No
T004180,C015408,Feature,Low,11,Yes
T004181,C038009,Login,Medium,3,No
T004182,C025538,Cancellation,Medium,0,Yes
T004183,C046389,Bug,Medium,9,No
T004184,C022513,Bug,Low,6,No
T004185,C029303,Login,Low,0,Yes
T004186,C024337,Login,Low,13,No
T004187,C046654,Bug,High,11,Yes
T004188,C032040,Feature,High,11,Yes
T004189,C001203,Login,Low,7,Yes
T004190,C035920,Login,High,13,Yes
T004191,C009111,Login,Low,15,Yes
T004192,C003896,Billing,Low,2,No
T004193,C022024,Billing,Low,10,No
T004194,C028320,Cancellation,High,1,No
T004195,C049390,Feature,Medium,7,Yes
T004196,C018547,Bug,Medium,3,Yes
T004197,C034348,Bug,High,8,Yes
T004198,C035001,Cancellation,Medium,3,Yes
T004199,C020886,Cancellation,Low,7,No
T004200,C037995,Login,Medium,15,Yes
T004201,C035347,Login,Medium,3,No
T004202,C029491,Cancellation,Medium,1,No
T004203,C034382,Feature,High,6,Yes
T004204,C040603,Feature,Medium,5,No
T004205,C043234,Feature,High,10,No
T004206,C032084,Login,High,14,No
T004207,C007168,Feature,Low,3,Yes
T004208,C005205,Login,Low,3,Yes
T004209,C014645,Billing,Medium,7,Yes
T004210,C041697,Feature,Medium,5,Yes
T004211,C003594,Bug,Medium,0,Yes
T004212,C002495,Billing,Low,9,Yes
T004213,C042462,Bug,High,7,Yes
T004214,C021229,Bug,Medium,9,Yes
T004215,C024516,Billing,Medium,15,No
T004216,C007883,Login,Low,5,No
T004217,C025529,Billing,Medium,0,Yes
T004218,C006113,Login,Medium,7,Yes
T004219,C014595,Billing,Low,13,Yes
T004220,C044565,Billing,Low,4,No
T004221,C016881,Billing,High,14,Yes
T004222,C015598,Billing,High,4,Yes
T004223,C042991,Cancellation,High,15,Yes
T004224,C011635,Cancellation,Medium,15,Yes
T004225,C017620,Bug,Low,13,Yes
T004226,C017014,Cancellation,Medium,7,Yes
T004227,C001421,Login,Medium,15,Yes
T004228,C030729,Login,Medium,5,No
T004229,C011479,Bug,High,1,Yes
T004230,C018296,Billing,High,1,Yes
T004231,C017140,Bug,Low,8,Yes
T004232,C021706,Bug,High,15,Yes
T004233,C047676,Feature,Low,4,Yes
T004234,C024801,Cancellation,High,11,Yes
T004235,C003258,Cancellation,Low,10,Yes
T004236,C023926,Billing,Medium,0,No
T004237,C045991,Cancellation,Medium,5,No
T004238,C014264,Billing,Medium,15,Yes
T004239,C032582,Feature,Medium,9,Yes
T004240,C020228,Bug,Low,14,No
T004241,C012190,Billing,Low,1,No
T004242,C027411,Cancellation,Low,1,Yes
T004243,C002227,Cancellation,High,15,Yes
T004244,C028738,Feature,High,3,Yes
T004245,C048583,Bug,High,4,Yes
T004246,C029883,Login,Low,4,Yes
T004247,C023127,Bug,Low,13,Yes
T004248,C033644,Cancellation,High,4,Yes
T004249,C029975,Bug,Medium,5,No
T004250,C008275,Billing,High,13,Yes
T004251,C010529,Billing,High,10,No
T004252,C003065,Feature,Medium,10,No
T004253,C016613,Login,High,14,Yes
T004254,C023325,Cancellation,High,7,No
T004255,C014029,Cancellation,Low,11,Yes
T004256,C030141,Login,Medium,9,Yes
T004257,C034711,Login,Low,8,No
T004258,C001476,Login,Medium,11,No
T004259,C002155,Bug,Medium,14,No
T004260,C044700,Cancellation,High,2,Yes
T004261,C047360,Cancellation,High,8,Yes
T004262,C006977,Login,Low,2,No
T004263,C010841,Billing,Medium,14,Yes
T004264,C035070,Login,Low,11,Yes
T004265,C027199,Billing,Low,0,Yes
T004266,C026014,Cancellation,Medium,5,Yes
T004267,C021349,Cancellation,Medium,2,Yes
T004268,C036713,Feature,Low,13,No
T004269,C029790,Login,Low,12,No
T004270,C016715,Cancellation,Medium,4,Yes
T004271,C011793,Feature,Low,3,No
T004272,C013547,Feature,High,1,No
T004273,C000972,Billing,High,11,No
T004274,C020471,Login,Medium,13,Yes
T004275,C048947,Feature,Medium,14,No
T004276,C014761,Feature,Medium,13,No
T004277,C003444,Billing,Low,2,No
T004278,C027043,Bug,Low,2,No
T004279,C035320,Bug,Medium,0,Yes
T004280,C045591,Bug,Medium,6,No
T004281,C002515,Cancellation,High,1,No
T004282,C041801,Cancellation,High,15,Yes
T004283,C010148,Bug,Low,11,Yes
T004284,C018543,Cancellation,High,0,No
T004285,C020003,Login,High,1,No
T004286,C009783,Bug,High,8,Yes
T004287,C027037,Cancellation,Low,6,Yes
T004288,C015771,Cancellation,Low,15,No
T004289,C029084,Login,Medium,3,No
T004290,C048091,Bug,High,8,Yes
T004291,C049461,Billing,Low,1,No
T004292,C040575,Bug,Low,12,No
T004293,C001750,Billing,Medium,7,No
T004294,C020065,Bug,Medium,7,Yes
T004295,C023684,Login,Medium,8,No
T004296,C031868,Bug,High,0,Yes
T004297,C048887,Login,Low,15,No
T004298,C004760,Cancellation,High,5,Yes
T004299,C020897,Bug,High,13,No
T004300,C016547,Cancellation,Low,8,No
T004301,C032890,Login,Low,12,Yes
T004302,C033896,Bug,Medium,9,Yes
T004303,C014741,Billing,Low,8,Yes
T004304,C041528,Bug,High,1,No
T004305,C006080,Feature,Medium,6,Yes
T004306,C024062,Login,High,3,No
T004307,C025610,Bug,Medium,7,Yes
T004308,C005566,Billing,Low,3,Yes
T004309,C020374,Login,Low,10,No
T004310,C019590,Login,High,8,Yes
T004311,C038191,Billing,Low,12,No
T004312,C001788,Login,Low,9,Yes
T004313,C041698,Feature,Low,14,No
T004314,C031212,Login,High,14,No
T004315,C048111,Bug,High,4,Yes
T004316,C047047,Bug,Low,4,No
T004317,C020114,Cancellation,Medium,6,No
T004318,C029761,Bug,Low,5,Yes
T004319,C001300,Billing,High,7,Yes
T004320,C018847,Billing,Low,7,No
T004321,C031232,Billing,High,7,No
T004322,C001243,Cancellation,Low,1,Yes
T004323,C038517,Feature,High,10,No
T004324,C012240,Bug,Medium,0,Yes
T004325,C044865,Login,High,13,Yes
T004326,C039689,Billing,Medium,4,Yes
T004327,C033634,Cancellation,High,14,No
T004328,C032595,Cancellation,Low,8,No
T004329,C004394,Cancellation,Low,4,No
T004330,C035482,Bug,Medium,1,Yes
T004331,C030378,Login,High,9,No
T004332,C009505,Login,Medium,12,No
T004333,C016902,Bug,High,12,No
T004334,C008794,Feature,High,7,No
T004335,C008020,Feature,High,8,No
T004336,C005435,Login,High,7,No
T004337,C015799,Bug,Low,6,No
T004338,C027016,Feature,Low,5,No
T004339,C010214,Feature,Low,8,Yes
T004340,C011216,Cancellation,Low,7,No
T004341,C018239,Billing,Low,5,Yes
T004342,C028612,Feature,Medium,3,Yes
T004343,C035988,Feature,High,8,No
T004344,C035445,Bug,High,0,Yes
T004345,C020509,Billing,Medium,2,Yes
T004346,C013186,Billing,Low,9,Yes
T004347,C037705,Login,Medium,1,No
T004348,C045611,Feature,High,1,No
T004349,C048806,Bug,Medium,7,Yes
T004350,C015489,Bug,High,6,Yes
T004351,C003171,Feature,High,11,Yes
T004352,C033464,Billing,Medium,5,No
T004353,C037903,Cancellation,Low,14,Yes
T004354,C044899,Cancellation,Low,8,No
T004355,C047067,Cancellation,Low,0,No
T004356,C004764,Login,High,8,Yes
T004357,C046701,Cancellation,Medium,3,No
T004358,C040276,Cancellation,Medium,12,No
T004359,C035188,Billing,Low,0,Yes
T004360,C022321,Cancellation,Medium,3,Yes
T004361,C005313,Login,Medium,6,Yes
T004362,C015241,Feature,High,0,No
T004363,C037718,Cancellation,High,2,No
T004364,C015219,Bug,Low,7,No
T004365,C015316,Bug,Medium,9,No
T004366,C020266,Cancellation,Medium,2,No
T004367,C010853,Cancellation,Low,1,No
T004368,C008453,Cancellation,Medium,13,No
T004369,C009873,Login,Low,15,Yes
T004370,C030707,Feature,Low,12,No
T004371,C029248,Cancellation,High,3,Yes
T004372,C008855,Billing,Medium,9,Yes
T004373,C045385,Login,Medium,1,No
T004374,C041773,Feature,High,7,Yes
T004375,C011820,Billing,Low,4,Yes
T004376,C027132,Cancellation,Low,15,No
T004377,C010541,Feature,High,2,No
T004378,C022641,Cancellation,Low,2,Yes
T004379,C007182,Feature,Medium,15,Yes
T004380,C048827,Bug,Low,10,No
T004381,C001503,Billing,Medium,6,Yes
T004382,C027635,Billing,Low,1,No
T004383,C018543,Login,Medium,2,No
T004384,C035164,Cancellation,High,7,No
T004385,C003785,Billing,Low,2,No
T004386,C026877,Billing,Low,11,Yes
T004387,C002169,Cancellation,High,8,No
T004388,C041090,Cancellation,Low,5,Yes
T004389,C026862,Feature,Medium,13,No
T004390,C021787,Login,High,8,Yes
T004391,C007365,Bug,Low,15,No
T004392,C030279,Bug,Medium,12,Yes
T004393,C000875,Bug,Medium,1,No
T004394,C023718,Feature,Medium,6,No
T004395,C033093,Login,Low,11,No
T004396,C041919,Cancellation,Low,9,Yes
T004397,C029714,Bug,Low,3,Yes
T004398,C049540,Cancellation,Medium,14,No
T004399,C011023,Login,Low,1,Yes
T004400,C001084,Login,Medium,4,Yes
T004401,C039869,Login,High,1,Yes
T004402,C006723,Bug,Low,6,Yes
T004403,C003079,Bug,Medium,4,No
T004404,C036541,Cancellation,High,15,Yes
T004405,C027361,Feature,High,6,Yes
T004406,C035151,Bug,Medium,7,No
T004407,C048325,Billing,Low,1,No
T004408,C021749,Cancellation,Medium,10,Yes
T004409,C046947,Feature,High,6,No
T004410,C044650,Login,Medium,4,No
T004411,C033907,Login,Low,14,Yes
T004412,C024244,Cancellation,High,5,No
T004413,C018068,Login,Low,4,No
T004414,C040803,Feature,Low,15,Yes
T004415,C008497,Login,Low,15,No
T004416,C003132,Bug,High,11,Yes
T004417,C017861,Bug,High,5,Yes
T004418,C016296,Cancellation,High,9,No
T004419,C029377,Feature,Medium,2,No
T004420,C043427,Login,Low,0,Yes
T004421,C002859,Billing,High,4,Yes
T004422,C045565,Login,Medium,11,Yes
T004423,C018162,Feature,High,3,No
T004424,C038437,Cancellation,Medium,12,No
T004425,C040262,Login,High,9,Yes
T004426,C000861,Feature,Low,10,Yes
T004427,C037686,Login,Medium,7,Yes
T004428,C031431,Login,Low,14,No
T004429,C020425,Bug,High,10,Yes
T004430,C039694,Billing,Low,7,Yes
T004431,C006585,Billing,Medium,14,No
T004432,C025463,Feature,High,9,No
T004433,C039625,Bug,Medium,13,Yes
T004434,C020951,Login,Low,0,Yes
T004435,C028162,Login,High,5,Yes
T004436,C038253,Billing,Medium,8,No
T004437,C021500,Cancellation,High,5,Yes
T004438,C039245,Billing,Medium,3,No
T004439,C049661,Billing,High,6,No
T004440,C040885,Feature,Medium,14,Yes
T004441,C024947,Billing,Low,10,Yes
T004442,C034783,Feature,Low,10,Yes
T004443,C017223,Cancellation,High,10,No
T004444,C021684,Cancellation,Medium,7,No
T004445,C024411,Billing,High,13,Yes
T004446,C001925,Login,Low,14,Yes
T004447,C007465,Login,Medium,12,Yes
T004448,C013223,Login,High,15,No
T004449,C030919,Billing,Low,10,Yes
T004450,C000995,Cancellation,High,6,No
T004451,C010128,Cancellation,High,7,No
T004452,C013068,Cancellation,Low,12,Yes
T004453,C022725,Feature,Low,14,No
T004454,C011011,Bug,Medium,0,No
T004455,C020251,Cancellation,Medium,11,Yes
T004456,C012183,Cancellation,Low,0,No
T004457,C040283,Billing,High,14,No
T004458,C002490,Feature,Low,8,No
T004459,C042833,Billing,Medium,15,Yes
T004460,C044998,Login,High,13,No
T004461,C025408,Bug,Medium,2,Yes
T004462,C040705,Cancellation,Medium,9,No
T004463,C018044,Cancellation,High,15,No
T004464,C025454,Bug,Medium,14,No
T004465,C005799,Billing,High,11,No
T004466,C016028,Cancellation,High,1,Yes
T004467,C009728,Feature,High,6,No
T004468,C008157,Feature,High,6,No
T004469,C030898,Billing,High,3,Yes
T004470,C021237,Login,High,2,No
T004471,C025574,Billing,Medium,1,Yes
T004472,C003365,Login,High,12,Yes
T004473,C005009,Billing,High,10,No
T004474,C039275,Bug,Low,3,Yes
T004475,C018780,Login,Low,7,Yes
T004476,C040092,Feature,Low,15,No
T004477,C030271,Login,High,8,Yes
T004478,C045507,Bug,High,14,Yes
T004479,C009935,Bug,Low,15,No
T004480,C036743,Bug,High,12,Yes
T004481,C044477,Billing,Low,8,No
T004482,C000424,Billing,Medium,0,Yes
T004483,C018120,Feature,Medium,0,Yes
T004484,C046170,Bug,Low,12,Yes
T004485,C000746,Cancellation,Low,3,No
T004486,C021204,Login,High,5,Yes
T004487,C010697,Feature,High,5,Yes
T004488,C039981,Cancellation,Medium,8,No
T004489,C028442,Feature,Medium,2,Yes
T004490,C038769,Bug,High,13,Yes
T004491,C012673,Cancellation,Low,13,Yes
T004492,C010890,Feature,Low,9,No
T004493,C036267,Feature,High,14,No
T004494,C015022,Feature,Medium,1,Yes
T004495,C017314,Cancellation,Low,13,Yes
T004496,C025629,Bug,Low,1,No
T004497,C043881,Billing,Medium,15,No
T004498,C022044,Bug,Low,5,No
T004499,C022386,Billing,Low,6,No
T004500,C023273,Login,Medium,5,Yes
T004501,C034784,Billing,High,11,Yes
T004502,C002632,Login,Medium,13,No
T004503,C029451,Feature,Low,14,No
T004504,C018497,Feature,High,14,Yes
T004505,C035832,Cancellation,Medium,15,No
T004506,C009812,Feature,High,3,Yes
T004507,C048765,Feature,High,10,Yes
T004508,C031548,Billing,Medium,0,Yes
T004509,C029885,Feature,Low,5,No
T004510,C043482,Feature,Low,14,Yes
T004511,C022332,Billing,Low,6,Yes
T004512,C009593,Login,Low,8,No
T004513,C011690,Cancellation,Low,11,Yes
T004514,C010873,Login,Low,9,No
T004515,C034879,Bug,High,9,Yes
T004516,C009097,Login,Medium,8,No
T004517,C025167,Login,Medium,12,No
T004518,C027520,Login,Medium,9,No
T004519,C034209,Cancellation,High,15,No
T004520,C019408,Cancellation,Low,6,Yes
T004521,C049881,Cancellation,High,2,Yes
T004522,C016480,Feature,High,3,Yes
T004523,C018265,Cancellation,Medium,10,No
T004524,C033064,Feature,Medium,3,No
T004525,C042108,Bug,High,7,Yes
T004526,C046888,Login,Medium,5,No
T004527,C012842,Bug,Low,12,No
T004528,C048724,Login,Medium,14,No
T004529,C005666,Login,High,8,No
T004530,C023829,Billing,Low,4,No
T004531,C007366,Billing,High,2,No
T004532,C032084,Cancellation,Medium,6,Yes
T004533,C024879,Cancellation,Medium,7,No
T004534,C035189,Bug,Medium,10,Yes
T004535,C013270,Feature,High,3,Yes
T004536,C021600,Bug,Medium,10,No
T004537,C036868,Bug,High,7,No
T004538,C001342,Login,Medium,9,Yes
T004539,C048256,Login,High,14,Yes
T004540,C001060,Cancellation,High,9,Yes
T004541,C007385,Feature,Medium,8,No
T004542,C031090,Feature,Medium,6,Yes
T004543,C030526,Cancellation,Low,12,Yes
T004544,C004618,Feature,Low,2,Yes
T004545,C026059,Cancellation,High,1,Yes
T004546,C001882,Cancellation,Low,9,No
T004547,C036586,Cancellation,High,0,No
T004548,C023576,Bug,Medium,4,No
T004549,C021058,Login,Low,1,No
T004550,C049927,Bug,Medium,12,No
T004551,C034926,Login,Medium,1,No
T004552,C024720,Cancellation,Medium,13,Yes
T004553,C005140,Bug,Low,5,No
T004554,C012346,Bug,High,6,No
T004555,C015473,Cancellation,Medium,1,Yes
T004556,C045676,Billing,Low,14,Yes
T004557,C038269,Bug,High,3,Yes
T004558,C029753,Bug,Medium,13,No
T004559,C022459,Login,High,9,Yes
T004560,C047807,Feature,Medium,2,No
T004561,C002744,Cancellation,High,5,No
T004562,C035371,Feature,Medium,9,No
T004563,C004975,Cancellation,Medium,9,Yes
T004564,C029601,Cancellation,Medium,13,No
T004565,C012600,Feature,Low,14,Yes
T004566,C023851,Feature,Low,7,No
T004567,C021725,Billing,Low,1,No
T004568,C046222,Bug,Medium,12,Yes
T004569,C041459,Billing,Medium,9,No
T004570,C022658,Login,High,2,No
T004571,C034948,Login,High,9,Yes
T004572,C020480,Feature,Low,6,Yes
T004573,C018014,Cancellation,High,0,No
T004574,C021907,Feature,High,5,Yes
T004575,C027539,Login,Medium,13,No
T004576,C023486,Bug,High,0,Yes
T004577,C047119,Cancellation,High,3,Yes
T004578,C036511,Bug,High,13,No
T004579,C015605,Bug,Medium,13,No
T004580,C011613,Bug,Low,4,No
T004581,C010963,Feature,Medium,1,No
T004582,C022874,Cancellation,High,11,No
T004583,C045213,Cancellation,Medium,2,No
T004584,C021500,Login,High,10,Yes
T004585,C016815,Bug,Low,4,Yes
T004586,C012272,Cancellation,Low,7,No
T004587,C004835,Login,Medium,4,No
T004588,C049740,Bug,High,9,Yes
T004589,C014558,Feature,Medium,1,Yes
T004590,C046789,Cancellation,High,12,Yes
T004591,C042327,Cancellation,Medium,1,Yes
T004592,C027128,Feature,Medium,7,Yes
T004593,C037717,Login,Low,7,Yes
T004594,C038191,Login,Medium,1,No
T004595,C030937,Bug,Medium,7,No
T004596,C048368,Bug,Low,15,No
T004597,C020815,Login,Medium,7,No
T004598,C011468,Billing,High,15,Yes
T004599,C038270,Cancellation,Low,11,Yes
T004600,C012345,Cancellation,Medium,8,Yes
T004601,C022598,Feature,High,5,Yes
T004602,C028623,Bug,Medium,2,Yes
T004603,C009484,Login,Low,14,Yes
T004604,C026891,Login,Low,6,No
T004605,C015513,Billing,Medium,11,Yes
T004606,C009840,Billing,High,15,No
T004607,C041351,Billing,Medium,12,No
T004608,C021579,Bug,Low,9,No
T004609,C030662,Login,Medium,14,Yes
T004610,C028019,Cancellation,Low,0,Yes
T004611,C006577,Cancellation,High,2,No
T004612,C013361,Cancellation,Low,5,Yes
T004613,C003291,Feature,Low,0,No
T004614,C023003,Billing,Low,3,No
T004615,C022274,Feature,Medium,6,Yes
T004616,C011280,Login,High,10,Yes
T004617,C036124,Bug,Medium,8,No
T004618,C011030,Feature,High,8,No
T004619,C006958,Login,High,11,Yes
T004620,C029994,Bug,Low,10,Yes
T004621,C012686,Bug,Low,15,No
T004622,C010885,Billing,High,10,No
T004623,C004657,Login,High,9,No
T004624,C032613,Bug,Low,11,No
T004625,C038540,Login,Low,11,No
T004626,C040306,Login,Low,2,No
T004627,C029401,Feature,High,5,Yes
T004628,C032776,Billing,Medium,7,No
T004629,C012645,Login,High,6,Yes
T004630,C021684,Billing,High,0,Yes
T004631,C010238,Bug,Low,15,No
T004632,C012232,Feature,Low,3,Yes
T004633,C031740,Billing,Low,4,No
T004634,C003550,Cancellation,Medium,11,No
T004635,C044316,Billing,Medium,6,No
T004636,C007156,Login,Medium,4,No
T004637,C027925,Bug,High,7,Yes
T004638,C026014,Bug,High,11,Yes
T004639,C037219,Bug,Low,10,No
T004640,C009552,Bug,High,2,No
T004641,C016753,Cancellation,High,0,Yes
T004642,C000437,Cancellation,Low,11,No
T004643,C039597,Login,High,4,No
T004644,C044179,Login,Low,3,Yes
T004645,C024160,Cancellation,Low,4,No
T004646,C006175,Login,Medium,3,No
T004647,C000279,Bug,Low,10,No
T004648,C009428,Feature,Low,0,No
T004649,C031736,Cancellation,Low,1,Yes
T004650,C043309,Login,High,11,Yes
T004651,C043390,Feature,Low,0,No
T004652,C013574,Billing,Medium,13,No
T004653,C047530,Login,Medium,0,No
T004654,C042186,Bug,High,1,Yes
T004655,C035351,Cancellation,Medium,13,No
T004656,C018378,Login,Medium,15,Yes
T004657,C020131,Bug,Medium,2,No
T004658,C001873,Billing,Low,10,Yes
T004659,C023975,Billing,High,8,Yes
T004660,C004439,Feature,High,1,No
T004661,C038458,Login,Low,1,Yes
T004662,C004772,Login,Low,9,No
T004663,C042538,Bug,Medium,1,Yes
T004664,C029435,Cancellation,High,4,No
T004665,C007358,Cancellation,Medium,3,Yes
T004666,C037253,Feature,High,2,No
T004667,C003232,Billing,Low,7,No
T004668,C038623,Cancellation,Medium,0,No
T004669,C023924,Bug,Low,14,No
T004670,C046105,Login,Medium,15,No
T004671,C023216,Cancellation,Low,11,Yes
T004672,C024989,Feature,High,12,No
T004673,C038461,Bug,Low,0,Yes
T004674,C038568,Bug,Medium,14,No
T004675,C012172,Billing,High,11,No
T004676,C016556,Login,Low,13,Yes
T004677,C021802,Cancellation,Medium,9,No
T004678,C006602,Bug,High,14,Yes
T004679,C007238,Login,Low,14,Yes
T004680,C002085,Bug,High,12,No
T004681,C000523,Bug,Medium,6,No
T004682,C043455,Bug,High,8,No
T004683,C045243,Login,Medium,6,Yes
T004684,C017336,Bug,Medium,7,Yes
T004685,C025200,Bug,Medium,8,No
T004686,C024207,Billing,Low,2,Yes
T004687,C047574,Bug,High,13,Yes
T004688,C035464,Billing,Medium,6,Yes
T004689,C020490,Login,Medium,3,Yes
T004690,C047031,Cancellation,High,5,No
T004691,C043094,Feature,Low,11,No
T004692,C003894,Cancellation,High,4,No
T004693,C028153,Login,Low,2,Yes
T004694,C008155,Cancellation,Medium,4,No
T004695,C046187,Bug,Low,1,No
T004696,C028317,Billing,Low,3,No
T004697,C009421,Feature,Medium,6,Yes
T004698,C008828,Billing,Low,6,Yes
T004699,C042999,Bug,Medium,13,No
T004700,C044494,Cancellation,High,7,No
T004701,C035662,Bug,Medium,5,No
T004702,C008975,Feature,Low,13,Yes
T004703,C044751,Billing,Medium,5,No
T004704,C024386,Bug,Medium,7,No
T004705,C043268,Cancellation,Low,12,No
T004706,C017275,Billing,Low,3,No
T004707,C049477,Cancellation,Medium,0,Yes
T004708,C028999,Billing,High,8,No
T004709,C043355,Cancellation,Medium,8,No
T004710,C026813,Cancellation,Low,4,Yes
T004711,C045543,Bug,Medium,4,No
T004712,C030923,Login,High,14,No
T004713,C037516,Login,Medium,11,Yes
T004714,C049109,Login,High,10,No
T004715,C007391,Feature,Low,10,Yes
T004716,C032795,Login,High,3,No
T004717,C011511,Login,High,3,Yes
T004718,C029496,Login,High,0,No
T004719,C046712,Login,Medium,9,Yes
T004720,C035620,Login,Low,1,Yes
T004721,C033524,Feature,Low,11,No
T004722,C023378,Billing,High,10,No
T004723,C046251,Cancellation,Medium,4,Yes
T004724,C024075,Login,Low,2,No
T004725,C043847,Cancellation,High,8,Yes
T004726,C018904,Cancellation,Low,4,No
T004727,C013794,Bug,Medium,0,Yes
T004728,C000710,Bug,Low,13,Yes
T004729,C014829,Feature,Medium,4,No
T004730,C023473,Cancellation,High,6,No
T004731,C003410,Feature,Medium,3,Yes
T004732,C022927,Cancellation,Low,15,No
T004733,C044420,Feature,High,15,No
T004734,C042853,Feature,High,11,Yes
T004735,C017095,Login,High,15,No
T004736,C016616,Billing,Medium,4,No
T004737,C043128,Cancellation,Low,15,Yes
T004738,C049231,Cancellation,Medium,7,No
T004739,C011624,Bug,Medium,5,Yes
T004740,C040745,Bug,High,0,Yes
T004741,C026816,Login,Low,7,Yes
T004742,C012132,Feature,Medium,13,Yes
T004743,C008763,Bug,Medium,7,No
T004744,C048448,Bug,High,5,No
T004745,C039493,Login,Medium,1,No
T004746,C045214,Login,Low,5,Yes
T004747,C023490,Cancellation,Low,10,Yes
T004748,C009371,Login,Medium,13,Yes
T004749,C049779,Billing,High,8,No
T004750,C018996,Billing,Low,7,No
T004751,C002426,Billing,Low,4,Yes
T004752,C020127,Billing,Medium,3,No
T004753,C043202,Bug,Medium,13,Yes
T004754,C023420,Login,Low,13,Yes
T004755,C007002,Feature,Low,0,Yes
T004756,C021307,Bug,Medium,1,No
T004757,C014732,Feature,High,5,Yes
T004758,C029503,Login,Medium,7,Yes
T004759,C041533,Billing,High,1,No
T004760,C029268,Feature,High,3,No
T004761,C000817,Bug,High,8,No
T004762,C046029,Bug,Medium,14,Yes
T004763,C019203,Login,Medium,5,No
T004764,C049236,Login,Low,7,No
T004765,C010430,Cancellation,High,7,Yes
T004766,C045623,Cancellation,Medium,3,No
T004767,C044314,Cancellation,High,1,Yes
T004768,C026884,Cancellation,High,12,No
T004769,C049452,Bug,Low,10,No
T004770,C041286,Login,Medium,13,Yes
T004771,C046414,Billing,High,10,No
T004772,C026051,Bug,High,8,No
T004773,C038402,Billing,Low,13,Yes
T004774,C045951,Cancellation,High,11,No
T004775,C034983,Login,Low,15,Yes
T004776,C040431,Feature,Low,9,Yes
T004777,C020890,Cancellation,Low,8,Yes
T004778,C019245,Cancellation,Low,6,Yes
T004779,C044418,Feature,High,15,Yes
T004780,C043630,Bug,Low,2,Yes
T004781,C020837,Feature,Low,5,No
T004782,C041550,Feature,High,2,Yes
T004783,C034907,Cancellation,High,14,Yes
T004784,C044733,Cancellation,High,13,No
T004785,C028752,Billing,Low,6,No
T004786,C003658,Bug,Medium,3,No
T004787,C021017,Billing,High,10,Yes
T004788,C014243,Billing,Medium,11,No
T004789,C035529,Billing,Low,14,Yes
T004790,C048003,Cancellation,Low,15,No
T004791,C011871,Login,High,9,No
T004792,C003743,Feature,Low,13,Yes
T004793,C001498,Feature,Medium,14,No
T004794,C011021,Cancellation,Low,11,No
T004795,C001997,Cancellation,High,14,Yes
T004796,C000094,Feature,High,1,No
T004797,C026547,Cancellation,Medium,1,No
T004798,C028731,Billing,High,2,Yes
T004799,C009594,Billing,Low,4,Yes
T004800,C020144,Bug,Medium,3,Yes
T004801,C028587,Billing,Low,2,Yes
T004802,C045071,Cancellation,High,8,Yes
T004803,C027102,Feature,High,8,Yes
T004804,C006951,Bug,Low,7,No
T004805,C015193,Bug,Low,7,No
T004806,C014226,Billing,High,15,No
T004807,C033193,Bug,Medium,3,Yes
T004808,C018417,Login,Medium,6,Yes
T004809,C013995,Feature,Medium,4,Yes
T004810,C039719,Feature,Medium,5,Yes
T004811,C046373,Cancellation,Low,15,Yes
T004812,C034622,Bug,High,3,No
T004813,C011023,Billing,Low,2,Yes
T004814,C045817,Feature,Low,9,Yes
T004815,C042097,Cancellation,High,15,Yes
T004816,C016083,Cancellation,Low,10,No
T004817,C009927,Login,Low,8,Yes
T004818,C001473,Login,High,10,Yes
T004819,C000532,Bug,High,13,Yes
T004820,C014795,Feature,High,8,Yes
T004821,C003056,Login,Medium,11,No
T004822,C014151,Login,Low,2,No
T004823,C042956,Cancellation,Low,13,Yes
T004824,C045512,Billing,Medium,9,No
T004825,C048705,Feature,Low,3,Yes
T004826,C001454,Feature,Low,0,No
T004827,C038290,Cancellation,Medium,11,Yes
T004828,C029200,Billing,Low,5,No
T004829,C041126,Feature,High,12,No
T004830,C020495,Feature,Low,14,No
T004831,C047740,Billing,Low,1,No
T004832,C024372,Login,High,12,Yes
T004833,C048016,Bug,Low,13,No
T004834,C048193,Billing,Low,12,No
T004835,C008944,Cancellation,Low,15,No
T004836,C036889,Login,Low,1,No
T004837,C035693,Login,Low,2,Yes
T004838,C020232,Bug,Low,9,No
T004839,C006031,Billing,Medium,3,Yes
T004840,C039491,Bug,High,2,Yes
T004841,C036599,Bug,High,10,Yes
T004842,C026920,Cancellation,High,6,No
T004843,C042085,Billing,Medium,0,Yes
T004844,C037997,Login,High,7,No
T004845,C024338,Cancellation,Medium,15,No
T004846,C034819,Bug,High,5,No
T004847,C019142,Feature,Medium,2,Yes
T004848,C025162,Feature,High,4,Yes
T004849,C036899,Bug,Medium,12,Yes
T004850,C025839,Cancellation,Low,13,No
T004851,C049839,Login,Medium,14,Yes
T004852,C021708,Billing,Medium,14,No
T004853,C008351,Cancellation,High,2,No
T004854,C049781,Login,Low,8,No
T004855,C017824,Feature,Medium,7,No
T004856,C002171,Bug,Low,11,Yes
T004857,C043919,Billing,Low,5,No
T004858,C045584,Bug,Low,4,Yes
T004859,C025817,Login,Medium,12,Yes
T004860,C004751,Billing,High,7,No
T004861,C020163,Billing,High,1,No
T004862,C014411,Cancellation,Low,3,Yes
T004863,C023257,Billing,High,8,Yes
T004864,C009160,Cancellation,Medium,15,No
T004865,C010655,Bug,Low,12,Yes
T004866,C043807,Cancellation,Medium,10,Yes
T004867,C044422,Feature,High,1,Yes
T004868,C005453,Bug,Low,0,Yes
T004869,C023750,Cancellation,Low,10,No
T004870,C046059,Login,Medium,13,No
T004871,C036030,Cancellation,Low,15,Yes
T004872,C032444,Bug,Medium,9,Yes
T004873,C034148,Billing,Medium,4,Yes
T004874,C049385,Cancellation,High,7,No
T004875,C031808,Login,High,2,No
T004876,C049097,Bug,Low,0,Yes
T004877,C046050,Billing,Low,10,No
T004878,C043707,Billing,High,13,No
T004879,C045275,Cancellation,Medium,5,Yes
T004880,C041680,Bug,Low,10,Yes
T004881,C046905,Cancellation,Medium,11,Yes
T004882,C035002,Login,Low,4,No
T004883,C011196,Billing,Medium,12,Yes
T004884,C048582,Bug,Low,9,No
T004885,C026655,Bug,High,11,Yes
T004886,C019568,Billing,High,2,No
T004887,C007861,Feature,Low,8,No
T004888,C043580,Login,Medium,12,No
T004889,C040190,Bug,Medium,13,No
T004890,C020548,Login,Low,6,Yes
T004891,C023846,Billing,Low,5,Yes
T004892,C002894,Bug,Low,10,No
T004893,C040735,Billing,Low,11,Yes
T004894,C020046,Login,Low,8,Yes
T004895,C033905,Feature,Low,2,Yes
T004896,C035108,Billing,Medium,9,No
T004897,C027535,Cancellation,Low,7,No
T004898,C028515,Billing,Medium,14,No
T004899,C016058,Cancellation,Low,15,No
T004900,C037309,Cancellation,Low,13,Yes
T004901,C025668,Feature,Low,6,Yes
T004902,C018159,Bug,Low,2,Yes
T004903,C047336,Cancellation,Low,9,No
T004904,C011186,Billing,High,14,No
T004905,C029169,Cancellation,Medium,8,No
T004906,C037086,Login,Medium,14,Yes
T004907,C037404,Bug,Medium,3,Yes
T004908,C030161,Bug,High,7,No
T004909,C039104,Billing,Low,3,Yes
T004910,C026512,Feature,Medium,10,Yes
T004911,C006747,Login,Medium,10,Yes
T004912,C025098,Bug,Low,8,Yes
T004913,C035931,Feature,High,14,Yes
T004914,C017899,Login,High,6,Yes
T004915,C033476,Login,Medium,12,Yes
T004916,C046243,Feature,Medium,9,No
T004917,C046487,Cancellation,Medium,7,No
T004918,C015085,Bug,High,15,Yes
T004919,C042089,Billing,Low,4,Yes
T004920,C020269,Billing,Low,10,No
T004921,C010828,Feature,High,14,No
T004922,C022565,Login,High,2,Yes
T004923,C028582,Cancellation,High,9,No
T004924,C030317,Cancellation,High,8,Yes
T004925,C007926,Cancellation,Medium,9,No
T004926,C027641,Feature,Medium,5,No
T004927,C024055,Billing,Medium,13,No
T004928,C002410,Bug,Low,9,No
T004929,C030179,Bug,Medium,4,Yes
T004930,C011007,Bug,Low,5,Yes
T004931,C029126,Bug,High,7,No
T004932,C041097,Billing,Medium,9,No
T004933,C046152,Cancellation,High,3,No
T004934,C042439,Bug,Low,14,No
T004935,C030254,Cancellation,High,15,Yes
T004936,C016952,Billing,Medium,6,Yes
T004937,C046326,Cancellation,Medium,10,Yes
T004938,C028907,Login,Medium,2,No
T004939,C041156,Bug,Medium,9,Yes
T004940,C029050,Login,High,10,Yes
T004941,C043452,Bug,Medium,3,No
T004942,C026082,Cancellation,Low,2,No
T004943,C016630,Feature,High,15,No
T004944,C005014,Bug,High,2,Yes
T004945,C011743,Bug,Medium,10,No
T004946,C019450,Login,Medium,13,No
T004947,C030606,Bug,Medium,11,No
T004948,C035549,Login,Low,10,No
T004949,C045080,Bug,Medium,4,No
T004950,C035044,Login,High,13,Yes
T004951,C026310,Feature,High,2,Yes
T004952,C019988,Feature,Low,0,Yes
T004953,C010670,Bug,Low,12,No
T004954,C007606,Bug,High,4,No
T004955,C020905,Bug,Medium,3,Yes
T004956,C003939,Bug,Low,11,No
T004957,C043003,Billing,Low,4,Yes
T004958,C002758,Bug,Low,11,No
T004959,C029266,Feature,Medium,6,Yes
T004960,C024278,Cancellation,Low,3,Yes
T004961,C039819,Feature,Low,15,No
T004962,C034889,Login,High,9,Yes
T004963,C027061,Billing,Low,8,No
T004964,C032897,Login,Medium,11,No
T004965,C011435,Cancellation,High,12,No
T004966,C012576,Feature,Low,13,Yes
T004967,C049622,Cancellation,Medium,0,Yes
T004968,C022716,Login,High,0,No
T004969,C042924,Feature,Medium,10,Yes
T004970,C046802,Login,Low,11,No
T004971,C002337,Login,Medium,8,Yes
T004972,C043274,Billing,High,8,Yes
T004973,C016896,Cancellation,Low,13,No
T004974,C042663,Login,Medium,1,No
T004975,C015486,Billing,Low,15,Yes
T004976,C004689,Cancellation,Low,6,No
T004977,C032441,Login,Low,10,Yes
T004978,C011769,Login,Medium,12,Yes
T004979,C013058,Cancellation,Medium,7,Yes
T004980,C046939,Bug,High,2,No
T004981,C009213,Feature,High,7,Yes
T004982,C028439,Billing,Medium,1,Yes
T004983,C034902,Login,Medium,15,Yes
T004984,C018276,Billing,Medium,4,No
T004985,C029109,Billing,Medium,15,No
T004986,C044875,Feature,Low,12,No
T004987,C024102,Feature,Medium,9,No
T004988,C018368,Billing,Low,7,Yes
T004989,C021314,Cancellation,Medium,8,No
T004990,C028756,Billing,High,9,Yes
T004991,C044635,Cancellation,Low,13,No
T004992,C002917,Feature,Low,2,Yes
T004993,C044763,Billing,High,13,Yes
T004994,C014408,Cancellation,Medium,10,Yes
T004995,C035426,Bug,High,3,No
T004996,C047775,Login,Low,11,No
T004997,C026799,Billing,Medium,7,Yes
T004998,C012957,Cancellation,Medium,1,Yes
T004999,C023630,Bug,Medium,12,Yes
T005000,C012245,Feature,Low,0,No
T005001,C031798,Bug,Medium,10,Yes
T005002,C033462,Cancellation,High,15,Yes
T005003,C003992,Feature,Low,1,No
T005004,C022633,Login,Low,11,No
T005005,C030382,Login,High,13,Yes
T005006,C019041,Bug,Low,4,No
T005007,C047764,Login,Low,15,No
T005008,C016175,Cancellation,High,12,Yes
T005009,C037019,Cancellation,High,8,Yes
T005010,C025784,Login,High,5,No
T005011,C020239,Cancellation,Low,4,No
T005012,C031392,Feature,High,7,Yes
T005013,C048947,Feature,High,5,Yes
T005014,C002777,Billing,Medium,0,No
T005015,C000614,Login,High,9,No
T005016,C038870,Billing,High,0,No
T005017,C014208,Login,Low,9,Yes
T005018,C033944,Billing,Low,11,Yes
T005019,C013053,Login,Low,0,No
T005020,C037009,Bug,High,2,No
T005021,C000231,Billing,Medium,6,Yes
T005022,C002195,Login,Low,13,Yes
T005023,C024435,Cancellation,Low,5,No
T005024,C045177,Bug,Low,14,Yes
T005025,C036426,Bug,High,10,No
T005026,C042685,Bug,Medium,11,No
T005027,C006561,Feature,Low,8,No
T005028,C035916,Bug,Medium,6,No
T005029,C013663,Feature,Low,14,Yes
T005030,C012849,Feature,Medium,1,Yes
T005031,C035145,Bug,High,0,No
T005032,C018446,Feature,Low,11,No
T005033,C002138,Feature,High,3,Yes
T005034,C034508,Login,Low,3,No
T005035,C034704,Billing,Low,1,No
T005036,C023659,Login,Low,14,No
T005037,C001084,Login,Medium,15,No
T005038,C023191,Login,High,0,Yes
T005039,C033048,Billing,Low,15,No
T005040,C006519,Cancellation,Medium,12,Yes
T005041,C002871,Login,Low,1,Yes
T005042,C027224,Cancellation,Medium,14,No
T005043,C030288,Bug,Medium,10,No
T005044,C042933,Bug,High,15,No
T005045,C035865,Cancellation,Low,10,No
T005046,C009174,Feature,Medium,14,No
T005047,C021031,Login,Low,15,Yes
T005048,C002716,Bug,Medium,4,No
T005049,C026485,Bug,High,0,No
T005050,C005786,Feature,High,15,No
T005051,C008707,Billing,Low,7,Yes
T005052,C015143,Billing,Low,13,Yes
T005053,C030750,Cancellation,High,0,Yes
T005054,C014596,Feature,Low,5,No
T005055,C041640,Billing,Low,0,Yes
T005056,C006647,Billing,High,1,Yes
T005057,C018305,Login,High,9,Yes
T005058,C039663,Bug,Medium,6,No
T005059,C035614,Billing,High,15,Yes
T005060,C022661,Cancellation,Medium,12,Yes
T005061,C048595,Login,Medium,0,No
T005062,C044581,Cancellation,Low,0,No
T005063,C027349,Feature,High,9,No
T005064,C043969,Feature,Medium,7,No
T005065,C010055,Cancellation,Low,15,No
T005066,C010917,Billing,Low,11,Yes
T005067,C025963,Bug,Medium,15,No
T005068,C007702,Bug,High,15,Yes
T005069,C028343,Billing,Low,15,Yes
T005070,C030329,Cancellation,High,8,Yes
T005071,C011668,Login,High,0,Yes
T005072,C038802,Login,Medium,2,Yes
T005073,C025999,Login,Low,15,No
T005074,C043347,Billing,High,13,No
T005075,C045952,Cancellation,Medium,14,Yes
T005076,C020372,Billing,Medium,11,No
T005077,C043949,Login,High,1,Yes
T005078,C020543,Cancellation,Low,2,No
T005079,C036938,Cancellation,Medium,6,No
T005080,C002727,Feature,High,10,No
T005081,C018054,Cancellation,Medium,11,Yes
T005082,C044683,Billing,Low,1,Yes
T005083,C014797,Bug,Low,9,Yes
T005084,C037233,Login,Low,9,Yes
T005085,C030743,Login,Low,6,Yes
T005086,C004409,Bug,Medium,6,No
T005087,C002943,Login,Low,0,No
T005088,C025821,Feature,Medium,15,Yes
T005089,C007750,Login,High,15,No
T005090,C034232,Feature,Medium,15,Yes
T005091,C011321,Bug,High,14,Yes
T005092,C015742,Billing,Low,9,No
T005093,C047558,Feature,Medium,1,No
T005094,C042133,Login,Medium,11,Yes
T005095,C013007,Feature,High,15,Yes
T005096,C031667,Login,High,5,Yes
T005097,C008631,Feature,Low,3,No
T005098,C001030,Billing,Medium,3,Yes
T005099,C041144,Login,Low,5,Yes
T005100,C034953,Feature,Medium,7,Yes
T005101,C043454,Cancellation,Low,0,No
T005102,C023404,Feature,Low,14,Yes
T005103,C049554,Bug,Medium,8,Yes
T005104,C009416,Cancellation,Medium,1,Yes
T005105,C049802,Cancellation,High,11,Yes
T005106,C001794,Feature,Medium,12,Yes
T005107,C034372,Login,Medium,3,Yes
T005108,C036994,Billing,Medium,15,Yes
T005109,C002991,Feature,Medium,13,No
T005110,C016804,Feature,High,13,No
T005111,C018704,Cancellation,Low,3,No
T005112,C018661,Cancellation,Low,9,No
T005113,C030490,Login,Medium,0,Yes
T005114,C031653,Bug,Medium,6,No
T005115,C040727,Bug,High,12,No
T005116,C005718,Bug,Medium,6,No
T005117,C016952,Cancellation,High,13,No
T005118,C024595,Bug,High,12,No
T005119,C045562,Cancellation,Medium,3,No
T005120,C037440,Login,Medium,13,Yes
T005121,C021162,Feature,Low,1,Yes
T005122,C018127,Bug,Medium,9,Yes
T005123,C016106,Feature,Medium,0,Yes
T005124,C016815,Bug,High,12,Yes
T005125,C013615,Billing,Low,10,Yes
T005126,C037894,Login,Medium,13,No
T005127,C007428,Bug,High,2,No
T005128,C026770,Feature,Low,6,Yes
T005129,C013615,Feature,High,8,No
T005130,C029702,Feature,Low,10,Yes
T005131,C047586,Bug,High,1,Yes
T005132,C034724,Login,Medium,4,No
T005133,C033417,Feature,Medium,11,No
T005134,C013904,Cancellation,Medium,4,No
T005135,C031270,Billing,High,12,Yes
T005136,C008170,Login,High,11,No
T005137,C041790,Billing,Low,15,No
T005138,C012666,Feature,Low,0,No
T005139,C030713,Bug,Medium,13,No
T005140,C014922,Cancellation,High,4,Yes
T005141,C028591,Bug,High,12,Yes
T005142,C027507,Cancellation,Medium,6,No
T005143,C005108,Cancellation,Medium,14,No
T005144,C026908,Feature,High,13,No
T005145,C006025,Login,Low,2,Yes
T005146,C010700,Login,High,4,No
T005147,C005767,Bug,Medium,11,No
T005148,C026148,Billing,Low,9,No
T005149,C027246,Feature,Low,15,No
T005150,C011204,Cancellation,Low,8,Yes
T005151,C003777,Billing,Medium,8,Yes
T005152,C037831,Login,Medium,10,No
T005153,C048620,Feature,High,11,Yes
T005154,C021096,Billing,Medium,4,Yes
T005155,C007345,Bug,Medium,2,No
T005156,C013218,Feature,High,13,No
T005157,C015897,Feature,Low,8,No
T005158,C027992,Bug,High,4,No
T005159,C015286,Bug,Low,2,No
T005160,C009315,Login,Medium,3,Yes
T005161,C020650,Cancellation,Low,5,No
T005162,C043013,Cancellation,High,8,Yes
T005163,C035042,Billing,Medium,0,No
T005164,C011871,Login,Low,3,No
T005165,C030455,Billing,Medium,0,No
T005166,C031807,Billing,Medium,0,Yes
T005167,C015065,Cancellation,Low,2,No
T005168,C002598,Feature,Low,14,Yes
T005169,C037084,Billing,Low,7,No
T005170,C006272,Feature,Low,15,Yes
T005171,C008792,Billing,Medium,6,Yes
T005172,C035857,Login,High,14,Yes
T005173,C028833,Feature,High,0,No
T005174,C004935,Login,High,5,Yes
T005175,C029703,Feature,Low,11,Yes
T005176,C045775,Cancellation,Low,8,No
T005177,C015425,Billing,High,7,No
T005178,C022185,Feature,High,1,No
T005179,C026752,Login,Low,3,No
T005180,C033581,Bug,Medium,6,No
T005181,C006453,Cancellation,Medium,10,No
T005182,C013363,Bug,Medium,9,Yes
T005183,C030112,Cancellation,High,1,Yes
T005184,C007166,Feature,High,10,No
T005185,C007222,Billing,Medium,7,Yes
T005186,C018894,Login,Medium,2,Yes
T005187,C015503,Login,Medium,14,Yes
T005188,C001336,Billing,Low,7,Yes
T005189,C030193,Login,Medium,12,Yes
T005190,C038798,Bug,Low,9,No
T005191,C045604,Cancellation,Low,0,Yes
T005192,C017923,Billing,Medium,9,No
T005193,C039204,Billing,High,5,No
T005194,C006585,Login,Low,3,Yes
T005195,C033580,Bug,High,6,No
T005196,C037889,Login,Medium,9,Yes
T005197,C012581,Cancellation,Low,7,Yes
T005198,C044267,Feature,Medium,0,No
T005199,C002831,Login,Medium,7,No
T005200,C031555,Login,Medium,5,No
T005201,C040315,Feature,Low,7,No
T005202,C032437,Login,Medium,14,No
T005203,C039409,Feature,Low,3,No
T005204,C026418,Bug,Medium,5,Yes
T005205,C013582,Login,High,5,No
T005206,C018007,Bug,High,10,No
T005207,C021294,Bug,Medium,4,No
T005208,C013538,Feature,Low,2,Yes
T005209,C047516,Cancellation,Medium,15,Yes
T005210,C014271,Feature,Low,7,Yes
T005211,C039481,Bug,Medium,8,Yes
T005212,C030285,Feature,High,7,Yes
T005213,C014769,Feature,Low,5,Yes
T005214,C043227,Cancellation,High,7,No
T005215,C040303,Billing,High,13,Yes
T005216,C018703,Billing,Low,3,No
T005217,C040757,Bug,Medium,1,Yes
T005218,C023326,Bug,Medium,12,Yes
T005219,C017434,Billing,High,4,Yes
T005220,C023892,Bug,Low,9,Yes
T005221,C030093,Bug,Medium,7,Yes
T005222,C032502,Login,Low,15,No
T005223,C014789,Cancellation,Low,7,No
T005224,C018194,Cancellation,Medium,6,Yes
T005225,C039798,Cancellation,Medium,14,No
T005226,C007563,Billing,Low,13,Yes
T005227,C014788,Billing,Low,7,Yes
T005228,C049539,Bug,Medium,4,No
T005229,C043593,Bug,Low,14,Yes
T005230,C020050,Feature,High,11,Yes
T005231,C021279,Bug,Medium,14,Yes
T005232,C040559,Login,Low,5,Yes
T005233,C005284,Billing,High,1,Yes
T005234,C041826,Cancellation,Medium,11,No
T005235,C037317,Billing,High,12,Yes
T005236,C007566,Login,Low,10,Yes
T005237,C043565,Login,Medium,4,Yes
T005238,C047275,Login,Low,8,Yes
T005239,C034948,Cancellation,Medium,14,No
T005240,C014073,Billing,High,15,No
T005241,C003959,Login,High,6,Yes
T005242,C003417,Login,Medium,15,Yes
T005243,C038660,Feature,Low,0,Yes
T005244,C041576,Billing,High,11,No
T005245,C007555,Login,High,7,Yes
T005246,C027575,Bug,Medium,13,Yes
T005247,C049246,Bug,Medium,0,Yes
T005248,C042685,Cancellation,Low,5,No
T005249,C003763,Login,Low,14,Yes
T005250,C043487,Cancellation,Low,11,No
T005251,C016708,Feature,Medium,7,Yes
T005252,C034447,Bug,Medium,13,Yes
T005253,C026576,Billing,Low,8,No
T005254,C016572,Billing,Medium,1,No
T005255,C045975,Cancellation,High,3,No
T005256,C028759,Feature,Medium,13,Yes
T005257,C019408,Bug,Low,11,No
T005258,C006387,Feature,High,9,Yes
T005259,C005902,Cancellation,High,2,Yes
T005260,C046456,Cancellation,Medium,14,No
T005261,C006125,Bug,High,15,Yes
T005262,C028200,Bug,Low,0,Yes
T005263,C021376,Login,Low,10,Yes
T005264,C024141,Feature,Low,0,No
T005265,C028186,Cancellation,Low,4,No
T005266,C035780,Feature,Medium,11,Yes
T005267,C036463,Billing,High,6,Yes
T005268,C020682,Billing,High,4,Yes
T005269,C024691,Cancellation,Medium,10,No
T005270,C028881,Cancellation,Medium,11,Yes
T005271,C015532,Feature,Medium,8,Yes
T005272,C031765,Feature,High,5,No
T005273,C030798,Bug,Low,2,No
T005274,C019294,Cancellation,Low,8,Yes
T005275,C025162,Billing,High,2,Yes
T005276,C000721,Bug,Low,11,Yes
T005277,C007592,Billing,Medium,8,Yes
T005278,C049990,Bug,Low,8,Yes
T005279,C043433,Billing,Medium,3,No
T005280,C014110,Cancellation,Low,9,Yes
T005281,C022794,Feature,High,9,Yes
T005282,C027754,Login,Low,14,Yes
T005283,C049112,Bug,Medium,4,No
T005284,C030643,Login,Low,10,Yes
T005285,C012268,Cancellation,Medium,14,No
T005286,C032608,Login,Low,1,No
T005287,C047524,Feature,Low,4,No
T005288,C030629,Feature,High,14,Yes
T005289,C046743,Billing,Low,8,Yes
T005290,C035872,Cancellation,Medium,13,Yes
T005291,C024027,Cancellation,Medium,10,Yes
T005292,C020009,Billing,Low,0,No
T005293,C019767,Login,Low,9,Yes
T005294,C037919,Feature,Low,2,No
T005295,C004476,Bug,Low,2,No
T005296,C039434,Billing,High,10,Yes
T005297,C013474,Login,Medium,8,No
T005298,C005955,Bug,Medium,8,Yes
T005299,C023582,Bug,Medium,8,No
T005300,C001876,Cancellation,High,3,No
T005301,C033823,Feature,Low,4,No
T005302,C021270,Cancellation,Medium,9,Yes
T005303,C016095,Login,Medium,1,No
T005304,C011248,Feature,Medium,5,No
T005305,C014274,Login,High,5,Yes
T005306,C035951,Feature,Low,5,Yes
T005307,C008647,Billing,Medium,12,Yes
T005308,C002451,Bug,High,15,Yes
T005309,C029910,Billing,Low,9,Yes
T005310,C023498,Cancellation,Medium,10,No
T005311,C048128,Bug,High,15,Yes
T005312,C038005,Billing,Medium,14,Yes
T005313,C044243,Cancellation,Medium,0,Yes
T005314,C036433,Cancellation,High,14,Yes
T005315,C000553,Billing,High,4,Yes
T005316,C004802,Billing,Low,10,Yes
T005317,C020635,Billing,High,11,Yes
T005318,C003675,Feature,Medium,8,No
T005319,C038128,Billing,Medium,8,No
T005320,C011349,Login,High,3,No
T005321,C013680,Billing,Low,10,Yes
T005322,C017442,Billing,Low,7,Yes
T005323,C034488,Bug,Medium,13,Yes
T005324,C004060,Billing,Low,7,Yes
T005325,C048996,Feature,Medium,2,Yes
T005326,C007820,Feature,Low,4,No
T005327,C014224,Bug,High,3,Yes
T005328,C039829,Billing,Low,9,No
T005329,C047829,Login,Medium,2,No
T005330,C004324,Login,High,7,No
T005331,C015444,Bug,High,11,No
T005332,C000757,Login,Medium,11,Yes
T005333,C014558,Feature,High,7,Yes
T005334,C011715,Billing,Medium,1,Yes
T005335,C033190,Cancellation,Medium,10,No
T005336,C035427,Billing,High,13,No
T005337,C001523,Billing,High,0,No
T005338,C047431,Login,Low,14,No
T005339,C007558,Bug,High,14,No
T005340,C001680,Login,Medium,7,No
T005341,C049966,Feature,Medium,2,No
T005342,C035906,Billing,Low,14,Yes
T005343,C030421,Billing,Low,11,No
T005344,C003682,Bug,High,15,Yes
T005345,C037313,Billing,High,0,No
T005346,C043362,Cancellation,Low,10,Yes
T005347,C018974,Bug,Low,3,No
T005348,C043695,Billing,High,12,Yes
T005349,C010564,Cancellation,Medium,4,No
T005350,C045379,Cancellation,High,0,Yes
T005351,C029710,Login,High,15,Yes
T005352,C021548,Login,High,13,No
T005353,C029375,Cancellation,Medium,3,No
T005354,C010053,Login,Medium,5,No
T005355,C023457,Bug,Medium,5,No
T005356,C023821,Login,High,8,No
T005357,C046541,Login,Low,9,Yes
T005358,C016099,Cancellation,High,4,No
T005359,C039157,Bug,Low,1,Yes
T005360,C022075,Login,Low,2,No
T005361,C048043,Billing,High,10,Yes
T005362,C046902,Billing,Low,14,No
T005363,C000014,Billing,High,7,Yes
T005364,C049075,Cancellation,Medium,15,Yes
T005365,C018102,Billing,Low,14,Yes
T005366,C014993,Feature,High,4,Yes
T005367,C013913,Bug,Low,14,Yes
T005368,C016047,Bug,Medium,5,No
T005369,C006947,Cancellation,High,2,Yes
T005370,C031374,Billing,High,14,Yes
T005371,C035796,Login,High,2,No
T005372,C019690,Bug,High,7,Yes
T005373,C017324,Billing,High,6,No
T005374,C001415,Bug,Low,9,No
T005375,C011052,Cancellation,Medium,9,Yes
T005376,C006331,Login,High,13,Yes
T005377,C013624,Cancellation,High,7,Yes
T005378,C046397,Feature,Medium,2,Yes
T005379,C037179,Bug,High,10,No
T005380,C044947,Billing,Medium,8,Yes
T005381,C006015,Login,Medium,11,No
T005382,C032950,Bug,High,8,No
T005383,C025769,Login,High,12,Yes
T005384,C030770,Billing,High,7,Yes
T005385,C024686,Billing,Medium,1,Yes
T005386,C025952,Billing,Medium,15,Yes
T005387,C031814,Cancellation,Low,2,No
T005388,C025548,Cancellation,Low,5,Yes
T005389,C002485,Billing,Medium,11,No
T005390,C025844,Login,High,0,Yes
T005391,C023499,Billing,Medium,8,Yes
T005392,C019670,Billing,Medium,0,Yes
T005393,C022487,Bug,High,1,No
T005394,C043468,Bug,Medium,4,No
T005395,C004965,Login,Medium,5,Yes
T005396,C007566,Bug,Medium,14,No
T005397,C003966,Feature,Medium,9,No
T005398,C027247,Feature,Low,13,No
T005399,C009944,Login,Medium,10,Yes
T005400,C046544,Feature,High,13,Yes
T005401,C040616,Login,High,2,No
T005402,C049067,Cancellation,Medium,6,Yes
T005403,C037250,Feature,Low,4,No
T005404,C009424,Login,High,11,Yes
T005405,C010326,Feature,Low,4,No
T005406,C003736,Feature,Low,6,No
T005407,C035942,Billing,High,14,Yes
T005408,C004981,Cancellation,Low,5,Yes
T005409,C010628,Feature,High,11,Yes
T005410,C013996,Bug,Low,1,Yes
T005411,C017358,Billing,High,13,Yes
T005412,C006715,Billing,Low,14,Yes
T005413,C043661,Bug,Low,11,Yes
T005414,C032086,Login,Medium,9,Yes
T005415,C025731,Cancellation,Medium,10,Yes
T005416,C022034,Login,High,8,Yes
T005417,C038923,Cancellation,Medium,8,No
T005418,C031036,Bug,Low,14,Yes
T005419,C017355,Bug,Low,9,Yes
T005420,C049308,Login,Low,11,Yes
T005421,C017837,Billing,Low,14,Yes
T005422,C020731,Cancellation,Medium,7,No
T005423,C014834,Bug,Low,11,Yes
T005424,C046199,Cancellation,Low,14,No
T005425,C027549,Feature,High,13,Yes
T005426,C019069,Feature,High,5,Yes
T005427,C037110,Bug,Medium,5,Yes
T005428,C038469,Bug,Medium,4,Yes
T005429,C044406,Bug,Medium,15,No
T005430,C028651,Bug,High,6,Yes
T005431,C001847,Feature,Low,10,Yes
T005432,C037518,Cancellation,High,10,No
T005433,C032084,Feature,Medium,12,No
T005434,C027514,Cancellation,Medium,12,Yes
T005435,C013165,Feature,Low,2,Yes
T005436,C011584,Feature,High,11,No
T005437,C025876,Cancellation,Low,2,No
T005438,C048306,Login,High,11,No
T005439,C005926,Login,Low,13,Yes
T005440,C003822,Feature,Low,12,No
T005441,C029292,Login,High,15,No
T005442,C022715,Feature,Medium,9,Yes
T005443,C048072,Billing,High,3,Yes
T005444,C010515,Cancellation,High,0,Yes
T005445,C012501,Bug,High,8,No
T005446,C005736,Billing,Low,5,Yes
T005447,C028362,Billing,Low,3,Yes
T005448,C010344,Feature,Low,2,Yes
T005449,C047811,Feature,Medium,7,No
T005450,C034983,Cancellation,Medium,13,Yes
T005451,C027309,Feature,Medium,9,No
T005452,C002284,Cancellation,High,10,No
T005453,C027757,Cancellation,Low,2,Yes
T005454,C045312,Bug,High,10,Yes
T005455,C047913,Cancellation,High,9,Yes
T005456,C005040,Billing,Medium,10,No
T005457,C005905,Login,Medium,15,No
T005458,C010002,Feature,Medium,9,No
T005459,C010372,Login,High,10,No
T005460,C013217,Billing,Low,8,No
T005461,C033641,Bug,High,4,No
T005462,C044731,Feature,High,12,Yes
T005463,C021003,Feature,Medium,6,Yes
T005464,C009883,Billing,Low,1,No
T005465,C046545,Billing,Medium,0,Yes
T005466,C000421,Feature,High,10,No
T005467,C030002,Bug,High,1,No
T005468,C032127,Cancellation,High,1,No
T005469,C010658,Bug,High,8,Yes
T005470,C029721,Feature,Low,14,No
T005471,C023132,Bug,Medium,12,No
T005472,C043508,Billing,High,8,No
T005473,C023568,Bug,Medium,2,No
T005474,C045920,Cancellation,Medium,1,Yes
T005475,C041288,Feature,Low,2,Yes
T005476,C012340,Bug,High,9,Yes
T005477,C029959,Billing,Low,13,No
T005478,C033615,Bug,High,0,Yes
T005479,C019394,Bug,Medium,6,Yes
T005480,C010545,Bug,Low,4,Yes
T005481,C040741,Bug,High,10,No
T005482,C046285,Cancellation,Medium,6,Yes
T005483,C049194,Feature,High,12,Yes
T005484,C003246,Bug,Low,2,Yes
T005485,C016906,Bug,Medium,8,No
T005486,C037912,Cancellation,High,2,No
T005487,C041615,Feature,Medium,10,No
T005488,C035715,Cancellation,Medium,2,No
T005489,C016706,Feature,Medium,4,No
T005490,C049238,Bug,Medium,12,Yes
T005491,C010495,Cancellation,Medium,6,Yes
T005492,C002440,Cancellation,High,3,Yes
T005493,C035313,Cancellation,Medium,12,Yes
T005494,C011528,Billing,Medium,11,Yes
T005495,C013594,Bug,High,1,No
T005496,C022414,Bug,High,2,Yes
T005497,C042586,Login,High,9,No
T005498,C048152,Cancellation,High,13,No
T005499,C039127,Feature,Medium,9,No
T005500,C044722,Feature,Low,8,No
T005501,C007486,Cancellation,Low,12,Yes
T005502,C043049,Cancellation,High,11,Yes
T005503,C000114,Billing,Medium,13,Yes
T005504,C029975,Bug,High,3,No
T005505,C012563,Cancellation,High,5,No
T005506,C031023,Login,High,5,Yes
T005507,C031351,Bug,Medium,12,Yes
T005508,C032473,Login,Medium,15,Yes
T005509,C000576,Bug,Low,6,Yes
T005510,C020535,Feature,Low,9,Yes
T005511,C012566,Feature,Low,11,Yes
T005512,C026781,Billing,Medium,2,Yes
T005513,C042131,Cancellation,Low,13,No
T005514,C033980,Login,High,14,No
T005515,C016314,Login,High,10,No
T005516,C047247,Feature,Medium,1,Yes
T005517,C000052,Feature,Low,12,No
T005518,C017820,Cancellation,Medium,8,Yes
T005519,C034199,Billing,Low,13,No
T005520,C038768,Cancellation,High,1,Yes
T005521,C016611,Feature,High,10,Yes
T005522,C049850,Bug,Low,11,No
T005523,C046316,Bug,Medium,9,No
T005524,C022973,Cancellation,Low,13,No
T005525,C042287,Feature,High,9,No
T005526,C032154,Login,Low,15,No
T005527,C028501,Feature,High,14,Yes
T005528,C012687,Billing,High,2,Yes
T005529,C025449,Cancellation,High,8,Yes
T005530,C045755,Feature,Low,14,No
T005531,C018497,Bug,Medium,12,Yes
T005532,C003674,Billing,Medium,15,Yes
T005533,C019397,Bug,Medium,10,Yes
T005534,C025729,Feature,High,8,Yes
T005535,C002601,Login,Low,7,No
T005536,C036539,Login,High,11,Yes
T005537,C041169,Billing,High,4,Yes
T005538,C006679,Billing,High,9,Yes
T005539,C005907,Bug,Medium,13,No
T005540,C011088,Billing,Low,5,Yes
T005541,C043302,Billing,Low,2,Yes
T005542,C043735,Login,Medium,15,Yes
T005543,C009047,Cancellation,Low,11,Yes
T005544,C029513,Login,Medium,8,Yes
T005545,C029880,Feature,High,10,Yes
T005546,C035011,Login,Low,7,Yes
T005547,C007950,Login,High,4,No
T005548,C039791,Cancellation,Medium,15,Yes
T005549,C017065,Billing,High,8,Yes
T005550,C027034,Login,Low,12,No
T005551,C040186,Cancellation,Low,10,Yes
T005552,C000756,Bug,Low,14,Yes
T005553,C023403,Bug,Low,7,Yes
T005554,C037958,Cancellation,High,11,No
T005555,C013831,Cancellation,Low,9,Yes
T005556,C044270,Feature,Medium,2,Yes
T005557,C036143,Cancellation,High,14,No
T005558,C049765,Billing,Medium,15,No
T005559,C037491,Billing,High,7,No
T005560,C011903,Billing,Medium,6,Yes
T005561,C044430,Billing,High,4,Yes
T005562,C046567,Cancellation,High,0,Yes
T005563,C034001,Login,High,0,Yes
T005564,C042370,Login,Low,0,No
T005565,C023923,Billing,Low,12,No
T005566,C031571,Bug,Medium,7,No
T005567,C013768,Bug,Medium,12,Yes
T005568,C015714,Billing,Low,15,Yes
T005569,C019471,Bug,High,14,Yes
T005570,C011326,Bug,High,2,No
T005571,C006828,Login,High,0,No
T005572,C033605,Cancellation,Medium,15,Yes
T005573,C043746,Bug,Low,14,No
T005574,C029018,Billing,Medium,5,Yes
T005575,C010609,Cancellation,Low,12,No
T005576,C038148,Feature,Medium,8,Yes
T005577,C020027,Cancellation,Medium,6,No
T005578,C039642,Billing,High,13,Yes
T005579,C018910,Bug,Low,5,No
T005580,C023811,Cancellation,High,7,No
T005581,C040278,Feature,Low,0,No
T005582,C027984,Billing,High,0,No
T005583,C011309,Billing,Medium,9,No
T005584,C020932,Login,Low,0,Yes
T005585,C001371,Login,Medium,10,Yes
T005586,C020452,Login,Medium,9,No
T005587,C004909,Login,Medium,8,Yes
T005588,C001704,Cancellation,Low,2,No
T005589,C030251,Cancellation,Low,1,Yes
T005590,C001373,Login,High,11,Yes
T005591,C010034,Billing,Medium,1,No
T005592,C047165,Billing,High,10,Yes
T005593,C025615,Bug,Medium,2,Yes
T005594,C017027,Feature,Medium,11,No
T005595,C014239,Cancellation,Low,1,Yes
T005596,C047266,Feature,Medium,12,No
T005597,C036577,Feature,Low,2,No
T005598,C015532,Billing,High,15,Yes
T005599,C041995,Feature,Low,13,No
T005600,C026893,Feature,High,8,Yes
T005601,C021559,Feature,High,14,Yes
T005602,C016640,Feature,High,10,No
T005603,C000049,Feature,High,0,No
T005604,C039163,Billing,Medium,10,Yes
T005605,C018041,Billing,Medium,13,Yes
T005606,C031356,Login,High,10,No
T005607,C047210,Cancellation,Medium,9,No
T005608,C045552,Cancellation,Low,13,No
T005609,C035757,Login,Low,6,Yes
T005610,C048121,Feature,Low,2,No
T005611,C047086,Feature,Medium,6,No
T005612,C044510,Bug,Medium,6,Yes
T005613,C045973,Bug,Low,5,Yes
T005614,C017907,Cancellation,Medium,9,No
T005615,C008879,Billing,Medium,13,No
T005616,C023346,Feature,Low,10,Yes
T005617,C015653,Login,Medium,15,Yes
T005618,C038695,Bug,Medium,3,Yes
T005619,C049966,Billing,Low,12,No
T005620,C040620,Billing,Medium,13,No
T005621,C034677,Billing,Low,1,No
T005622,C011717,Bug,High,12,No
T005623,C015028,Feature,Medium,9,No
T005624,C005209,Login,High,3,No
T005625,C023044,Bug,Medium,15,No
T005626,C038048,Login,High,6,No
T005627,C012283,Feature,High,13,No
T005628,C044712,Cancellation,Medium,1,No
T005629,C025344,Bug,Low,3,No
T005630,C048808,Cancellation,Low,7,Yes
T005631,C047829,Billing,Medium,9,No
T005632,C015220,Cancellation,Medium,3,No
T005633,C000693,Feature,High,3,Yes
T005634,C029352,Cancellation,Medium,4,No
T005635,C037891,Login,Medium,10,No
T005636,C006842,Login,High,11,No
T005637,C029633,Feature,Low,0,No
T005638,C026715,Feature,High,2,Yes
T005639,C003503,Billing,Medium,1,Yes
T005640,C001478,Login,High,13,No
T005641,C040244,Billing,High,15,No
T005642,C025452,Feature,Medium,4,No
T005643,C029406,Cancellation,Low,4,No
T005644,C027311,Billing,High,15,Yes
T005645,C004525,Cancellation,High,12,Yes
T005646,C002905,Bug,Medium,12,Yes
T005647,C049262,Feature,High,2,No
T005648,C003561,Login,Low,1,No
T005649,C000906,Login,Medium,1,Yes
T005650,C024533,Feature,High,0,Yes
T005651,C033438,Bug,High,7,Yes
T005652,C007491,Feature,Medium,11,Yes
T005653,C043223,Bug,High,13,No
T005654,C026606,Feature,Low,9,No
T005655,C043527,Bug,Low,8,Yes
T005656,C028499,Cancellation,High,7,No
T005657,C035131,Login,Medium,11,No
T005658,C003041,Feature,Medium,1,Yes
T005659,C034051,Login,Low,10,Yes
T005660,C049173,Feature,High,7,No
T005661,C016198,Feature,Medium,6,No
T005662,C048268,Billing,Medium,1,No
T005663,C049533,Cancellation,High,7,No
T005664,C013673,Billing,High,6,No
T005665,C026032,Billing,High,15,Yes
T005666,C018891,Login,High,8,Yes
T005667,C019999,Cancellation,Low,8,Yes
T005668,C014699,Feature,Medium,4,No
T005669,C037315,Cancellation,High,13,Yes
T005670,C036628,Bug,High,14,Yes
T005671,C026769,Bug,High,4,Yes
T005672,C003329,Bug,Medium,11,No
T005673,C041222,Login,High,3,No
T005674,C018505,Feature,Low,14,Yes
T005675,C038116,Login,Medium,0,No
T005676,C033126,Login,Medium,13,Yes
T005677,C009162,Billing,High,8,Yes
T005678,C020477,Bug,High,12,No
T005679,C019386,Feature,Low,6,No
T005680,C025893,Login,Medium,0,No
T005681,C045809,Billing,Low,7,No
T005682,C016678,Billing,Medium,2,Yes
T005683,C048530,Login,High,14,No
T005684,C012942,Feature,Low,1,No
T005685,C023943,Cancellation,Low,4,Yes
T005686,C030393,Feature,Medium,14,Yes
T005687,C019134,Login,Medium,2,Yes
T005688,C016978,Cancellation,Medium,10,Yes
T005689,C028373,Feature,Low,4,No
T005690,C039475,Feature,Medium,11,Yes
T005691,C006115,Bug,High,5,Yes
T005692,C008893,Cancellation,Medium,6,No
T005693,C042256,Cancellation,Medium,6,No
T005694,C006078,Cancellation,High,4,Yes
T005695,C015955,Bug,Low,5,Yes
T005696,C014879,Feature,Low,2,No
T005697,C013707,Cancellation,Medium,1,Yes
T005698,C036389,Feature,Medium,15,No
T005699,C016484,Feature,Medium,8,No
T005700,C022145,Login,High,7,Yes
T005701,C030654,Feature,Medium,0,No
T005702,C022386,Cancellation,High,14,No
T005703,C012647,Login,Medium,4,No
T005704,C038942,Billing,Medium,4,No
T005705,C017027,Billing,Medium,7,No
T005706,C044664,Billing,High,2,Yes
T005707,C003125,Bug,High,13,Yes
T005708,C000389,Bug,Low,1,No
T005709,C023712,Bug,Low,5,Yes
T005710,C004941,Billing,High,12,No
T005711,C037237,Feature,Medium,13,Yes
T005712,C029318,Billing,Medium,0,Yes
T005713,C003135,Login,Low,12,No
T005714,C019368,Bug,High,2,Yes
T005715,C043195,Login,High,14,Yes
T005716,C043577,Cancellation,Medium,2,No
T005717,C028647,Bug,Medium,8,Yes
T005718,C040197,Feature,High,3,No
T005719,C046161,Cancellation,Low,15,Yes
T005720,C027459,Billing,Medium,12,Yes
T005721,C041574,Bug,Low,7,No
T005722,C023025,Bug,High,13,Yes
T005723,C019668,Login,High,13,Yes
T005724,C031382,Login,High,2,No
T005725,C013171,Cancellation,Medium,15,Yes
T005726,C009500,Feature,High,1,No
T005727,C005507,Bug,Medium,9,No
T005728,C021066,Login,Medium,5,No
T005729,C015006,Cancellation,High,12,Yes
T005730,C001085,Login,Low,12,Yes
T005731,C048525,Cancellation,Medium,3,Yes
T005732,C006994,Bug,Medium,13,No
T005733,C041821,Billing,Low,12,No
T005734,C037970,Cancellation,Low,12,Yes
T005735,C015767,Feature,Low,9,Yes
T005736,C025745,Feature,Low,7,Yes
T005737,C033625,Cancellation,High,10,Yes
T005738,C003101,Bug,Medium,15,No
T005739,C010063,Login,Low,1,Yes
T005740,C018813,Feature,High,10,No
T005741,C024026,Feature,High,6,Yes
T005742,C026689,Cancellation,High,8,Yes
T005743,C017084,Feature,High,4,No
T005744,C041762,Bug,Low,11,Yes
T005745,C004122,Bug,High,1,Yes
T005746,C015982,Feature,High,11,Yes
T005747,C018216,Login,Low,8,No
T005748,C010423,Bug,Medium,13,Yes
T005749,C029502,Login,High,0,Yes
T005750,C039514,Bug,High,5,No
T005751,C014765,Billing,Medium,9,Yes
T005752,C013065,Login,Low,12,No
T005753,C040509,Bug,Medium,1,Yes
T005754,C036158,Login,Low,0,Yes
T005755,C028180,Feature,High,11,No
T005756,C033068,Billing,High,0,Yes
T005757,C048046,Cancellation,Medium,9,No
T005758,C018167,Login,Low,3,Yes
T005759,C018930,Login,Medium,8,No
T005760,C008897,Bug,High,11,No
T005761,C035460,Bug,Low,14,Yes
T005762,C025644,Feature,Medium,14,No
T005763,C003685,Feature,Low,14,Yes
T005764,C008733,Cancellation,Medium,7,No
T005765,C038574,Feature,Medium,2,No
T005766,C021898,Login,Medium,6,No
T005767,C030570,Cancellation,Medium,9,No
T005768,C019556,Login,Medium,10,No
T005769,C012546,Billing,Low,10,No
T005770,C004380,Cancellation,Low,5,No
T005771,C021186,Login,Medium,10,Yes
T005772,C008546,Login,Medium,11,No
T005773,C005141,Cancellation,High,0,No
T005774,C032155,Bug,Medium,15,No
T005775,C034272,Cancellation,Low,4,No
T005776,C007525,Billing,Medium,10,Yes
T005777,C021261,Login,Low,13,No
T005778,C044137,Cancellation,Low,14,Yes
T005779,C038042,Feature,Low,15,No
T005780,C001405,Bug,High,15,Yes
T005781,C021402,Billing,High,13,Yes
T005782,C010985,Billing,High,11,No
T005783,C015639,Cancellation,High,13,No
T005784,C022910,Billing,Medium,1,Yes
T005785,C022367,Billing,Medium,7,Yes
T005786,C024656,Login,High,4,No
T005787,C036072,Bug,High,11,No
T005788,C023470,Cancellation,High,3,Yes
T005789,C038453,Feature,High,15,No
T005790,C016228,Login,Medium,14,Yes
T005791,C025371,Feature,Low,8,No
T005792,C000572,Cancellation,High,3,Yes
T005793,C019991,Cancellation,High,9,Yes
T005794,C049865,Bug,Medium,11,Yes
T005795,C040163,Cancellation,Low,11,No
T005796,C049004,Login,Low,7,No
T005797,C047322,Feature,Medium,8,No
T005798,C036550,Login,Low,12,Yes
T005799,C038577,Login,Low,10,Yes
T005800,C012215,Bug,Low,8,Yes
T005801,C042756,Bug,High,10,Yes
T005802,C048000,Bug,Low,12,No
T005803,C017268,Login,Medium,11,Yes
T005804,C014392,Billing,Low,7,No
T005805,C046556,Billing,Medium,1,No
T005806,C039482,Login,High,7,No
T005807,C035394,Bug,High,7,No
T005808,C010960,Bug,Medium,6,No
T005809,C006778,Cancellation,Low,11,Yes
T005810,C044024,Bug,Low,3,No
T005811,C043176,Cancellation,High,0,Yes
T005812,C004152,Login,High,2,No
T005813,C029877,Cancellation,Medium,3,No
T005814,C045229,Cancellation,Medium,15,Yes
T005815,C025216,Login,Medium,2,Yes
T005816,C032115,Feature,High,11,No
T005817,C005989,Billing,Medium,6,Yes
T005818,C004561,Feature,Low,15,No
T005819,C004746,Billing,Medium,6,No
T005820,C049813,Login,Medium,8,No
T005821,C042355,Bug,Low,2,Yes
T005822,C042453,Billing,Low,9,Yes
T005823,C006735,Cancellation,High,8,Yes
T005824,C047960,Billing,Medium,11,No
T005825,C024932,Feature,Low,6,No
T005826,C038521,Feature,Medium,11,Yes
T005827,C030331,Billing,Medium,4,Yes
T005828,C014282,Bug,Medium,15,No
T005829,C042521,Cancellation,Low,2,Yes
T005830,C010400,Bug,Low,0,No
T005831,C007941,Billing,Low,3,Yes
T005832,C038630,Cancellation,High,12,No
T005833,C048635,Cancellation,Medium,3,No
T005834,C006026,Bug,Medium,4,No
T005835,C042183,Login,High,8,No
T005836,C018235,Feature,Medium,15,Yes
T005837,C031232,Billing,High,1,No
T005838,C049673,Feature,High,3,No
T005839,C009384,Billing,High,11,Yes
T005840,C041629,Billing,Low,2,Yes
T005841,C049629,Feature,Low,10,No
T005842,C041061,Feature,Low,14,Yes
T005843,C012967,Bug,Medium,11,No
T005844,C021327,Cancellation,Medium,12,No
T005845,C047226,Cancellation,High,0,Yes
T005846,C037707,Bug,Medium,3,No
T005847,C041989,Billing,High,8,Yes
T005848,C030186,Bug,High,7,Yes
T005849,C032838,Billing,Low,4,No
T005850,C045745,Bug,Medium,6,No
T005851,C009658,Cancellation,High,14,No
T005852,C023049,Login,Medium,12,Yes
T005853,C039656,Feature,Low,4,No
T005854,C013258,Cancellation,High,7,No
T005855,C045551,Bug,Medium,7,Yes
T005856,C010182,Bug,High,10,Yes
T005857,C007947,Feature,Low,14,Yes
T005858,C019457,Bug,Medium,15,Yes
T005859,C009622,Bug,Medium,14,No
T005860,C043190,Feature,High,0,Yes
T005861,C037563,Cancellation,Medium,3,Yes
T005862,C022400,Cancellation,Medium,9,Yes
T005863,C009321,Cancellation,High,12,No
T005864,C042091,Feature,Medium,15,No
T005865,C000889,Login,High,0,Yes
T005866,C028365,Login,High,11,Yes
T005867,C041998,Cancellation,Medium,13,Yes
T005868,C045190,Cancellation,Medium,1,Yes
T005869,C033860,Cancellation,High,8,Yes
T005870,C006687,Bug,High,11,Yes
T005871,C023294,Bug,Low,4,No
T005872,C005089,Billing,Low,0,Yes
T005873,C021434,Feature,Medium,11,No
T005874,C008881,Cancellation,Medium,7,Yes
T005875,C042910,Feature,Medium,5,No
T005876,C017850,Billing,Medium,3,No
T005877,C016980,Cancellation,Medium,5,No
T005878,C000289,Bug,High,3,Yes
T005879,C037734,Bug,High,0,No
T005880,C038274,Cancellation,Low,3,No
T005881,C029831,Feature,Low,9,Yes
T005882,C039665,Login,Low,9,No
T005883,C023355,Bug,High,1,Yes
T005884,C003755,Billing,Medium,11,No
T005885,C017078,Feature,Medium,10,Yes
T005886,C029125,Feature,High,14,No
T005887,C049560,Cancellation,High,14,Yes
T005888,C003619,Billing,Medium,7,Yes
T005889,C049401,Feature,High,10,Yes
T005890,C024882,Feature,High,13,Yes
T005891,C029570,Cancellation,Low,0,Yes
T005892,C013619,Cancellation,Low,0,Yes
T005893,C010663,Cancellation,Low,0,Yes
T005894,C043433,Login,Medium,15,Yes
T005895,C045484,Billing,High,8,Yes
T005896,C005550,Feature,High,15,No
T005897,C001552,Bug,High,12,Yes
T005898,C020513,Login,Medium,0,No
T005899,C046029,Cancellation,Medium,2,Yes
T005900,C014591,Bug,Low,7,No
T005901,C002369,Cancellation,High,8,Yes
T005902,C048894,Cancellation,Low,2,No
T005903,C036936,Login,Medium,3,Yes
T005904,C011768,Billing,Low,9,Yes
T005905,C001306,Login,Low,0,No
T005906,C011753,Billing,Low,9,No
T005907,C045112,Login,High,14,No
T005908,C027307,Cancellation,Medium,0,No
T005909,C009911,Bug,High,7,No
T005910,C043295,Login,Low,14,Yes
T005911,C025163,Billing,Low,0,Yes
T005912,C015711,Cancellation,High,12,No
T005913,C033942,Login,Medium,6,Yes
T005914,C030357,Bug,Medium,14,No
T005915,C022617,Bug,High,8,Yes
T005916,C026206,Bug,Medium,15,No
T005917,C039008,Login,Medium,9,No
T005918,C016615,Login,High,13,Yes
T005919,C007392,Billing,High,9,Yes
T005920,C007244,Billing,Medium,11,Yes
T005921,C049346,Login,Medium,13,No
T005922,C022389,Bug,High,13,No
T005923,C022398,Feature,Low,3,No
T005924,C024179,Feature,Medium,3,Yes
T005925,C040533,Feature,Low,6,No
T005926,C037744,Bug,High,4,Yes
T005927,C038105,Billing,Low,8,Yes
T005928,C044187,Login,Medium,6,Yes
T005929,C035643,Bug,Low,9,No
T005930,C038100,Feature,Low,1,No
T005931,C040956,Bug,Low,2,No
T005932,C044053,Billing,Low,4,Yes
T005933,C003406,Billing,Medium,2,Yes
T005934,C017701,Bug,Medium,2,Yes
T005935,C008746,Feature,Medium,3,Yes
T005936,C021372,Login,Low,8,No
T005937,C017249,Feature,High,12,No
T005938,C036358,Login,Low,10,Yes
T005939,C004661,Feature,Low,10,No
T005940,C021053,Bug,Low,11,No
T005941,C011574,Bug,High,15,No
T005942,C038006,Login,Low,10,Yes
T005943,C042302,Feature,Low,14,No
T005944,C016464,Billing,Medium,11,No
T005945,C003390,Billing,High,1,No
T005946,C030680,Feature,Medium,15,No
T005947,C048859,Bug,Medium,3,No
T005948,C003328,Feature,Low,7,Yes
T005949,C039097,Billing,High,3,Yes
T005950,C043075,Cancellation,High,7,No
T005951,C026157,Feature,High,6,Yes
T005952,C006646,Bug,Medium,2,No
T005953,C048990,Cancellation,Low,2,Yes
T005954,C014782,Feature,Medium,15,No
T005955,C010837,Billing,High,15,No
T005956,C005229,Feature,Low,0,Yes
T005957,C006117,Feature,High,13,Yes
T005958,C017198,Cancellation,High,2,No
T005959,C016315,Feature,Medium,8,Yes
T005960,C039090,Login,High,10,Yes
T005961,C040877,Billing,High,8,No
T005962,C039906,Login,Medium,12,Yes
T005963,C010545,Bug,Medium,1,No
T005964,C036263,Login,Low,10,No
T005965,C010728,Cancellation,Low,4,Yes
T005966,C032782,Login,Medium,8,No
T005967,C040062,Bug,Low,5,Yes
T005968,C048138,Cancellation,Low,5,Yes
T005969,C032023,Billing,Medium,2,Yes
T005970,C027968,Billing,Medium,13,Yes
T005971,C032186,Feature,Low,7,No
T005972,C041228,Billing,High,6,Yes
T005973,C024040,Bug,High,5,No
T005974,C006715,Feature,High,11,No
T005975,C015834,Bug,Low,11,Yes
T005976,C032217,Billing,High,13,No
T005977,C034990,Login,Medium,1,Yes
T005978,C029126,Bug,Low,9,No
T005979,C033422,Billing,Medium,7,Yes
T005980,C027873,Cancellation,Medium,9,Yes
T005981,C011322,Bug,Medium,4,No
T005982,C044848,Bug,Low,10,Yes
T005983,C048548,Login,Medium,3,No
T005984,C018881,Billing,Medium,5,Yes
T005985,C006450,Login,Low,14,No
T005986,C004460,Bug,Medium,3,Yes
T005987,C026407,Billing,High,8,Yes
T005988,C045741,Billing,High,0,Yes
T005989,C042770,Bug,High,5,No
T005990,C036938,Cancellation,High,15,Yes
T005991,C040500,Feature,Low,12,No
T005992,C001096,Login,High,0,Yes
T005993,C008116,Billing,Low,0,No
T005994,C045680,Billing,Low,11,Yes
T005995,C043113,Billing,Medium,9,Yes
T005996,C027124,Cancellation,Medium,3,No
T005997,C035969,Feature,High,14,Yes
T005998,C029019,Billing,Medium,12,Yes
T005999,C020728,Login,Low,1,Yes
T006000,C041412,Cancellation,Low,15,No
T006001,C022664,Cancellation,Low,1,Yes
T006002,C025741,Login,High,12,Yes
T006003,C022452,Cancellation,Low,4,Yes
T006004,C048076,Billing,Medium,7,Yes
T006005,C037379,Feature,Low,9,Yes
T006006,C040824,Bug,High,0,Yes
T006007,C038629,Bug,Medium,0,Yes
T006008,C004278,Feature,High,0,No
T006009,C042098,Feature,High,14,Yes
T006010,C048251,Bug,Low,14,Yes
T006011,C034326,Login,Medium,5,Yes
T006012,C045123,Cancellation,Low,4,Yes
T006013,C046184,Login,Medium,10,Yes
T006014,C002639,Cancellation,Medium,10,No
T006015,C025654,Feature,Medium,14,Yes
T006016,C040697,Billing,Medium,9,No
T006017,C029300,Feature,Low,11,Yes
T006018,C015961,Feature,Medium,10,Yes
T006019,C046874,Billing,Low,0,Yes
T006020,C034415,Cancellation,Medium,2,No
T006021,C015293,Cancellation,Low,15,No
T006022,C021403,Cancellation,Medium,4,Yes
T006023,C002330,Bug,Low,1,Yes
T006024,C004612,Bug,Low,1,No
T006025,C044245,Cancellation,High,12,Yes
T006026,C046220,Billing,Medium,6,No
T006027,C026175,Billing,High,7,No
T006028,C040361,Login,Low,5,Yes
T006029,C028080,Billing,Medium,2,Yes
T006030,C015380,Feature,High,3,Yes
T006031,C028748,Login,Medium,10,No
T006032,C043679,Billing,Medium,0,No
T006033,C048373,Billing,Low,11,No
T006034,C043532,Login,Low,6,No
T006035,C011758,Cancellation,High,3,No
T006036,C021985,Login,Medium,9,No
T006037,C019788,Login,Low,13,No
T006038,C034437,Feature,Low,1,Yes
T006039,C038029,Feature,Medium,13,No
T006040,C009282,Feature,High,4,No
T006041,C032541,Cancellation,Low,9,No
T006042,C040083,Cancellation,Low,15,No
T006043,C024165,Feature,Low,1,Yes
T006044,C039592,Bug,High,7,Yes
T006045,C043888,Billing,Medium,7,Yes
T006046,C011337,Bug,Medium,10,Yes
T006047,C022629,Bug,High,15,No
T006048,C036712,Feature,Medium,14,No
T006049,C015393,Login,Low,13,Yes
T006050,C025741,Bug,High,14,No
T006051,C038693,Login,High,3,No
T006052,C008414,Feature,Low,1,No
T006053,C024485,Cancellation,Low,2,No
T006054,C045488,Billing,Medium,4,Yes
T006055,C040223,Bug,Low,5,No
T006056,C001363,Bug,High,5,No
T006057,C000112,Cancellation,High,0,No
T006058,C003983,Cancellation,Low,5,Yes
T006059,C048402,Feature,Medium,4,Yes
T006060,C010691,Billing,Medium,3,Yes
T006061,C022567,Bug,Low,4,No
T006062,C010976,Feature,Low,8,No
T006063,C004123,Bug,Medium,4,No
T006064,C021725,Feature,Medium,9,Yes
T006065,C024010,Login,Medium,0,No
T006066,C048632,Billing,Medium,0,No
T006067,C043290,Cancellation,High,13,Yes
T006068,C002826,Cancellation,High,6,No
T006069,C006603,Cancellation,High,7,No
T006070,C042861,Feature,Medium,10,No
T006071,C006121,Login,High,7,Yes
T006072,C010571,Bug,High,13,Yes
T006073,C023011,Billing,Low,2,Yes
T006074,C036621,Cancellation,High,8,No
T006075,C036785,Feature,Low,0,No
T006076,C014065,Cancellation,High,7,Yes
T006077,C016312,Bug,High,0,No
T006078,C019207,Cancellation,Medium,2,Yes
T006079,C019131,Billing,Medium,15,No
T006080,C018575,Login,Medium,7,Yes
T006081,C031143,Login,High,3,No
T006082,C011694,Feature,Low,2,No
T006083,C014127,Login,High,8,No
T006084,C018882,Bug,Low,7,Yes
T006085,C033776,Bug,Low,1,Yes
T006086,C011881,Bug,Medium,2,Yes
T006087,C036498,Cancellation,High,15,Yes
T006088,C021500,Login,High,7,No
T006089,C036340,Bug,High,12,Yes
T006090,C018691,Billing,Medium,1,Yes
T006091,C038740,Cancellation,High,3,Yes
T006092,C040929,Feature,Low,0,Yes
T006093,C001878,Cancellation,Low,13,No
T006094,C034131,Feature,Medium,9,Yes
T006095,C049457,Login,Low,15,No
T006096,C018353,Feature,High,13,No
T006097,C016371,Billing,High,8,Yes
T006098,C032361,Bug,High,12,Yes
T006099,C000933,Login,Medium,6,No
T006100,C039399,Login,Medium,8,Yes
T006101,C029943,Bug,Low,13,Yes
T006102,C045917,Bug,High,7,No
T006103,C035461,Cancellation,Medium,0,No
T006104,C038075,Cancellation,High,15,No
T006105,C004843,Bug,Medium,2,Yes
T006106,C031530,Bug,Low,11,Yes
T006107,C036298,Cancellation,Low,15,No
T006108,C026560,Login,High,3,No
T006109,C014813,Cancellation,Medium,6,No
T006110,C014763,Bug,Medium,5,Yes
T006111,C036348,Feature,Medium,5,No
T006112,C031774,Login,Medium,2,No
T006113,C044744,Billing,Low,15,Yes
T006114,C012988,Cancellation,High,0,Yes
T006115,C010015,Bug,High,13,Yes
T006116,C030150,Login,High,9,Yes
T006117,C015212,Bug,High,4,Yes
T006118,C029030,Bug,Low,4,Yes
T006119,C043088,Billing,Medium,5,No
T006120,C030559,Login,High,14,Yes
T006121,C001452,Bug,Low,11,No
T006122,C019707,Billing,Low,14,No
T006123,C005803,Feature,Medium,2,Yes
T006124,C014971,Bug,Low,4,No
T006125,C041258,Login,Low,11,Yes
T006126,C002793,Login,Medium,14,No
T006127,C049942,Billing,Medium,1,Yes
T006128,C007760,Cancellation,Medium,9,No
T006129,C007494,Billing,High,12,No
T006130,C025297,Login,Medium,10,Yes
T006131,C048271,Cancellation,Medium,1,Yes
T006132,C048635,Login,Medium,13,Yes
T006133,C018148,Billing,Medium,3,No
T006134,C047504,Cancellation,Medium,14,No
T006135,C003474,Billing,Low,14,Yes
T006136,C046319,Feature,High,3,No
T006137,C002621,Cancellation,Low,7,Yes
T006138,C019141,Bug,High,1,No
T006139,C004830,Bug,High,13,Yes
T006140,C049092,Cancellation,Low,5,Yes
T006141,C036091,Bug,Medium,6,No
T006142,C037054,Billing,Low,15,No
T006143,C005939,Login,Low,10,No
T006144,C034121,Feature,High,9,No
T006145,C015157,Bug,High,2,No
T006146,C019077,Bug,Medium,14,Yes
T006147,C009447,Bug,Medium,1,Yes
T006148,C042679,Cancellation,Low,8,No
T006149,C046132,Login,Medium,13,Yes
T006150,C011199,Bug,Medium,1,No
T006151,C017965,Login,Medium,7,No
T006152,C003663,Login,Low,2,Yes
T006153,C046581,Feature,Medium,6,No
T006154,C033827,Feature,Low,12,No
T006155,C011630,Login,Low,2,No
T006156,C031672,Billing,High,15,Yes
T006157,C026411,Cancellation,Medium,7,No
T006158,C006362,Feature,High,15,No
T006159,C014317,Cancellation,High,13,Yes
T006160,C028929,Login,Low,4,No
T006161,C004868,Feature,High,12,Yes
T006162,C003771,Login,High,0,Yes
T006163,C022410,Cancellation,High,4,Yes
T006164,C001777,Billing,Low,6,Yes
T006165,C032150,Bug,Medium,13,Yes
T006166,C046527,Cancellation,Low,4,Yes
T006167,C038198,Billing,Low,12,Yes
T006168,C048349,Bug,Medium,15,Yes
T006169,C033101,Cancellation,Low,6,Yes
T006170,C046360,Cancellation,High,1,Yes
T006171,C009968,Billing,Low,10,No
T006172,C003418,Cancellation,Low,10,Yes
T006173,C012512,Billing,Low,5,No
T006174,C013417,Login,Low,10,No
T006175,C028483,Feature,Medium,3,No
T006176,C004722,Login,Medium,7,No
T006177,C040085,Billing,High,2,No
T006178,C033657,Billing,Low,13,No
T006179,C002044,Feature,High,1,No
T006180,C049338,Feature,Medium,1,Yes
T006181,C031751,Feature,High,14,Yes
T006182,C012038,Billing,Medium,3,No
T006183,C023646,Billing,Medium,9,No
T006184,C032236,Feature,Medium,15,Yes
T006185,C025913,Login,Low,8,Yes
T006186,C047022,Feature,Low,14,Yes
T006187,C035177,Bug,Medium,6,No
T006188,C023493,Feature,High,6,No
T006189,C046793,Feature,Low,1,Yes
T006190,C016998,Billing,Low,4,No
T006191,C045881,Cancellation,High,7,Yes
T006192,C029184,Billing,Low,4,Yes
T006193,C030287,Billing,High,12,Yes
T006194,C021355,Feature,Low,12,No
T006195,C032709,Login,Medium,6,Yes
T006196,C033305,Bug,Medium,4,No
T006197,C004478,Billing,Low,14,No
T006198,C024334,Billing,High,12,Yes
T006199,C027803,Cancellation,Low,13,Yes
T006200,C003173,Login,High,10,Yes
T006201,C017779,Cancellation,Low,8,Yes
T006202,C039708,Bug,Low,11,No
T006203,C029716,Login,High,3,Yes
T006204,C005330,Billing,Low,0,Yes
T006205,C008375,Cancellation,High,6,Yes
T006206,C029863,Bug,Low,13,Yes
T006207,C042189,Bug,High,10,Yes
T006208,C032913,Cancellation,High,8,Yes
T006209,C046137,Feature,High,0,Yes
T006210,C026244,Cancellation,Medium,7,Yes
T006211,C032924,Feature,High,15,No
T006212,C014815,Billing,High,9,Yes
T006213,C044513,Feature,Low,7,Yes
T006214,C012985,Cancellation,High,3,Yes
T006215,C035453,Billing,Low,2,No
T006216,C017274,Bug,Medium,0,Yes
T006217,C046414,Feature,High,13,Yes
T006218,C026109,Cancellation,Medium,3,Yes
T006219,C049194,Cancellation,Medium,6,No
T006220,C044999,Billing,Medium,5,Yes
T006221,C012565,Bug,High,9,Yes
T006222,C001658,Login,Low,12,Yes
T006223,C023128,Feature,Medium,5,No
T006224,C009657,Login,Medium,3,No
T006225,C031517,Login,Medium,4,Yes
T006226,C008505,Cancellation,Low,12,No
T006227,C005389,Bug,Low,3,No
T006228,C012151,Feature,Medium,7,No
T006229,C015034,Feature,Medium,9,Yes
T006230,C029421,Bug,Medium,14,Yes
T006231,C008482,Feature,High,3,No
T006232,C038880,Cancellation,High,4,Yes
T006233,C007155,Bug,Low,1,No
T006234,C006748,Bug,High,7,Yes
T006235,C042884,Login,Low,11,Yes
T006236,C011711,Login,High,4,Yes
T006237,C009136,Login,High,10,No
T006238,C033527,Cancellation,Medium,2,No
T006239,C032099,Bug,High,10,Yes
T006240,C026992,Bug,Medium,7,Yes
T006241,C011691,Feature,Low,2,Yes
T006242,C023597,Bug,Low,5,No
T006243,C020541,Billing,Medium,0,No
T006244,C003746,Login,High,7,No
T006245,C025426,Billing,High,0,Yes
T006246,C015340,Bug,Low,9,No
T006247,C025526,Billing,Medium,8,Yes
T006248,C027875,Bug,Medium,9,No
T006249,C026752,Billing,Medium,7,Yes
T006250,C049019,Bug,Low,14,Yes
T006251,C037279,Bug,Medium,13,Yes
T006252,C040477,Bug,Low,11,No
T006253,C043060,Cancellation,High,4,No
T006254,C007567,Bug,Low,8,No
T006255,C045022,Login,High,0,No
T006256,C023011,Cancellation,Low,12,No
T006257,C049305,Feature,High,10,No
T006258,C045600,Feature,Low,10,No
T006259,C017425,Feature,Low,0,No
T006260,C018048,Cancellation,Low,1,No
T006261,C004596,Bug,High,3,Yes
T006262,C007593,Bug,High,9,No
T006263,C028816,Login,Low,10,Yes
T006264,C003065,Bug,Medium,8,No
T006265,C037593,Billing,Low,2,Yes
T006266,C006853,Login,Low,1,Yes
T006267,C000985,Bug,Low,12,Yes
T006268,C013703,Bug,Medium,2,Yes
T006269,C032478,Bug,Medium,10,Yes
T006270,C010822,Login,Medium,6,Yes
T006271,C022034,Login,Medium,15,Yes
T006272,C013294,Feature,Low,2,No
T006273,C041897,Bug,High,6,No
T006274,C040404,Login,Medium,7,Yes
T006275,C042764,Bug,Medium,11,No
T006276,C041154,Bug,Low,3,Yes
T006277,C000851,Billing,Medium,14,Yes
T006278,C018791,Billing,Low,11,Yes
T006279,C021093,Bug,Low,4,Yes
T006280,C032527,Login,Low,8,No
T006281,C014241,Bug,Low,0,No
T006282,C031018,Bug,High,11,Yes
T006283,C014171,Bug,Low,5,Yes
T006284,C015495,Cancellation,Low,2,Yes
T006285,C005796,Billing,Low,10,Yes
T006286,C040755,Billing,Medium,0,No
T006287,C022198,Login,Low,12,Yes
T006288,C037646,Bug,Medium,6,Yes
T006289,C045492,Cancellation,Low,13,No
T006290,C005289,Billing,Low,6,Yes
T006291,C035805,Bug,Low,0,Yes
T006292,C019837,Cancellation,Low,13,Yes
T006293,C000093,Feature,Medium,11,Yes
T006294,C015946,Feature,Low,6,Yes
T006295,C040510,Feature,High,3,No
T006296,C005742,Login,Medium,14,No
T006297,C014383,Login,Medium,12,No
T006298,C005988,Login,Low,8,No
T006299,C005111,Billing,High,14,Yes
T006300,C002552,Login,High,7,Yes
T006301,C000155,Bug,Medium,14,No
T006302,C011414,Login,Medium,1,No
T006303,C030155,Feature,High,12,No
T006304,C033553,Cancellation,Low,14,No
T006305,C045835,Cancellation,High,9,No
T006306,C029734,Billing,High,5,Yes
T006307,C030402,Feature,Medium,14,No
T006308,C022165,Login,High,1,No
T006309,C026956,Billing,Low,2,Yes
T006310,C029185,Cancellation,High,13,Yes
T006311,C013953,Login,Low,10,Yes
T006312,C047867,Cancellation,High,0,No
T006313,C031685,Cancellation,High,4,Yes
T006314,C013449,Login,Medium,2,No
T006315,C026289,Login,Medium,13,No
T006316,C012747,Bug,Medium,1,Yes
T006317,C023087,Billing,High,11,Yes
T006318,C040376,Cancellation,Medium,3,Yes
T006319,C015448,Bug,Medium,4,Yes
T006320,C022608,Bug,Low,3,No
T006321,C008881,Login,Medium,2,No
T006322,C012233,Billing,Low,3,Yes
T006323,C000033,Bug,Medium,12,Yes
T006324,C034524,Login,High,7,Yes
T006325,C019882,Feature,Medium,2,No
T006326,C031325,Billing,Low,11,Yes
T006327,C023125,Billing,High,14,No
T006328,C009902,Feature,Low,7,No
T006329,C038696,Feature,Low,2,Yes
T006330,C023657,Feature,High,0,No
T006331,C019346,Cancellation,Medium,7,Yes
T006332,C040250,Billing,High,6,No
T006333,C009679,Bug,Low,3,Yes
T006334,C030843,Bug,Low,10,No
T006335,C027932,Bug,Medium,12,Yes
T006336,C009391,Bug,High,10,No
T006337,C014477,Login,Medium,12,Yes
T006338,C036999,Feature,High,12,No
T006339,C025619,Bug,Low,9,No
T006340,C018315,Feature,Medium,9,No
T006341,C009456,Billing,Medium,3,No
T006342,C000748,Bug,High,5,Yes
T006343,C036434,Bug,Low,4,Yes
T006344,C008259,Bug,Medium,9,No
T006345,C012452,Billing,Low,0,No
T006346,C002287,Cancellation,High,4,No
T006347,C030515,Login,High,14,No
T006348,C040309,Login,High,11,Yes
T006349,C049204,Billing,Medium,4,No
T006350,C022931,Billing,Low,13,Yes
T006351,C000040,Login,Low,11,Yes
T006352,C014995,Feature,High,7,No
T006353,C008010,Feature,High,2,Yes
T006354,C029225,Cancellation,Low,14,Yes
T006355,C016331,Bug,High,2,No
T006356,C028333,Cancellation,Low,14,Yes
T006357,C008128,Login,Low,14,No
T006358,C014620,Feature,Low,5,Yes
T006359,C003741,Cancellation,Low,4,Yes
T006360,C041801,Bug,Medium,13,No
T006361,C008415,Cancellation,Low,0,Yes
T006362,C011669,Login,Low,9,No
T006363,C004786,Feature,Low,12,Yes
T006364,C028849,Bug,Low,0,Yes
T006365,C024754,Feature,High,2,No
T006366,C028267,Billing,Low,6,No
T006367,C008625,Billing,Medium,8,Yes
T006368,C011950,Feature,Medium,3,No
T006369,C036360,Login,Low,15,Yes
T006370,C032012,Feature,Low,6,Yes
T006371,C006067,Feature,High,13,No
T006372,C006339,Billing,Medium,2,No
T006373,C015755,Bug,Medium,3,Yes
T006374,C049339,Cancellation,High,0,No
T006375,C039586,Bug,Medium,5,Yes
T006376,C036872,Billing,High,12,Yes
T006377,C032283,Login,High,10,Yes
T006378,C022176,Feature,Medium,3,Yes
T006379,C040101,Login,Medium,14,No
T006380,C022078,Feature,High,15,Yes
T006381,C000690,Billing,High,11,Yes
T006382,C003149,Billing,Medium,8,No
T006383,C014871,Billing,High,12,No
T006384,C023938,Login,Medium,10,No
T006385,C009832,Bug,High,15,No
T006386,C024006,Bug,High,9,No
T006387,C004104,Cancellation,Medium,10,Yes
T006388,C008721,Login,Low,9,Yes
T006389,C037923,Bug,Medium,10,No
T006390,C024332,Feature,High,6,No
T006391,C011165,Feature,Medium,0,Yes
T006392,C004165,Bug,High,12,Yes
T006393,C038691,Cancellation,High,4,Yes
T006394,C007696,Feature,Medium,5,Yes
T006395,C038961,Cancellation,Low,3,No
T006396,C010187,Login,High,15,Yes
T006397,C012650,Bug,High,10,Yes
T006398,C002252,Billing,Low,1,Yes
T006399,C025681,Billing,Low,10,No
T006400,C005287,Billing,Low,4,Yes
T006401,C042878,Cancellation,High,0,No
T006402,C030858,Bug,Medium,5,No
T006403,C036929,Login,Low,12,No
T006404,C034211,Billing,High,15,No
T006405,C043656,Cancellation,Medium,2,Yes
T006406,C031938,Feature,High,2,Yes
T006407,C038204,Cancellation,High,5,No
T006408,C010066,Login,Medium,8,Yes
T006409,C010693,Bug,High,12,No
T006410,C007780,Cancellation,Low,10,Yes
T006411,C025455,Cancellation,High,4,Yes
T006412,C044480,Login,Low,12,No
T006413,C007001,Login,Low,11,No
T006414,C012994,Bug,Medium,1,No
T006415,C001005,Cancellation,Medium,7,No
T006416,C048551,Feature,Low,15,Yes
T006417,C042622,Cancellation,Medium,3,No
T006418,C004487,Feature,Low,5,Yes
T006419,C007438,Bug,High,4,No
T006420,C029571,Bug,High,7,Yes
T006421,C049962,Feature,Medium,5,Yes
T006422,C012371,Cancellation,High,14,No
T006423,C024755,Billing,Low,5,No
T006424,C002430,Billing,Low,6,No
T006425,C033129,Billing,Medium,12,Yes
T006426,C008317,Login,High,11,Yes
T006427,C025955,Cancellation,Low,11,No
T006428,C047269,Billing,High,0,No
T006429,C010772,Bug,High,2,No
T006430,C036570,Login,Medium,5,No
T006431,C018789,Bug,High,0,No
T006432,C040560,Feature,Low,5,Yes
T006433,C022299,Cancellation,Medium,3,Yes
T006434,C023059,Billing,High,13,Yes
T006435,C025505,Bug,Medium,11,Yes
T006436,C013207,Login,Medium,10,Yes
T006437,C021048,Cancellation,High,8,Yes
T006438,C036702,Bug,Medium,7,Yes
T006439,C005309,Cancellation,High,1,Yes
T006440,C028527,Cancellation,Low,8,Yes
T006441,C001374,Billing,Low,0,No
T006442,C042853,Login,Low,10,No
T006443,C011880,Cancellation,Medium,2,Yes
T006444,C004514,Login,Medium,15,Yes
T006445,C011951,Feature,High,1,Yes
T006446,C038121,Login,High,10,No
T006447,C026147,Feature,High,6,Yes
T006448,C048071,Feature,Low,5,Yes
T006449,C019173,Cancellation,Low,7,Yes
T006450,C001338,Bug,Medium,9,No
T006451,C011617,Billing,Low,14,No
T006452,C034143,Billing,Low,1,Yes
T006453,C027129,Login,Medium,14,Yes
T006454,C033927,Cancellation,High,15,Yes
T006455,C007050,Billing,Medium,3,No
T006456,C026308,Bug,Low,4,No
T006457,C009446,Billing,Medium,3,No
T006458,C025297,Bug,Medium,4,Yes
T006459,C039174,Cancellation,Low,4,No
T006460,C033080,Login,Medium,12,No
T006461,C023885,Login,High,5,No
T006462,C041036,Feature,Low,11,Yes
T006463,C036251,Billing,Medium,9,No
T006464,C040956,Login,Medium,10,Yes
T006465,C017940,Bug,High,8,No
T006466,C014058,Billing,Low,8,Yes
T006467,C048067,Login,Medium,10,No
T006468,C005588,Cancellation,High,13,No
T006469,C027341,Cancellation,High,11,Yes
T006470,C044640,Bug,Medium,13,No
T006471,C042583,Bug,High,15,Yes
T006472,C018049,Cancellation,High,9,Yes
T006473,C034325,Cancellation,Low,0,Yes
T006474,C048007,Cancellation,Medium,4,Yes
T006475,C004133,Feature,Medium,10,No
T006476,C016443,Feature,Low,15,Yes
T006477,C045277,Bug,Medium,3,Yes
T006478,C008764,Billing,Low,11,Yes
T006479,C007713,Feature,Medium,4,No
T006480,C046883,Cancellation,High,15,Yes
T006481,C037259,Bug,High,4,No
T006482,C002105,Cancellation,High,4,No
T006483,C021441,Feature,High,14,Yes
T006484,C017199,Feature,Medium,7,Yes
T006485,C003188,Cancellation,Low,1,No
T006486,C004910,Cancellation,Low,10,Yes
T006487,C016505,Feature,Medium,1,Yes
T006488,C021231,Login,High,6,No
T006489,C024787,Feature,High,6,Yes
T006490,C027085,Login,Medium,7,No
T006491,C018905,Bug,High,11,Yes
T006492,C026278,Billing,High,8,Yes
T006493,C038617,Login,High,7,No
T006494,C047222,Feature,Medium,2,Yes
T006495,C023280,Bug,High,4,Yes
T006496,C005017,Cancellation,Medium,15,No
T006497,C009317,Billing,Low,8,No
T006498,C023500,Feature,Medium,14,No
T006499,C033064,Feature,Medium,1,Yes
T006500,C021198,Login,Medium,10,Yes
T006501,C037007,Feature,High,14,Yes
T006502,C015123,Login,Low,3,Yes
T006503,C019512,Feature,Medium,8,No
T006504,C010565,Cancellation,Medium,5,Yes
T006505,C010597,Cancellation,High,3,Yes
T006506,C022093,Billing,Low,9,Yes
T006507,C042616,Bug,Low,3,No
T006508,C024012,Login,Medium,9,Yes
T006509,C016452,Login,High,14,No
T006510,C044060,Feature,Low,6,Yes
T006511,C032699,Billing,Medium,5,No
T006512,C034089,Login,Low,15,Yes
T006513,C034619,Cancellation,High,0,No
T006514,C005900,Cancellation,Low,14,No
T006515,C019002,Login,Low,2,Yes
T006516,C040208,Cancellation,High,6,No
T006517,C039091,Login,Medium,12,No
T006518,C005279,Cancellation,High,13,Yes
T006519,C031165,Feature,Medium,14,Yes
T006520,C012182,Cancellation,Low,5,No
T006521,C042050,Login,Low,5,No
T006522,C037467,Login,Medium,1,Yes
T006523,C004902,Cancellation,Medium,5,Yes
T006524,C022671,Login,Low,4,No
T006525,C047828,Feature,High,12,Yes
T006526,C036736,Feature,High,11,No
T006527,C005529,Cancellation,Low,12,No
T006528,C014140,Bug,High,12,No
T006529,C030070,Login,Low,0,Yes
T006530,C002133,Bug,Low,15,No
T006531,C028090,Bug,High,9,Yes
T006532,C036712,Billing,Medium,9,No
T006533,C029042,Bug,Low,11,No
T006534,C003842,Bug,Low,11,No
T006535,C035670,Login,High,11,No
T006536,C028647,Billing,High,9,No
T006537,C041956,Billing,High,9,Yes
T006538,C045587,Bug,Medium,14,Yes
T006539,C020595,Cancellation,Medium,8,Yes
T006540,C033412,Billing,Medium,11,No
T006541,C044210,Cancellation,Low,4,Yes
T006542,C039589,Login,Medium,6,Yes
T006543,C023151,Login,Low,15,No
T006544,C011133,Login,Medium,11,No
T006545,C042368,Bug,Low,2,Yes
T006546,C030714,Login,Medium,4,No
T006547,C028415,Cancellation,Low,1,No
T006548,C015185,Billing,Medium,12,Yes
T006549,C023439,Cancellation,Low,12,No
T006550,C009746,Login,Low,4,No
T006551,C015509,Login,Medium,2,No
T006552,C025208,Billing,Medium,15,Yes
T006553,C009248,Billing,Low,13,Yes
T006554,C040875,Billing,Low,2,Yes
T006555,C041310,Login,Low,6,Yes
T006556,C008461,Feature,Low,9,Yes
T006557,C007390,Bug,Low,4,Yes
T006558,C021773,Feature,High,1,Yes
T006559,C020299,Billing,High,13,Yes
T006560,C010083,Cancellation,High,14,Yes
T006561,C039156,Billing,Medium,6,No
T006562,C025523,Feature,Medium,14,Yes
T006563,C036598,Feature,High,2,Yes
T006564,C023635,Login,High,10,No
T006565,C040923,Feature,Medium,7,Yes
T006566,C037990,Billing,High,3,No
T006567,C049599,Cancellation,Medium,14,No
T006568,C030621,Bug,Medium,15,No
T006569,C006976,Billing,High,0,Yes
T006570,C025865,Cancellation,Low,8,Yes
T006571,C033158,Cancellation,Low,10,No
T006572,C036798,Cancellation,High,2,Yes
T006573,C032385,Login,Low,1,No
T006574,C025389,Bug,Medium,6,Yes
T006575,C006108,Billing,Low,7,Yes
T006576,C002402,Feature,High,10,No
T006577,C031416,Cancellation,Low,10,Yes
T006578,C014171,Bug,Low,5,Yes
T006579,C013127,Bug,Low,7,Yes
T006580,C042476,Login,Low,6,Yes
T006581,C021507,Login,Medium,9,No
T006582,C040527,Login,Low,14,Yes
T006583,C019191,Bug,High,3,No
T006584,C048168,Billing,Low,14,Yes
T006585,C009110,Bug,Low,5,Yes
T006586,C015845,Billing,High,2,Yes
T006587,C025940,Cancellation,High,5,No
T006588,C012461,Cancellation,Low,14,Yes
T006589,C034955,Login,Medium,3,No
T006590,C040821,Billing,Medium,8,Yes
T006591,C046780,Bug,Low,8,No
T006592,C039461,Bug,High,10,Yes
T006593,C037255,Login,Low,15,No
T006594,C018778,Login,High,11,No
T006595,C013725,Bug,Medium,11,Yes
T006596,C001371,Cancellation,High,15,No
T006597,C025594,Login,High,4,Yes
T006598,C023158,Feature,High,13,No
T006599,C006052,Billing,Low,6,Yes
T006600,C010053,Cancellation,Low,12,No
T006601,C010981,Login,Low,14,No
T006602,C048283,Login,Low,9,Yes
T006603,C003894,Bug,Medium,7,No
T006604,C047995,Billing,Medium,6,Yes
T006605,C048920,Feature,Low,13,Yes
T006606,C018398,Cancellation,Low,11,Yes
T006607,C009060,Cancellation,Medium,2,No
T006608,C006952,Login,Low,4,No
T006609,C011343,Feature,Medium,3,Yes
T006610,C014228,Login,Low,15,No
T006611,C041199,Feature,High,2,Yes
T006612,C031366,Feature,Medium,1,Yes
T006613,C016334,Bug,High,7,No
T006614,C003712,Login,Medium,12,No
T006615,C048285,Feature,Low,0,Yes
T006616,C019266,Login,High,14,Yes
T006617,C038641,Feature,Medium,8,Yes
T006618,C017994,Feature,High,10,Yes
T006619,C032486,Feature,Low,6,No
T006620,C034718,Feature,Low,6,No
T006621,C015112,Login,Low,4,No
T006622,C031492,Feature,Medium,1,No
T006623,C025838,Feature,Low,10,Yes
T006624,C021015,Cancellation,Low,6,No
T006625,C037420,Feature,Medium,11,Yes
T006626,C046797,Feature,Medium,15,Yes
T006627,C011319,Billing,Low,13,Yes
T006628,C043145,Feature,Low,2,No
T006629,C037807,Login,High,1,Yes
T006630,C042065,Feature,Low,5,No
T006631,C028471,Feature,Medium,13,Yes
T006632,C025347,Login,High,13,Yes
T006633,C023756,Login,Medium,2,No
T006634,C048776,Bug,Medium,0,Yes
T006635,C030872,Billing,High,1,Yes
T006636,C003040,Billing,Medium,12,Yes
T006637,C024015,Feature,High,15,Yes
T006638,C000439,Login,Medium,14,Yes
T006639,C015396,Billing,Low,5,Yes
T006640,C015089,Bug,High,4,Yes
T006641,C002731,Feature,Low,12,No
T006642,C019786,Bug,Medium,11,No
T006643,C028825,Login,Low,13,No
T006644,C009477,Cancellation,High,1,Yes
T006645,C047335,Feature,High,10,No
T006646,C028205,Cancellation,High,6,No
T006647,C039754,Billing,Medium,9,No
T006648,C003057,Login,High,9,No
T006649,C012202,Feature,Medium,8,No
T006650,C041150,Bug,Medium,2,No
T006651,C012345,Cancellation,High,9,Yes
T006652,C024598,Bug,Medium,12,Yes
T006653,C019982,Cancellation,Medium,11,No
T006654,C048124,Bug,Medium,15,No
T006655,C043025,Bug,Medium,15,No
T006656,C040005,Bug,High,10,Yes
T006657,C016471,Bug,Medium,3,No
T006658,C039841,Billing,Low,10,Yes
T006659,C011236,Bug,Medium,6,Yes
T006660,C024087,Billing,Medium,15,No
T006661,C001432,Cancellation,High,12,No
T006662,C030946,Billing,High,1,Yes
T006663,C014689,Feature,High,8,Yes
T006664,C001833,Billing,High,8,No
T006665,C010789,Billing,Medium,14,No
T006666,C030958,Feature,Low,12,Yes
T006667,C002945,Billing,Low,4,No
T006668,C035917,Login,Low,13,Yes
T006669,C021650,Cancellation,Medium,2,Yes
T006670,C011415,Bug,Low,3,Yes
T006671,C031442,Billing,Low,0,No
T006672,C010164,Cancellation,High,11,No
T006673,C038439,Bug,Medium,15,Yes
T006674,C032109,Billing,Low,6,No
T006675,C030986,Login,Medium,0,Yes
T006676,C046415,Bug,High,7,Yes
T006677,C014801,Billing,Medium,13,No
T006678,C015844,Feature,High,15,No
T006679,C043565,Bug,Low,7,Yes
T006680,C045920,Cancellation,Medium,0,No
T006681,C023969,Billing,Medium,5,No
T006682,C038906,Billing,Medium,12,No
T006683,C026477,Cancellation,Medium,13,Yes
T006684,C024300,Cancellation,Medium,8,Yes
T006685,C039070,Cancellation,High,11,Yes
T006686,C040010,Feature,Low,8,No
T006687,C042777,Login,High,4,Yes
T006688,C017677,Cancellation,Medium,15,Yes
T006689,C037443,Feature,Low,0,Yes
T006690,C046581,Billing,High,12,Yes
T006691,C030727,Bug,High,11,No
T006692,C013410,Cancellation,Low,3,No
T006693,C020032,Billing,Low,13,No
T006694,C029231,Feature,Medium,12,No
T006695,C040436,Bug,High,4,Yes
T006696,C002877,Cancellation,Medium,0,No
T006697,C022576,Cancellation,Low,1,No
T006698,C049619,Login,Medium,14,No
T006699,C022876,Login,Medium,8,No
T006700,C025181,Billing,High,8,No
T006701,C032895,Bug,Medium,3,Yes
T006702,C035059,Bug,Medium,0,No
T006703,C034544,Bug,High,7,No
T006704,C021897,Bug,Low,2,No
T006705,C017326,Feature,High,11,Yes
T006706,C021762,Bug,Medium,14,Yes
T006707,C023182,Bug,High,6,No
T006708,C032685,Login,Medium,12,Yes
T006709,C018996,Billing,Medium,11,No
T006710,C016820,Bug,Medium,3,No
T006711,C017537,Login,High,8,Yes
T006712,C033657,Billing,Medium,14,No
T006713,C017709,Feature,Medium,5,Yes
T006714,C034896,Cancellation,High,11,No
T006715,C020190,Feature,High,5,Yes
T006716,C021838,Billing,High,5,No
T006717,C048682,Login,Medium,10,No
T006718,C004649,Feature,High,8,No
T006719,C048967,Login,High,5,Yes
T006720,C046803,Login,High,4,Yes
T006721,C039193,Login,High,2,Yes
T006722,C049623,Login,Low,12,No
T006723,C041183,Login,Medium,3,No
T006724,C000144,Cancellation,Medium,15,Yes
T006725,C021219,Login,High,0,No
T006726,C019723,Bug,High,8,Yes
T006727,C002608,Login,Low,7,No
T006728,C047086,Billing,High,8,Yes
T006729,C037623,Login,Medium,9,No
T006730,C001884,Login,High,0,No
T006731,C009024,Cancellation,Low,0,No
T006732,C030913,Billing,Medium,11,Yes
T006733,C003947,Login,Low,14,Yes
T006734,C028039,Billing,Medium,4,Yes
T006735,C007173,Feature,High,11,No
T006736,C041479,Billing,Medium,7,No
T006737,C018760,Billing,Low,13,No
T006738,C048869,Feature,High,13,No
T006739,C036279,Feature,Medium,4,No
T006740,C037842,Login,High,14,No
T006741,C047084,Feature,Medium,11,No
T006742,C022825,Feature,Low,11,Yes
T006743,C031038,Bug,Low,0,No
T006744,C001984,Billing,Low,14,No
T006745,C038274,Login,High,3,Yes
T006746,C011836,Bug,Low,14,No
T006747,C017085,Bug,Medium,4,No
T006748,C014481,Cancellation,Low,10,Yes
T006749,C015897,Billing,High,6,Yes
T006750,C039592,Feature,High,8,No
T006751,C019365,Cancellation,High,6,Yes
T006752,C032708,Bug,Low,9,No
T006753,C014808,Billing,Low,4,No
T006754,C039113,Billing,High,12,Yes
T006755,C035954,Cancellation,Low,12,No
T006756,C019113,Billing,Low,14,Yes
T006757,C012932,Billing,Low,1,No
T006758,C025733,Feature,High,3,Yes
T006759,C030632,Billing,High,10,Yes
T006760,C003610,Login,Low,3,No
T006761,C015581,Feature,Medium,15,Yes
T006762,C011897,Bug,High,2,Yes
T006763,C005237,Billing,High,0,No
T006764,C036869,Cancellation,High,11,Yes
T006765,C015385,Feature,Low,11,Yes
T006766,C013086,Bug,Low,7,Yes
T006767,C049547,Bug,High,7,Yes
T006768,C033675,Billing,Low,6,No
T006769,C043103,Cancellation,Medium,10,Yes
T006770,C002216,Login,Medium,1,Yes
T006771,C042548,Login,Medium,9,No
T006772,C030323,Feature,High,7,No
T006773,C002906,Cancellation,High,14,No
T006774,C013131,Cancellation,Medium,5,Yes
T006775,C004864,Bug,High,14,Yes
T006776,C006128,Feature,High,10,Yes
T006777,C047348,Billing,Medium,5,No
T006778,C038308,Login,Medium,11,Yes
T006779,C044917,Feature,High,11,No
T006780,C002564,Cancellation,High,2,No
T006781,C025372,Bug,Low,14,No
T006782,C044151,Feature,High,4,No
T006783,C003464,Cancellation,Medium,8,No
T006784,C009604,Login,High,13,No
T006785,C023663,Cancellation,High,2,Yes
T006786,C047467,Billing,Low,13,No
T006787,C001618,Feature,Low,5,No
T006788,C014086,Login,Medium,7,No
T006789,C034259,Billing,Low,15,Yes
T006790,C035988,Bug,High,15,Yes
T006791,C045059,Cancellation,Medium,6,Yes
T006792,C010015,Login,Low,12,No
T006793,C023770,Cancellation,High,0,No
T006794,C026824,Billing,Low,6,Yes
T006795,C046478,Cancellation,Medium,11,No
T006796,C010699,Bug,Low,14,Yes
T006797,C024866,Cancellation,Medium,13,No
T006798,C045639,Login,Medium,7,No
T006799,C027496,Bug,Medium,6,No
T006800,C040706,Feature,Medium,3,Yes
T006801,C013971,Bug,Medium,10,No
T006802,C009329,Login,High,8,Yes
T006803,C012087,Login,Medium,10,Yes
T006804,C049838,Feature,Medium,8,No
T006805,C016103,Login,Medium,3,No
T006806,C041643,Cancellation,High,12,No
T006807,C045894,Bug,Medium,2,No
T006808,C013285,Billing,Low,1,No
T006809,C004502,Bug,High,10,Yes
T006810,C039378,Feature,High,8,Yes
T006811,C048340,Login,Low,1,No
T006812,C032776,Login,Medium,7,No
T006813,C029035,Cancellation,Low,9,No
T006814,C045607,Billing,Low,4,No
T006815,C009060,Feature,High,1,Yes
T006816,C019132,Feature,Low,6,No
T006817,C035663,Billing,Medium,14,No
T006818,C004998,Feature,High,5,No
T006819,C018573,Login,Medium,9,No
T006820,C048268,Login,Medium,10,No
T006821,C035713,Cancellation,Medium,0,Yes
T006822,C014351,Feature,Medium,5,No
T006823,C002920,Bug,High,9,No
T006824,C018242,Feature,Medium,10,No
T006825,C019334,Cancellation,Medium,9,No
T006826,C036582,Billing,Low,2,No
T006827,C015512,Login,High,0,Yes
T006828,C030695,Login,Medium,2,Yes
T006829,C012018,Login,Medium,7,Yes
T006830,C015496,Billing,Low,7,Yes
T006831,C038128,Bug,High,0,Yes
T006832,C024167,Bug,High,8,No
T006833,C003698,Login,Medium,2,No
T006834,C036428,Billing,Medium,14,No
T006835,C046949,Cancellation,High,13,Yes
T006836,C005969,Feature,Medium,4,Yes
T006837,C036557,Bug,Medium,7,No
T006838,C011637,Billing,Medium,7,No
T006839,C047642,Bug,High,6,No
T006840,C007244,Billing,Low,8,No
T006841,C012760,Feature,High,0,No
T006842,C031009,Cancellation,High,6,No
T006843,C007700,Cancellation,Medium,7,Yes
T006844,C015063,Login,Medium,11,Yes
T006845,C016653,Cancellation,High,9,No
T006846,C010579,Login,Low,10,Yes
T006847,C043647,Bug,Medium,14,No
T006848,C048374,Bug,Medium,13,No
T006849,C035538,Feature,High,4,No
T006850,C019295,Cancellation,Medium,9,No
T006851,C012524,Login,High,0,No
T006852,C001327,Login,Medium,12,Yes
T006853,C039080,Billing,Medium,12,No
T006854,C046043,Bug,High,0,No
T006855,C012532,Login,High,13,No
T006856,C015004,Bug,Medium,5,Yes
T006857,C010908,Bug,High,2,No
T006858,C022165,Cancellation,Low,10,Yes
T006859,C009821,Bug,Medium,0,Yes
T006860,C000522,Billing,Low,10,Yes
T006861,C008500,Feature,High,0,No
T006862,C041615,Bug,Low,1,No
T006863,C006857,Feature,Low,0,Yes
T006864,C016658,Bug,High,9,Yes
T006865,C014874,Billing,High,9,No
T006866,C026366,Cancellation,Low,0,Yes
T006867,C002478,Feature,Medium,4,Yes
T006868,C046838,Feature,High,13,Yes
T006869,C008073,Billing,High,3,No
T006870,C043994,Cancellation,High,10,Yes
T006871,C005544,Login,Medium,4,Yes
T006872,C033813,Cancellation,Medium,4,Yes
T006873,C019852,Feature,Medium,14,No
T006874,C010758,Billing,High,7,Yes
T006875,C029374,Billing,Low,14,Yes
T006876,C042136,Login,High,12,No
T006877,C029140,Billing,Low,10,Yes
T006878,C040366,Feature,Low,6,Yes
T006879,C029771,Bug,High,4,Yes
T006880,C043116,Feature,Medium,11,Yes
T006881,C037229,Login,High,2,No
T006882,C028286,Billing,Medium,14,Yes
T006883,C013202,Bug,Low,8,Yes
T006884,C048774,Cancellation,High,10,Yes
T006885,C036605,Billing,Low,5,No
T006886,C003221,Login,High,9,No
T006887,C014906,Feature,High,11,No
T006888,C044446,Feature,Low,0,No
T006889,C028338,Login,High,4,No
T006890,C039524,Billing,High,10,Yes
T006891,C033839,Login,High,2,No
T006892,C024420,Bug,Medium,9,Yes
T006893,C028679,Bug,Low,9,Yes
T006894,C041401,Login,Medium,0,Yes
T006895,C022931,Bug,High,1,No
T006896,C002764,Billing,Medium,13,No
T006897,C029870,Feature,Low,10,Yes
T006898,C038547,Login,High,8,No
T006899,C033997,Billing,Medium,8,Yes
T006900,C012132,Login,Low,12,Yes
T006901,C030518,Billing,Low,5,Yes
T006902,C049651,Billing,High,2,No
T006903,C038305,Billing,Low,0,Yes
T006904,C037607,Login,High,6,Yes
T006905,C027897,Login,Medium,7,Yes
T006906,C042907,Feature,Low,12,No
T006907,C008353,Billing,High,0,Yes
T006908,C000799,Bug,Low,2,No
T006909,C010353,Bug,Medium,10,No
T006910,C037025,Billing,Medium,8,Yes
T006911,C006627,Billing,High,0,No
T006912,C021216,Feature,High,10,Yes
T006913,C037549,Bug,Low,3,No
T006914,C039936,Bug,Low,8,Yes
T006915,C034506,Bug,Low,12,Yes
T006916,C032670,Billing,Medium,3,Yes
T006917,C039710,Login,High,13,No
T006918,C036358,Cancellation,Medium,8,Yes
T006919,C002232,Cancellation,Low,0,Yes
T006920,C023607,Billing,Low,2,No
T006921,C021645,Login,Low,4,No
T006922,C032022,Bug,Medium,13,No
T006923,C034976,Login,Low,1,No
T006924,C011944,Bug,Low,15,No
T006925,C003805,Login,Medium,8,No
T006926,C022157,Login,High,7,Yes
T006927,C047518,Bug,High,4,Yes
T006928,C033043,Bug,Medium,15,Yes
T006929,C035791,Cancellation,High,0,Yes
T006930,C003087,Billing,Medium,9,No
T006931,C036931,Bug,Low,6,No
T006932,C017345,Billing,Low,11,No
T006933,C015982,Bug,Low,2,No
T006934,C015408,Cancellation,Low,2,No
T006935,C021792,Feature,Medium,3,No
T006936,C028832,Login,High,3,No
T006937,C022924,Billing,Medium,7,Yes
T006938,C039909,Feature,High,6,Yes
T006939,C036233,Login,Low,11,No
T006940,C018092,Login,High,10,Yes
T006941,C040397,Feature,Medium,14,No
T006942,C010263,Bug,Low,11,Yes
T006943,C011555,Login,High,11,No
T006944,C025228,Cancellation,Medium,13,Yes
T006945,C042038,Login,Low,10,Yes
T006946,C012547,Bug,Low,5,No
T006947,C032916,Cancellation,Low,0,No
T006948,C033432,Billing,Low,1,No
T006949,C020691,Cancellation,Low,7,No
T006950,C033326,Bug,Medium,7,No
T006951,C019393,Feature,Low,4,Yes
T006952,C042823,Feature,High,6,No
T006953,C038279,Feature,Low,8,Yes
T006954,C041769,Feature,Low,0,No
T006955,C048265,Login,Low,14,Yes
T006956,C000382,Billing,Medium,4,No
T006957,C003615,Billing,Medium,1,No
T006958,C014850,Feature,High,10,No
T006959,C025098,Login,High,11,Yes
T006960,C025424,Login,Medium,15,Yes
T006961,C047223,Bug,High,14,No
T006962,C013373,Feature,Medium,4,Yes
T006963,C031428,Feature,High,9,No
T006964,C006937,Feature,Low,6,Yes
T006965,C045037,Login,Low,10,Yes
T006966,C034447,Billing,Low,15,Yes
T006967,C010779,Bug,Medium,10,Yes
T006968,C023926,Feature,Medium,9,No
T006969,C010779,Bug,Medium,1,No
T006970,C000463,Feature,Low,0,No
T006971,C023513,Feature,High,1,Yes
T006972,C027344,Cancellation,Low,7,No
T006973,C048949,Feature,High,13,Yes
T006974,C048973,Billing,Medium,8,No
T006975,C036922,Billing,Low,11,Yes
T006976,C037544,Login,Low,0,No
T006977,C028750,Login,High,7,No
T006978,C025982,Bug,Low,1,Yes
T006979,C040310,Billing,Low,15,No
T006980,C031980,Feature,Low,5,Yes
T006981,C038574,Billing,Medium,5,No
T006982,C044339,Login,High,9,Yes
T006983,C047363,Cancellation,Low,0,Yes
T006984,C011544,Bug,Low,1,No
T006985,C043633,Bug,Medium,6,No
T006986,C042742,Cancellation,Low,10,No
T006987,C036444,Cancellation,Medium,15,No
T006988,C009780,Cancellation,Low,12,No
T006989,C013056,Feature,High,10,No
T006990,C010713,Billing,Low,15,Yes
T006991,C039676,Bug,High,3,Yes
T006992,C036073,Billing,High,10,No
T006993,C048777,Bug,Medium,10,Yes
T006994,C010715,Login,High,2,Yes
T006995,C048351,Feature,High,15,Yes
T006996,C028124,Cancellation,Medium,1,Yes
T006997,C027885,Cancellation,Low,12,No
T006998,C003664,Login,High,13,Yes
T006999,C041091,Feature,Low,6,Yes
T007000,C042544,Login,Medium,15,Yes
T007001,C009162,Cancellation,Low,14,Yes
T007002,C040132,Cancellation,Medium,11,No
T007003,C048473,Bug,Low,7,No
T007004,C041656,Billing,Medium,15,No
T007005,C037631,Login,Low,15,No
T007006,C017190,Cancellation,Low,2,Yes
T007007,C019500,Billing,Low,13,Yes
T007008,C044706,Login,Medium,5,Yes
T007009,C002213,Feature,High,6,Yes
T007010,C012766,Bug,Medium,2,Yes
T007011,C034313,Billing,Medium,14,Yes
T007012,C032618,Cancellation,Low,8,No
T007013,C022966,Billing,Low,7,No
T007014,C004247,Cancellation,Medium,9,Yes
T007015,C011048,Billing,Medium,13,No
T007016,C037153,Login,High,0,No
T007017,C041989,Bug,Medium,8,Yes
T007018,C038184,Login,Low,9,No
T007019,C039419,Billing,Low,4,No
T007020,C008249,Bug,High,11,No
T007021,C030691,Feature,Low,1,No
T007022,C010999,Cancellation,Medium,8,Yes
T007023,C000844,Bug,Medium,15,No
T007024,C025306,Bug,Medium,14,Yes
T007025,C003486,Billing,Low,15,Yes
T007026,C022117,Login,Low,3,No
T007027,C041617,Bug,Medium,10,Yes
T007028,C006178,Login,High,4,Yes
T007029,C033617,Feature,Medium,4,No
T007030,C011666,Bug,High,12,No
T007031,C041226,Cancellation,High,1,No
T007032,C007016,Cancellation,Low,1,Yes
T007033,C006040,Billing,Low,3,No
T007034,C041019,Cancellation,High,7,Yes
T007035,C020666,Feature,Medium,0,Yes
T007036,C026406,Feature,Low,8,Yes
T007037,C029017,Login,Low,3,No
T007038,C049856,Cancellation,Low,11,Yes
T007039,C012228,Login,Medium,15,No
T007040,C040263,Bug,Low,5,No
T007041,C019294,Bug,Low,2,No
T007042,C005915,Bug,Medium,5,No
T007043,C018655,Login,High,12,No
T007044,C017860,Bug,Medium,5,Yes
T007045,C029891,Bug,Low,0,Yes
T007046,C009312,Billing,Medium,11,Yes
T007047,C011123,Bug,High,3,Yes
T007048,C007084,Billing,Low,0,Yes
T007049,C020254,Login,Low,9,Yes
T007050,C014680,Cancellation,Low,13,No
T007051,C009745,Feature,Medium,11,No
T007052,C016337,Login,Low,4,Yes
T007053,C040200,Billing,Medium,7,Yes
T007054,C007033,Cancellation,High,0,No
T007055,C009543,Cancellation,High,9,Yes
T007056,C020824,Feature,High,14,No
T007057,C041233,Billing,Medium,7,Yes
T007058,C046771,Login,Medium,10,No
T007059,C004031,Billing,High,7,Yes
T007060,C043599,Cancellation,Medium,10,Yes
T007061,C002876,Bug,High,7,Yes
T007062,C018518,Cancellation,Low,4,No
T007063,C035935,Billing,Medium,1,No
T007064,C007406,Bug,Medium,10,Yes
T007065,C020477,Feature,Low,9,Yes
T007066,C004782,Bug,High,15,Yes
T007067,C038496,Bug,Medium,1,No
T007068,C037204,Bug,High,9,Yes
T007069,C048710,Feature,Low,7,Yes
T007070,C047502,Billing,Low,13,Yes
T007071,C014745,Cancellation,Medium,1,Yes
T007072,C018996,Feature,Medium,8,No
T007073,C007918,Feature,Medium,12,No
T007074,C030770,Bug,High,15,Yes
T007075,C042784,Login,Medium,8,Yes
T007076,C014860,Cancellation,High,6,No
T007077,C044077,Bug,Medium,11,Yes
T007078,C011967,Billing,Low,2,No
T007079,C015010,Login,High,7,Yes
T007080,C015817,Billing,Medium,10,Yes
T007081,C025614,Feature,High,0,No
T007082,C011794,Feature,Low,11,No
T007083,C028501,Bug,High,14,No
T007084,C009719,Billing,Medium,3,No
T007085,C023749,Bug,High,7,Yes
T007086,C026272,Billing,High,10,Yes
T007087,C040699,Cancellation,High,6,Yes
T007088,C009393,Bug,High,0,No
T007089,C036664,Login,Medium,11,No
T007090,C036704,Cancellation,High,5,No
T007091,C012502,Bug,Medium,10,No
T007092,C048996,Feature,Low,0,No
T007093,C035417,Bug,Low,9,No
T007094,C017385,Billing,Low,7,No
T007095,C043838,Feature,High,2,No
T007096,C031872,Billing,Medium,14,Yes
T007097,C008718,Feature,High,13,No
T007098,C036787,Feature,High,3,No
T007099,C013538,Billing,Medium,1,Yes
T007100,C019116,Login,Low,6,Yes
T007101,C004495,Bug,Low,1,No
T007102,C041488,Login,Low,11,No
T007103,C020615,Feature,Low,10,No
T007104,C039192,Billing,Medium,5,No
T007105,C027642,Cancellation,Low,2,No
T007106,C000545,Billing,High,7,Yes
T007107,C018318,Feature,Low,5,No
T007108,C038304,Feature,High,14,No
T007109,C039770,Feature,High,10,No
T007110,C026860,Bug,Medium,3,No
T007111,C037331,Cancellation,Medium,4,No
T007112,C017798,Bug,Low,5,No
T007113,C004837,Billing,Medium,13,No
T007114,C008824,Feature,High,0,Yes
T007115,C023895,Bug,High,11,Yes
T007116,C002972,Feature,High,7,No
T007117,C047216,Bug,Low,10,No
T007118,C044168,Cancellation,Low,13,Yes
T007119,C042745,Login,Low,11,Yes
T007120,C029102,Billing,Medium,9,No
T007121,C008272,Feature,Medium,15,No
T007122,C010263,Feature,High,7,Yes
T007123,C002773,Bug,Medium,8,Yes
T007124,C036827,Feature,Medium,6,Yes
T007125,C015372,Cancellation,Medium,7,No
T007126,C024355,Billing,High,13,Yes
T007127,C008053,Bug,High,6,No
T007128,C026547,Login,High,13,Yes
T007129,C002556,Login,Medium,4,No
T007130,C036586,Feature,Medium,5,Yes
T007131,C025261,Cancellation,High,0,Yes
T007132,C017071,Cancellation,Medium,7,Yes
T007133,C001372,Bug,High,14,No
T007134,C022815,Cancellation,Low,6,Yes
T007135,C042470,Cancellation,Medium,7,Yes
T007136,C029099,Billing,High,5,No
T007137,C022274,Feature,High,9,Yes
T007138,C045105,Login,Low,0,Yes
T007139,C006227,Cancellation,Medium,9,Yes
T007140,C029345,Feature,Low,6,Yes
T007141,C009667,Login,Medium,5,Yes
T007142,C020644,Cancellation,Medium,6,No
T007143,C049805,Bug,High,1,Yes
T007144,C040217,Cancellation,Low,6,Yes
T007145,C026401,Feature,Low,6,No
T007146,C015525,Bug,High,7,Yes
T007147,C040623,Bug,High,8,No
T007148,C048011,Login,Medium,6,No
T007149,C000050,Bug,Medium,15,No
T007150,C028382,Bug,Medium,2,No
T007151,C007571,Cancellation,High,14,Yes
T007152,C010922,Billing,Low,15,No
T007153,C028165,Feature,High,2,Yes
T007154,C028958,Login,Medium,9,No
T007155,C037079,Feature,Low,7,Yes
T007156,C014656,Login,Low,15,No
T007157,C020623,Cancellation,Low,3,No
T007158,C014258,Bug,Low,1,Yes
T007159,C001531,Feature,High,12,No
T007160,C012445,Login,Medium,11,Yes
T007161,C018884,Bug,Low,10,Yes
T007162,C028883,Login,Low,1,No
T007163,C047763,Billing,Medium,2,Yes
T007164,C049329,Login,Medium,15,No
T007165,C037650,Cancellation,Medium,6,Yes
T007166,C034398,Billing,Low,6,No
T007167,C028513,Login,Medium,15,No
T007168,C046609,Feature,Medium,3,No
T007169,C004471,Feature,Low,1,No
T007170,C047563,Feature,Medium,3,No
T007171,C005831,Feature,High,3,No
T007172,C048869,Billing,Medium,7,Yes
T007173,C039516,Cancellation,Low,6,No
T007174,C020245,Login,High,13,Yes
T007175,C035738,Billing,Medium,11,Yes
T007176,C002857,Login,High,9,No
T007177,C019971,Feature,Low,9,No
T007178,C007438,Billing,Medium,10,Yes
T007179,C010128,Bug,Low,13,Yes
T007180,C005218,Billing,Medium,8,No
T007181,C049694,Billing,Low,9,Yes
T007182,C026488,Billing,High,14,No
T007183,C026433,Login,Low,10,Yes
T007184,C031254,Cancellation,High,10,Yes
T007185,C019302,Bug,Medium,3,Yes
T007186,C032860,Bug,High,9,No
T007187,C001366,Cancellation,High,0,No
T007188,C025424,Billing,High,2,No
T007189,C002423,Bug,Low,14,No
T007190,C041031,Feature,Medium,12,Yes
T007191,C003647,Billing,Low,6,Yes
T007192,C026539,Login,Medium,8,Yes
T007193,C015170,Bug,Medium,9,No
T007194,C026332,Bug,Medium,2,Yes
T007195,C026728,Bug,Medium,8,No
T007196,C000879,Login,Low,14,Yes
T007197,C021205,Billing,Low,4,No
T007198,C027489,Bug,Medium,0,No
T007199,C033503,Bug,High,4,Yes
T007200,C008071,Bug,High,1,No
T007201,C025294,Cancellation,Medium,3,Yes
T007202,C043575,Billing,High,2,No
T007203,C030300,Cancellation,Medium,6,Yes
T007204,C032616,Feature,Low,0,No
T007205,C001294,Bug,Low,4,Yes
T007206,C025412,Bug,Medium,9,No
T007207,C008609,Feature,Low,1,No
T007208,C009839,Bug,High,9,Yes
T007209,C024758,Cancellation,High,13,Yes
T007210,C020946,Feature,High,2,Yes
T007211,C018281,Bug,High,3,No
T007212,C007263,Feature,Low,6,No
T007213,C031402,Billing,High,5,Yes
T007214,C043475,Bug,Medium,13,No
T007215,C022024,Cancellation,High,13,No
T007216,C011526,Billing,Low,5,No
T007217,C009682,Bug,Medium,5,Yes
T007218,C036396,Cancellation,Medium,4,Yes
T007219,C024483,Feature,Low,13,Yes
T007220,C036554,Cancellation,Low,7,No
T007221,C043455,Feature,Medium,12,No
T007222,C017014,Billing,Medium,9,No
T007223,C047933,Bug,Low,0,No
T007224,C045775,Login,High,13,No
T007225,C026847,Login,High,9,Yes
T007226,C036193,Login,Low,5,No
T007227,C027531,Login,High,14,No
T007228,C039215,Login,Low,9,Yes
T007229,C009270,Bug,High,3,No
T007230,C046622,Cancellation,Medium,3,Yes
T007231,C046891,Cancellation,Low,1,Yes
T007232,C005983,Feature,Low,14,Yes
T007233,C047992,Cancellation,Low,15,Yes
T007234,C010782,Billing,Medium,14,No
T007235,C012893,Cancellation,High,14,No
T007236,C020248,Bug,Medium,2,Yes
T007237,C025645,Login,Low,4,Yes
T007238,C012431,Cancellation,High,0,No
T007239,C024586,Bug,Low,0,Yes
T007240,C008834,Feature,Medium,1,No
T007241,C017878,Cancellation,Low,13,No
T007242,C024209,Cancellation,High,0,Yes
T007243,C022982,Feature,Low,10,Yes
T007244,C003443,Billing,High,5,Yes
T007245,C023258,Login,Medium,7,Yes
T007246,C046120,Feature,High,15,Yes
T007247,C007591,Bug,Medium,0,Yes
T007248,C011197,Feature,Medium,2,Yes
T007249,C033070,Login,Low,11,No
T007250,C007960,Login,Medium,13,Yes
T007251,C000401,Feature,Medium,3,Yes
T007252,C042746,Billing,Low,3,No
T007253,C013539,Login,High,10,Yes
T007254,C017682,Feature,Low,11,No
T007255,C031114,Feature,High,13,No
T007256,C038871,Login,High,14,Yes
T007257,C015710,Login,Medium,11,Yes
T007258,C029991,Bug,High,3,Yes
T007259,C003020,Cancellation,High,13,No
T007260,C029494,Cancellation,Medium,13,Yes
T007261,C029387,Feature,Medium,12,Yes
T007262,C031227,Feature,Low,13,No
T007263,C026463,Cancellation,Low,14,Yes
T007264,C007877,Billing,Medium,10,Yes
T007265,C021791,Bug,High,12,No
T007266,C019568,Cancellation,High,6,No
T007267,C032844,Bug,High,11,No
T007268,C035326,Billing,High,15,No
T007269,C015535,Billing,Low,5,No
T007270,C032628,Bug,Low,12,No
T007271,C004797,Login,Medium,5,No
T007272,C042483,Login,High,9,No
T007273,C028643,Billing,Medium,2,No
T007274,C015461,Feature,High,12,Yes
T007275,C048481,Feature,High,14,Yes
T007276,C008507,Bug,High,10,No
T007277,C007527,Feature,High,5,Yes
T007278,C031733,Feature,High,5,No
T007279,C032980,Feature,High,15,Yes
T007280,C003389,Feature,Medium,14,Yes
T007281,C030801,Feature,Low,4,No
T007282,C025863,Feature,Low,1,Yes
T007283,C009798,Feature,Low,15,Yes
T007284,C023960,Feature,High,8,Yes
T007285,C000397,Feature,High,9,No
T007286,C002028,Billing,Low,0,Yes
T007287,C005350,Bug,High,6,No
T007288,C009011,Feature,Low,3,No
T007289,C038514,Feature,High,14,Yes
T007290,C038393,Billing,Low,8,No
T007291,C003592,Bug,High,14,No
T007292,C001155,Bug,Medium,3,Yes
T007293,C010170,Billing,Low,7,Yes
T007294,C029762,Billing,Medium,13,Yes
T007295,C035962,Cancellation,Medium,13,Yes
T007296,C005173,Feature,High,0,No
T007297,C003032,Billing,Medium,13,Yes
T007298,C007608,Cancellation,Low,0,Yes
T007299,C025345,Login,High,12,No
T007300,C038905,Feature,Medium,11,No
T007301,C041648,Login,Medium,4,No
T007302,C029235,Billing,High,8,No
T007303,C017666,Login,Low,4,Yes
T007304,C033883,Login,High,5,Yes
T007305,C032944,Login,Medium,10,Yes
T007306,C045887,Bug,High,7,Yes
T007307,C010286,Billing,Medium,9,Yes
T007308,C029474,Login,High,9,Yes
T007309,C038350,Bug,High,8,Yes
T007310,C039375,Billing,High,0,Yes
T007311,C039492,Billing,Low,1,No
T007312,C002873,Feature,Medium,11,Yes
T007313,C015944,Feature,Medium,13,No
T007314,C009781,Feature,Low,15,Yes
T007315,C014990,Bug,High,7,No
T007316,C009690,Login,Medium,14,No
T007317,C004264,Feature,High,14,No
T007318,C037958,Billing,High,15,No
T007319,C027623,Cancellation,Medium,13,No
T007320,C015639,Login,Low,11,Yes
T007321,C005323,Bug,Low,12,No
T007322,C004015,Cancellation,Low,12,No
T007323,C048316,Feature,Medium,11,No
T007324,C013749,Billing,Low,5,Yes
T007325,C025593,Feature,High,1,Yes
T007326,C048286,Feature,High,8,Yes
T007327,C042301,Billing,High,2,Yes
T007328,C043886,Feature,High,4,No
T007329,C044943,Feature,High,9,No
T007330,C037136,Bug,Medium,14,Yes
T007331,C042851,Cancellation,High,13,No
T007332,C038386,Bug,Low,12,Yes
T007333,C016377,Billing,High,1,Yes
T007334,C039267,Feature,Medium,0,No
T007335,C010435,Cancellation,High,11,No
T007336,C010764,Login,Low,10,No
T007337,C043952,Bug,Medium,13,No
T007338,C039318,Feature,Low,5,Yes
T007339,C004563,Cancellation,Medium,8,Yes
T007340,C041881,Feature,Medium,11,Yes
T007341,C021924,Billing,High,7,No
T007342,C012356,Login,Medium,1,Yes
T007343,C036634,Bug,High,0,No
T007344,C020657,Cancellation,High,2,Yes
T007345,C049225,Bug,Low,7,No
T007346,C003087,Bug,Medium,13,Yes
T007347,C022737,Login,Low,6,No
T007348,C027990,Feature,Low,7,Yes
T007349,C039596,Feature,Medium,0,Yes
T007350,C009190,Bug,Medium,12,No
T007351,C037749,Cancellation,Low,1,Yes
T007352,C024041,Feature,High,0,No
T007353,C013438,Cancellation,Medium,11,No
T007354,C004039,Billing,High,13,No
T007355,C018336,Bug,High,15,No
T007356,C000923,Cancellation,High,1,Yes
T007357,C013440,Bug,Medium,13,No
T007358,C009696,Login,Medium,2,No
T007359,C009331,Billing,Low,15,No
T007360,C032335,Bug,Low,1,No
T007361,C021658,Bug,High,11,Yes
T007362,C003284,Feature,High,15,Yes
T007363,C035065,Cancellation,High,2,No
T007364,C024741,Bug,Medium,2,Yes
T007365,C043068,Login,Low,4,No
T007366,C029931,Feature,Medium,12,Yes
T007367,C003320,Feature,Low,2,No
T007368,C016357,Login,High,12,Yes
T007369,C022113,Bug,Medium,5,Yes
T007370,C034210,Login,Low,14,No
T007371,C001149,Bug,Low,0,Yes
T007372,C038156,Login,Medium,15,Yes
T007373,C024355,Billing,High,8,No
T007374,C032759,Cancellation,Medium,3,No
T007375,C033103,Bug,Low,7,Yes
T007376,C017491,Bug,Medium,12,No
T007377,C022509,Billing,Low,12,No
T007378,C019460,Login,Low,2,No
T007379,C048799,Cancellation,Low,14,Yes
T007380,C006433,Bug,High,15,No
T007381,C026403,Bug,Medium,4,No
T007382,C009200,Feature,High,6,Yes
T007383,C010572,Bug,Low,7,No
T007384,C001512,Login,Low,14,No
T007385,C049889,Cancellation,High,12,No
T007386,C016454,Login,High,3,No
T007387,C016437,Bug,Medium,13,Yes
T007388,C040252,Billing,High,0,No
T007389,C018621,Login,Low,5,No
T007390,C039504,Login,Low,6,Yes
T007391,C029415,Bug,Low,5,Yes
T007392,C022822,Feature,Medium,5,Yes
T007393,C006436,Billing,High,0,Yes
T007394,C018681,Feature,Medium,13,Yes
T007395,C027978,Bug,High,12,Yes
T007396,C035308,Feature,High,10,Yes
T007397,C037428,Login,Medium,6,Yes
T007398,C043688,Feature,Low,7,Yes
T007399,C025319,Feature,Low,0,No
T007400,C011912,Login,Medium,9,No
T007401,C030989,Bug,Medium,0,No
T007402,C032548,Feature,Low,2,No
T007403,C015396,Cancellation,Low,8,No
T007404,C013157,Feature,High,14,Yes
T007405,C001079,Login,High,12,Yes
T007406,C023734,Billing,Medium,2,No
T007407,C023786,Cancellation,Low,2,Yes
T007408,C019756,Login,High,8,Yes
T007409,C015696,Cancellation,Low,14,Yes
T007410,C045619,Bug,High,2,Yes
T007411,C008541,Feature,High,2,Yes
T007412,C038185,Login,Medium,5,No
T007413,C030055,Feature,Low,10,Yes
T007414,C037675,Feature,High,3,No
T007415,C003076,Cancellation,High,14,Yes
T007416,C011809,Billing,Medium,1,No
T007417,C033976,Feature,Low,14,No
T007418,C037782,Cancellation,Low,9,No
T007419,C009401,Feature,High,13,No
T007420,C037994,Cancellation,Low,15,Yes
T007421,C040430,Feature,Medium,6,Yes
T007422,C027773,Cancellation,Medium,1,Yes
T007423,C033449,Feature,Medium,10,No
T007424,C044436,Cancellation,Medium,4,Yes
T007425,C027769,Billing,Medium,13,Yes
T007426,C026169,Login,Low,3,No
T007427,C024244,Billing,High,4,Yes
T007428,C031926,Bug,Low,15,No
T007429,C041268,Cancellation,High,5,No
T007430,C012930,Billing,Medium,9,Yes
T007431,C010298,Cancellation,High,8,No
T007432,C042373,Billing,High,12,Yes
T007433,C034441,Feature,High,2,Yes
T007434,C029072,Login,High,11,No
T007435,C038748,Billing,Low,3,No
T007436,C001645,Bug,Medium,13,Yes
T007437,C045689,Login,High,12,Yes
T007438,C015848,Billing,High,7,Yes
T007439,C042391,Bug,Low,1,Yes
T007440,C044828,Cancellation,Medium,10,Yes
T007441,C002070,Billing,Low,8,Yes
T007442,C013659,Bug,High,1,Yes
T007443,C010187,Cancellation,Medium,9,Yes
T007444,C041210,Bug,Low,5,No
T007445,C016804,Billing,Low,9,No
T007446,C029605,Login,High,7,No
T007447,C044086,Feature,Low,1,Yes
T007448,C007661,Cancellation,High,11,No
T007449,C040891,Bug,Low,3,Yes
T007450,C013380,Login,High,11,No
T007451,C002824,Billing,Low,14,Yes
T007452,C015225,Cancellation,Medium,13,No
T007453,C034996,Billing,Medium,6,No
T007454,C023669,Bug,Low,12,Yes
T007455,C028689,Cancellation,Low,15,No
T007456,C042147,Feature,High,5,No
T007457,C039611,Bug,Low,12,No
T007458,C046710,Bug,Low,6,Yes
T007459,C007155,Login,Low,7,No
T007460,C001424,Login,Low,3,No
T007461,C045548,Bug,High,4,No
T007462,C025309,Login,High,9,Yes
T007463,C032532,Billing,Low,13,Yes
T007464,C032749,Cancellation,High,15,Yes
T007465,C025410,Cancellation,High,15,Yes
T007466,C029053,Billing,Low,9,No
T007467,C030988,Feature,High,7,No
T007468,C035638,Cancellation,Low,4,Yes
T007469,C028333,Feature,High,3,No
T007470,C045926,Login,High,10,Yes
T007471,C009514,Bug,High,15,Yes
T007472,C003778,Feature,Medium,4,No
T007473,C030015,Feature,Low,8,Yes
T007474,C033693,Login,Low,15,No
T007475,C034681,Feature,Low,4,No
T007476,C041512,Feature,Medium,14,Yes
T007477,C036709,Feature,Low,6,Yes
T007478,C040416,Cancellation,High,13,Yes
T007479,C006986,Bug,Medium,12,Yes
T007480,C003921,Login,Medium,2,Yes
T007481,C009466,Bug,Low,11,Yes
T007482,C014930,Login,Medium,7,Yes
T007483,C045970,Login,High,14,Yes
T007484,C034247,Login,Low,5,Yes
T007485,C040509,Feature,Medium,1,No
T007486,C017167,Billing,Low,8,Yes
T007487,C035253,Feature,High,12,Yes
T007488,C018025,Bug,High,7,Yes
T007489,C037680,Cancellation,High,15,Yes
T007490,C042453,Billing,High,11,No
T007491,C024153,Feature,High,2,No
T007492,C030682,Login,Medium,4,Yes
T007493,C006149,Login,High,11,No
T007494,C007838,Billing,High,2,Yes
T007495,C020369,Login,Low,15,Yes
T007496,C042004,Feature,Low,6,Yes
T007497,C030812,Cancellation,Medium,1,Yes
T007498,C043139,Feature,Medium,14,No
T007499,C005148,Bug,High,15,No
T007500,C027287,Login,Low,10,No
T007501,C042247,Billing,Low,15,Yes
T007502,C000346,Cancellation,Low,0,Yes
T007503,C044713,Bug,High,0,No
T007504,C016729,Bug,High,6,No
T007505,C029721,Cancellation,Low,11,Yes
T007506,C036787,Login,High,9,Yes
T007507,C049643,Feature,Low,3,No
T007508,C026092,Billing,High,3,Yes
T007509,C002101,Cancellation,Low,10,No
T007510,C028945,Billing,High,7,No
T007511,C038048,Bug,High,9,Yes
T007512,C046814,Feature,High,8,Yes
T007513,C049513,Cancellation,Low,7,Yes
T007514,C014910,Bug,Low,1,Yes
T007515,C003759,Cancellation,Medium,14,No
T007516,C007183,Billing,High,4,Yes
T007517,C009989,Feature,Low,2,Yes
T007518,C041827,Cancellation,Low,1,Yes
T007519,C003985,Bug,High,9,No
T007520,C037259,Billing,High,5,No
T007521,C029191,Login,Low,4,No
T007522,C048444,Bug,High,2,Yes
T007523,C016354,Bug,Medium,5,No
T007524,C022265,Feature,High,7,Yes
T007525,C031794,Billing,Medium,14,Yes
T007526,C016367,Cancellation,Low,5,No
T007527,C032487,Bug,High,13,No
T007528,C030185,Login,Medium,15,No
T007529,C040915,Bug,Low,12,No
T007530,C014493,Bug,High,8,No
T007531,C017073,Feature,Medium,11,No
T007532,C008980,Login,High,9,Yes
T007533,C004289,Bug,High,1,Yes
T007534,C017239,Bug,Low,10,No
T007535,C009484,Cancellation,Low,2,No
T007536,C037623,Bug,Low,1,Yes
T007537,C042771,Bug,High,14,No
T007538,C024678,Bug,Medium,12,Yes
T007539,C026692,Billing,Low,4,Yes
T007540,C037403,Billing,High,13,Yes
T007541,C009344,Feature,Medium,0,Yes
T007542,C045571,Cancellation,Low,10,No
T007543,C018219,Login,Low,15,No
T007544,C036438,Cancellation,High,9,Yes
T007545,C024333,Billing,High,3,No
T007546,C008956,Feature,Medium,11,Yes
T007547,C005266,Login,Medium,0,Yes
T007548,C039553,Bug,Medium,0,Yes
T007549,C049674,Login,High,14,No
T007550,C000180,Cancellation,Medium,15,No
T007551,C029407,Feature,Medium,15,No
T007552,C032289,Billing,Medium,11,Yes
T007553,C047280,Bug,Low,2,No
T007554,C037628,Login,Medium,10,Yes
T007555,C025961,Feature,Low,8,Yes
T007556,C002553,Feature,High,14,No
T007557,C015595,Bug,Medium,8,Yes
T007558,C037188,Feature,High,2,No
T007559,C007880,Login,High,13,No
T007560,C023262,Feature,Low,0,No
T007561,C017887,Cancellation,Medium,8,No
T007562,C039369,Login,Medium,8,No
T007563,C031770,Billing,Medium,13,No
T007564,C044000,Bug,High,10,Yes
T007565,C002646,Bug,High,1,No
T007566,C019768,Billing,Low,6,No
T007567,C037470,Billing,High,4,No
T007568,C011986,Billing,Low,8,No
T007569,C031590,Feature,Low,0,Yes
T007570,C001142,Feature,Medium,15,No
T007571,C043411,Feature,Medium,8,Yes
T007572,C008625,Cancellation,Low,15,Yes
T007573,C003957,Billing,High,4,No
T007574,C026311,Login,Low,15,Yes
T007575,C038385,Bug,Medium,9,Yes
T007576,C024738,Bug,Medium,12,Yes
T007577,C016458,Bug,Low,12,No
T007578,C043403,Login,Medium,13,Yes
T007579,C031328,Billing,Low,8,No
T007580,C014982,Cancellation,Low,15,Yes
T007581,C025285,Bug,Low,13,Yes
T007582,C030426,Bug,Low,12,Yes
T007583,C024612,Feature,Medium,0,Yes
T007584,C001547,Feature,Low,14,Yes
T007585,C019077,Billing,Medium,9,No
T007586,C028007,Cancellation,Medium,7,No
T007587,C017785,Cancellation,Medium,13,Yes
T007588,C013066,Feature,Low,13,Yes
T007589,C008582,Login,Low,12,Yes
T007590,C006565,Bug,Medium,3,Yes
T007591,C036079,Bug,Low,1,Yes
T007592,C011226,Login,Medium,0,Yes
T007593,C030722,Billing,Medium,13,Yes
T007594,C032823,Billing,High,8,Yes
T007595,C019870,Login,High,6,No
T007596,C000670,Billing,High,4,No
T007597,C005710,Login,Low,1,Yes
T007598,C032201,Bug,Low,5,Yes
T007599,C020519,Billing,Medium,10,Yes
T007600,C022022,Bug,Low,1,No
T007601,C021128,Bug,High,14,No
T007602,C044932,Cancellation,Medium,7,Yes
T007603,C036323,Bug,Medium,2,No
T007604,C012803,Cancellation,Low,11,No
T007605,C001490,Login,Low,9,No
T007606,C005599,Cancellation,High,0,Yes
T007607,C030631,Bug,High,4,No
T007608,C002366,Login,Medium,0,No
T007609,C043791,Login,Low,0,No
T007610,C011407,Cancellation,Medium,7,No
T007611,C011295,Bug,Low,13,Yes
T007612,C005474,Feature,High,6,Yes
T007613,C006908,Billing,High,12,No
T007614,C001701,Cancellation,Low,2,No
T007615,C033416,Bug,Low,2,No
T007616,C043281,Feature,High,8,No
T007617,C000487,Cancellation,High,5,No
T007618,C006720,Cancellation,High,11,No
T007619,C001678,Cancellation,Low,9,No
T007620,C029299,Cancellation,Medium,0,Yes
T007621,C041502,Billing,Low,4,No
T007622,C001587,Billing,Medium,13,Yes
T007623,C038104,Feature,High,11,No
T007624,C003647,Cancellation,Low,1,Yes
T007625,C021774,Login,Medium,14,No
T007626,C018147,Cancellation,High,9,Yes
T007627,C009540,Cancellation,Low,14,Yes
T007628,C009794,Cancellation,High,11,Yes
T007629,C048516,Bug,Medium,12,No
T007630,C032231,Login,Low,13,No
T007631,C041904,Cancellation,Medium,13,No
T007632,C009020,Feature,Low,7,No
T007633,C010560,Feature,Medium,11,No
T007634,C022303,Cancellation,Medium,0,Yes
T007635,C042582,Cancellation,High,12,No
T007636,C001722,Cancellation,Medium,10,Yes
T007637,C041344,Billing,Medium,5,No
T007638,C036609,Cancellation,Medium,5,Yes
T007639,C015566,Feature,Medium,3,Yes
T007640,C044638,Cancellation,Medium,9,Yes
T007641,C023418,Login,High,1,Yes
T007642,C037380,Cancellation,Medium,4,Yes
T007643,C042834,Cancellation,High,10,Yes
T007644,C037788,Feature,Medium,0,Yes
T007645,C014838,Billing,Low,2,No
T007646,C044055,Bug,Low,15,No
T007647,C027689,Login,High,2,No
T007648,C033870,Feature,Medium,5,No
T007649,C046865,Feature,Medium,11,Yes
T007650,C007088,Cancellation,Low,6,Yes
T007651,C013175,Feature,High,4,No
T007652,C019547,Bug,Low,11,No
T007653,C035277,Bug,High,0,Yes
T007654,C000397,Login,Low,12,Yes
T007655,C000363,Bug,High,0,No
T007656,C013190,Bug,High,7,No
T007657,C047236,Cancellation,Low,11,Yes
T007658,C010939,Feature,Medium,1,No
T007659,C036558,Cancellation,Medium,9,No
T007660,C003450,Cancellation,High,0,Yes
T007661,C033395,Feature,High,11,No
T007662,C028611,Billing,Low,13,No
T007663,C021452,Feature,Low,14,No
T007664,C017104,Feature,Low,10,Yes
T007665,C021982,Login,High,15,No
T007666,C008277,Billing,High,6,No
T007667,C013021,Billing,Low,14,No
T007668,C002154,Billing,Medium,9,No
T007669,C030075,Billing,Medium,1,Yes
T007670,C021485,Login,Low,7,Yes
T007671,C044294,Login,Low,12,No
T007672,C045624,Billing,High,13,Yes
T007673,C049238,Bug,High,8,Yes
T007674,C016189,Billing,High,10,No
T007675,C027223,Cancellation,Low,1,Yes
T007676,C035787,Cancellation,Medium,9,No
T007677,C015855,Login,High,6,Yes
T007678,C049104,Bug,Low,15,Yes
T007679,C030863,Login,Medium,3,No
T007680,C019353,Feature,Low,1,No
T007681,C047130,Login,Low,9,No
T007682,C013221,Feature,High,8,No
T007683,C020960,Cancellation,High,0,No
T007684,C011935,Feature,High,7,No
T007685,C013884,Feature,High,9,No
T007686,C009633,Feature,Medium,8,Yes
T007687,C044678,Login,Medium,5,Yes
T007688,C002782,Feature,Medium,12,Yes
T007689,C003955,Login,Low,7,Yes
T007690,C037153,Bug,High,14,No
T007691,C038034,Feature,High,13,No
T007692,C005595,Billing,Medium,7,No
T007693,C032437,Bug,High,3,No
T007694,C036435,Bug,Low,7,No
T007695,C009082,Feature,High,2,No
T007696,C039820,Bug,High,14,Yes
T007697,C040239,Cancellation,Medium,6,Yes
T007698,C008716,Login,High,9,No
T007699,C012476,Login,Medium,5,Yes
T007700,C002997,Feature,High,15,Yes
T007701,C023980,Feature,Medium,12,No
T007702,C005167,Cancellation,High,1,Yes
T007703,C027448,Billing,High,4,No
T007704,C038483,Billing,Low,6,No
T007705,C007388,Feature,Low,14,No
T007706,C018381,Bug,Medium,3,No
T007707,C028812,Bug,High,4,No
T007708,C007432,Bug,Medium,9,Yes
T007709,C014832,Bug,Medium,14,No
T007710,C006565,Billing,High,3,Yes
T007711,C023892,Bug,High,5,Yes
T007712,C039114,Cancellation,Medium,0,No
T007713,C021091,Cancellation,High,3,Yes
T007714,C015337,Cancellation,High,0,Yes
T007715,C001596,Billing,Low,3,No
T007716,C049595,Feature,High,9,No
T007717,C028719,Cancellation,Low,1,No
T007718,C009095,Login,High,12,Yes
T007719,C004775,Cancellation,Low,9,No
T007720,C018907,Cancellation,High,7,No
T007721,C003747,Login,High,14,Yes
T007722,C020074,Feature,High,10,No
T007723,C014381,Billing,Medium,12,No
T007724,C014282,Feature,Low,2,Yes
T007725,C046748,Cancellation,Medium,14,No
T007726,C045562,Feature,Medium,6,No
T007727,C033449,Feature,Medium,3,No
T007728,C029861,Feature,Low,12,No
T007729,C040054,Billing,Medium,0,No
T007730,C007980,Billing,Medium,15,No
T007731,C010844,Billing,High,10,Yes
T007732,C007147,Login,Medium,1,No
T007733,C048311,Login,Low,12,Yes
T007734,C023789,Bug,High,1,Yes
T007735,C041506,Bug,Low,8,Yes
T007736,C037652,Feature,Medium,13,Yes
T007737,C001548,Login,Medium,12,Yes
T007738,C023556,Feature,Medium,10,Yes
T007739,C019271,Bug,Low,9,Yes
T007740,C018035,Login,High,6,Yes
T007741,C032135,Feature,Medium,4,No
T007742,C039248,Login,High,1,No
T007743,C048583,Bug,Medium,3,Yes
T007744,C017846,Cancellation,High,3,No
T007745,C027536,Feature,High,7,Yes
T007746,C022680,Feature,High,13,No
T007747,C000668,Login,Medium,8,Yes
T007748,C045027,Cancellation,High,10,No
T007749,C035359,Cancellation,Low,2,No
T007750,C010845,Billing,Medium,8,No
T007751,C028675,Feature,High,8,No
T007752,C007029,Cancellation,Medium,3,Yes
T007753,C000715,Feature,High,4,No
T007754,C014980,Cancellation,Medium,4,Yes
T007755,C034633,Billing,Medium,9,Yes
T007756,C037863,Bug,Medium,5,No
T007757,C033103,Bug,Medium,1,No
T007758,C014160,Cancellation,Medium,10,No
T007759,C029365,Billing,Medium,15,Yes
T007760,C017725,Feature,Low,8,Yes
T007761,C001557,Feature,Medium,11,Yes
T007762,C009588,Bug,Low,10,Yes
T007763,C008969,Billing,High,6,Yes
T007764,C044806,Billing,Medium,2,No
T007765,C044853,Billing,Medium,11,Yes
T007766,C034832,Billing,Medium,11,No
T007767,C034885,Cancellation,Low,4,Yes
T007768,C024704,Login,Medium,2,Yes
T007769,C039945,Billing,Medium,11,Yes
T007770,C026402,Billing,Low,12,No
T007771,C032581,Cancellation,Low,11,No
T007772,C041675,Bug,Medium,6,Yes
T007773,C037830,Bug,Low,4,Yes
T007774,C034400,Feature,Low,8,No
T007775,C000584,Bug,Medium,2,Yes
T007776,C004417,Login,Low,0,No
T007777,C008096,Login,High,2,Yes
T007778,C047115,Feature,Medium,8,Yes
T007779,C044828,Login,High,8,Yes
T007780,C023850,Billing,Medium,1,Yes
T007781,C015259,Cancellation,Low,0,No
T007782,C037495,Login,Medium,11,Yes
T007783,C023956,Feature,Medium,3,Yes
T007784,C029755,Bug,Low,9,Yes
T007785,C006409,Feature,Low,13,Yes
T007786,C021896,Billing,High,1,No
T007787,C003205,Billing,Medium,11,No
T007788,C035131,Feature,High,0,Yes
T007789,C031213,Billing,Medium,8,Yes
T007790,C012792,Billing,Low,15,Yes
T007791,C010560,Login,High,11,Yes
T007792,C020535,Cancellation,Low,11,No
T007793,C019315,Login,High,5,No
T007794,C018097,Login,Low,6,No
T007795,C026865,Login,Low,5,No
T007796,C010573,Feature,Low,6,No
T007797,C031791,Cancellation,Medium,6,No
T007798,C017733,Login,Medium,1,No
T007799,C003172,Cancellation,Medium,15,No
T007800,C040513,Feature,High,7,Yes
T007801,C035240,Login,Low,8,No
T007802,C048682,Billing,Medium,11,No
T007803,C015830,Feature,Medium,0,No
T007804,C029305,Cancellation,Medium,12,Yes
T007805,C034256,Bug,Medium,4,Yes
T007806,C035290,Billing,Medium,4,No
T007807,C040274,Bug,Medium,5,No
T007808,C026505,Cancellation,Low,3,No
T007809,C013425,Feature,Low,7,No
T007810,C019538,Feature,Low,10,No
T007811,C020601,Billing,Low,4,Yes
T007812,C012219,Login,High,0,Yes
T007813,C044214,Login,Medium,13,Yes
T007814,C007905,Bug,Low,5,No
T007815,C044701,Bug,Medium,7,Yes
T007816,C041227,Cancellation,High,14,Yes
T007817,C003582,Billing,Medium,3,No
T007818,C038297,Cancellation,High,13,Yes
T007819,C004145,Billing,Low,6,No
T007820,C027413,Billing,Low,5,No
T007821,C010683,Cancellation,Medium,12,No
T007822,C022235,Billing,Low,14,No
T007823,C048417,Bug,High,9,Yes
T007824,C020165,Feature,Medium,6,Yes
T007825,C037456,Bug,High,9,No
T007826,C043883,Login,High,9,Yes
T007827,C036480,Feature,Low,14,No
T007828,C026691,Feature,Low,13,No
T007829,C045671,Bug,High,5,Yes
T007830,C026105,Login,High,3,Yes
T007831,C018482,Bug,Medium,0,No
T007832,C014628,Cancellation,Medium,3,Yes
T007833,C030828,Bug,Medium,14,No
T007834,C039596,Login,Medium,14,No
T007835,C046657,Feature,Medium,15,Yes
T007836,C049978,Bug,Medium,15,No
T007837,C033707,Cancellation,High,4,Yes
T007838,C036244,Feature,High,6,Yes
T007839,C028621,Cancellation,High,1,Yes
T007840,C006988,Bug,Medium,11,No
T007841,C000041,Bug,Medium,13,Yes
T007842,C000356,Cancellation,Medium,4,Yes
T007843,C049501,Bug,High,3,No
T007844,C003858,Login,Medium,2,Yes
T007845,C001223,Billing,High,2,No
T007846,C020496,Cancellation,High,11,No
T007847,C029671,Feature,Low,6,Yes
T007848,C044857,Cancellation,Low,1,No
T007849,C005898,Login,High,15,No
T007850,C035415,Billing,Low,10,No
T007851,C031807,Bug,Low,3,Yes
T007852,C006982,Cancellation,Medium,5,Yes
T007853,C018893,Billing,High,15,No
T007854,C016928,Billing,Medium,3,No
T007855,C047077,Billing,High,7,No
T007856,C046245,Bug,Low,12,Yes
T007857,C029289,Login,Low,9,No
T007858,C025600,Login,Medium,11,No
T007859,C020304,Bug,High,9,No
T007860,C018296,Feature,High,10,Yes
T007861,C000247,Bug,Low,3,No
T007862,C015636,Feature,Medium,12,Yes
T007863,C015752,Feature,High,15,Yes
T007864,C031924,Feature,Medium,12,No
T007865,C023644,Bug,High,7,Yes
T007866,C002352,Feature,High,9,No
T007867,C015708,Bug,Low,1,Yes
T007868,C001159,Cancellation,Medium,8,Yes
T007869,C000159,Login,High,1,Yes
T007870,C007451,Feature,Low,10,Yes
T007871,C045005,Feature,High,6,No
T007872,C031583,Billing,High,4,No
T007873,C019523,Billing,Low,5,No
T007874,C021163,Login,Low,9,No
T007875,C030092,Login,High,5,Yes
T007876,C017719,Login,Medium,2,No
T007877,C001154,Bug,Medium,3,Yes
T007878,C043715,Feature,High,14,Yes
T007879,C002649,Bug,High,8,Yes
T007880,C007000,Cancellation,High,7,No
T007881,C008472,Login,Medium,6,No
T007882,C004700,Login,High,10,Yes
T007883,C042319,Cancellation,Medium,7,Yes
T007884,C006198,Billing,High,5,Yes
T007885,C023811,Billing,Low,2,Yes
T007886,C043169,Billing,Low,14,No
T007887,C000073,Feature,Medium,7,Yes
T007888,C011662,Bug,Medium,7,No
T007889,C019019,Feature,High,14,Yes
T007890,C047031,Login,Medium,15,No
T007891,C030034,Bug,Low,7,No
T007892,C005338,Bug,High,13,No
T007893,C009894,Bug,Medium,8,No
T007894,C007112,Bug,High,4,Yes
T007895,C048066,Feature,Medium,13,No
T007896,C019486,Cancellation,Medium,1,No
T007897,C045319,Bug,High,7,No
T007898,C046959,Cancellation,Medium,7,Yes
T007899,C014141,Feature,Low,3,Yes
T007900,C039322,Login,High,1,Yes
T007901,C042747,Login,Low,3,No
T007902,C010577,Bug,Low,7,Yes
T007903,C003059,Feature,Low,1,No
T007904,C020267,Cancellation,High,10,No
T007905,C039748,Billing,Medium,3,Yes
T007906,C046226,Feature,High,3,Yes
T007907,C046118,Cancellation,Low,8,Yes
T007908,C018336,Billing,Low,14,Yes
T007909,C005711,Login,High,1,Yes
T007910,C014743,Billing,Low,4,Yes
T007911,C000676,Login,Medium,13,Yes
T007912,C044659,Bug,Low,5,No
T007913,C004676,Bug,High,14,No
T007914,C028590,Login,Medium,13,Yes
T007915,C005683,Login,Medium,2,No
T007916,C032343,Billing,High,0,No
T007917,C019193,Billing,Low,5,No
T007918,C040401,Feature,Low,15,Yes
T007919,C026286,Login,Low,12,No
T007920,C001933,Login,High,10,Yes
T007921,C048578,Login,Medium,12,No
T007922,C046616,Cancellation,Medium,11,Yes
T007923,C041616,Billing,Medium,2,Yes
T007924,C007765,Login,High,13,No
T007925,C020722,Billing,Medium,10,Yes
T007926,C023675,Feature,Medium,11,No
T007927,C006552,Bug,High,3,Yes
T007928,C034759,Billing,Low,4,Yes
T007929,C002187,Cancellation,Medium,3,No
T007930,C048142,Feature,High,0,Yes
T007931,C026504,Bug,Low,14,Yes
T007932,C041008,Bug,High,0,No
T007933,C045158,Bug,Low,2,No
T007934,C033218,Billing,Low,0,No
T007935,C026916,Billing,Low,1,No
T007936,C043261,Feature,High,3,Yes
T007937,C037192,Billing,High,6,No
T007938,C039635,Feature,Low,3,Yes
T007939,C047801,Cancellation,Medium,8,No
T007940,C016383,Feature,Medium,12,Yes
T007941,C016034,Bug,Medium,11,Yes
T007942,C029195,Feature,Medium,9,Yes
T007943,C025019,Bug,Medium,1,No
T007944,C028969,Billing,Low,7,Yes
T007945,C018070,Cancellation,High,3,Yes
T007946,C005213,Cancellation,Medium,15,No
T007947,C022078,Cancellation,Low,8,Yes
T007948,C034864,Feature,Low,6,No
T007949,C000232,Feature,Low,1,No
T007950,C034880,Feature,High,11,Yes
T007951,C016534,Billing,Low,10,No
T007952,C046546,Cancellation,High,14,No
T007953,C024139,Feature,High,14,Yes
T007954,C034857,Login,Low,7,Yes
T007955,C033545,Login,Low,0,Yes
T007956,C043137,Cancellation,Low,4,No
T007957,C017007,Bug,Low,9,No
T007958,C032891,Login,High,4,No
T007959,C043102,Cancellation,Medium,11,No
T007960,C045626,Cancellation,Medium,0,Yes
T007961,C009740,Billing,Low,2,No
T007962,C026242,Bug,Low,10,Yes
T007963,C041345,Login,Low,4,No
T007964,C020888,Feature,Medium,15,Yes
T007965,C006739,Billing,Medium,12,Yes
T007966,C017538,Login,Medium,2,No
T007967,C048841,Login,Medium,6,No
T007968,C007003,Billing,Low,2,Yes
T007969,C003611,Bug,Medium,15,No
T007970,C009982,Bug,Low,0,Yes
T007971,C034935,Login,Low,15,Yes
T007972,C014583,Billing,High,0,Yes
T007973,C039829,Feature,High,10,Yes
T007974,C042757,Login,Medium,15,No
T007975,C022927,Feature,Medium,8,Yes
T007976,C013251,Billing,Low,11,Yes
T007977,C017536,Bug,Low,4,No
T007978,C001971,Feature,Low,11,Yes
T007979,C027095,Cancellation,Low,2,Yes
T007980,C024869,Bug,Medium,14,No
T007981,C014198,Login,High,10,Yes
T007982,C019468,Billing,Medium,6,Yes
T007983,C022618,Billing,Medium,11,Yes
T007984,C000069,Billing,Low,5,Yes
T007985,C029959,Login,Low,11,Yes
T007986,C009758,Login,Low,8,No
T007987,C040997,Login,High,4,Yes
T007988,C024402,Cancellation,Low,8,No
T007989,C029280,Login,High,2,Yes
T007990,C048722,Feature,Low,12,No
T007991,C027643,Billing,High,7,Yes
T007992,C023813,Bug,Medium,3,Yes
T007993,C047533,Login,Medium,5,Yes
T007994,C047532,Bug,Medium,8,No
T007995,C023553,Login,Low,13,Yes
T007996,C031190,Cancellation,Medium,1,No
T007997,C029080,Login,Low,8,No
T007998,C028784,Billing,Medium,13,Yes
T007999,C045371,Login,High,8,No
T008000,C024525,Bug,Low,14,No
T008001,C011494,Bug,Medium,3,No
T008002,C021425,Billing,Low,12,Yes
T008003,C049558,Billing,High,13,No
T008004,C019061,Login,Medium,0,No
T008005,C022639,Bug,Medium,0,No
T008006,C024956,Billing,High,0,No
T008007,C008770,Billing,Low,8,No
T008008,C018850,Bug,Low,12,No
T008009,C027866,Cancellation,Low,10,Yes
T008010,C048453,Feature,Low,13,Yes
T008011,C037491,Feature,High,8,Yes
T008012,C018936,Bug,High,15,No
T008013,C031494,Login,High,3,Yes
T008014,C042648,Bug,Low,9,No
T008015,C031439,Billing,High,7,No
T008016,C007343,Billing,Low,0,Yes
T008017,C007037,Billing,Low,15,Yes
T008018,C048555,Billing,Medium,10,Yes
T008019,C004378,Login,Medium,2,Yes
T008020,C036335,Login,High,3,Yes
T008021,C000213,Login,Low,1,No
T008022,C031300,Cancellation,Low,5,No
T008023,C040287,Cancellation,Low,7,No
T008024,C033919,Bug,Low,8,No
T008025,C036403,Feature,High,11,No
T008026,C010005,Billing,High,10,No
T008027,C038301,Feature,Medium,3,No
T008028,C015032,Billing,Low,8,No
T008029,C049819,Cancellation,Low,3,Yes
T008030,C012180,Billing,Low,6,No
T008031,C037564,Bug,Medium,13,Yes
T008032,C045317,Login,Low,6,No
T008033,C007369,Billing,Low,13,Yes
T008034,C014073,Login,Medium,12,Yes
T008035,C010430,Billing,Low,15,Yes
T008036,C017770,Login,High,11,Yes
T008037,C010498,Cancellation,Medium,8,No
T008038,C040634,Login,Medium,10,Yes
T008039,C048367,Cancellation,Medium,14,No
T008040,C042275,Cancellation,Low,8,Yes
T008041,C035864,Login,Low,3,Yes
T008042,C005915,Cancellation,Medium,2,Yes
T008043,C049830,Cancellation,Low,7,No
T008044,C027204,Billing,High,2,Yes
T008045,C005228,Cancellation,Medium,3,Yes
T008046,C024249,Bug,Medium,7,No
T008047,C028111,Login,Medium,8,No
T008048,C007670,Cancellation,Medium,0,Yes
T008049,C007643,Login,High,3,No
T008050,C040989,Login,High,1,No
T008051,C004750,Feature,High,11,No
T008052,C026395,Cancellation,Medium,11,No
T008053,C032504,Bug,Low,4,Yes
T008054,C002667,Billing,Low,5,No
T008055,C043196,Login,Low,2,Yes
T008056,C020720,Bug,High,6,No
T008057,C040104,Billing,Medium,13,No
T008058,C020449,Login,High,4,No
T008059,C021796,Cancellation,High,10,No
T008060,C005953,Billing,High,3,No
T008061,C003210,Feature,High,6,Yes
T008062,C025010,Billing,Medium,7,Yes
T008063,C025175,Feature,High,11,No
T008064,C047479,Billing,Low,5,Yes
T008065,C022639,Login,High,12,Yes
T008066,C020011,Cancellation,High,15,Yes
T008067,C009616,Billing,Medium,14,No
T008068,C030430,Feature,Low,5,No
T008069,C004147,Bug,High,13,Yes
T008070,C006155,Login,Low,10,Yes
T008071,C041396,Cancellation,Low,1,Yes
T008072,C000127,Cancellation,High,5,Yes
T008073,C032147,Cancellation,Medium,10,Yes
T008074,C035696,Billing,Low,6,No
T008075,C035899,Billing,High,12,No
T008076,C043760,Login,Medium,11,Yes
T008077,C029426,Bug,Medium,12,No
T008078,C013318,Bug,High,6,No
T008079,C044431,Cancellation,Medium,9,No
T008080,C041892,Cancellation,High,1,Yes
T008081,C043362,Cancellation,High,8,Yes
T008082,C044540,Bug,Low,5,Yes
T008083,C016495,Login,Medium,3,No
T008084,C018214,Feature,High,5,Yes
T008085,C032150,Feature,Low,4,No
T008086,C038592,Feature,High,14,Yes
T008087,C005663,Billing,High,8,Yes
T008088,C021663,Bug,High,14,Yes
T008089,C027041,Bug,Low,12,No
T008090,C035188,Login,Medium,6,Yes
T008091,C001074,Feature,Low,3,No
T008092,C004614,Login,Low,2,Yes
T008093,C025846,Cancellation,High,5,No
T008094,C000034,Login,Medium,5,No
T008095,C036820,Login,High,10,Yes
T008096,C041504,Bug,Medium,13,No
T008097,C028835,Feature,Medium,13,Yes
T008098,C045808,Cancellation,Medium,1,Yes
T008099,C006676,Bug,Medium,5,No
T008100,C028498,Bug,Low,2,Yes
T008101,C001410,Login,Low,7,Yes
T008102,C029492,Billing,High,7,No
T008103,C046379,Login,High,3,Yes
T008104,C028529,Feature,High,11,Yes
T008105,C046509,Bug,Low,4,Yes
T008106,C041719,Cancellation,High,2,Yes
T008107,C042618,Billing,Low,0,Yes
T008108,C023167,Billing,Medium,12,No
T008109,C042661,Bug,Medium,1,No
T008110,C017861,Login,Medium,0,Yes
T008111,C040407,Login,Medium,11,Yes
T008112,C004588,Billing,Low,10,Yes
T008113,C038076,Bug,Low,14,No
T008114,C048498,Login,Medium,4,No
T008115,C028084,Login,High,6,No
T008116,C034807,Cancellation,Medium,4,Yes
T008117,C002351,Bug,High,14,No
T008118,C049714,Cancellation,Medium,14,No
T008119,C032067,Login,High,0,Yes
T008120,C010103,Bug,Low,7,No
T008121,C007227,Login,Low,2,No
T008122,C013348,Billing,Low,2,Yes
T008123,C023840,Cancellation,High,0,No
T008124,C020394,Billing,High,5,Yes
T008125,C000726,Login,Low,5,No
T008126,C031692,Cancellation,Medium,8,Yes
T008127,C028107,Bug,High,1,Yes
T008128,C012245,Login,High,0,Yes
T008129,C001211,Billing,Medium,4,No
T008130,C023989,Bug,Medium,11,Yes
T008131,C045660,Login,Low,15,Yes
T008132,C009075,Login,Low,12,No
T008133,C034951,Login,High,15,Yes
T008134,C012515,Cancellation,Low,2,No
T008135,C004112,Billing,High,13,No
T008136,C027121,Login,High,1,No
T008137,C010862,Bug,Medium,5,Yes
T008138,C015528,Bug,Medium,12,No
T008139,C024457,Feature,Medium,6,No
T008140,C012570,Bug,High,9,Yes
T008141,C015388,Feature,Low,10,No
T008142,C021487,Feature,Low,4,Yes
T008143,C021929,Feature,High,10,Yes
T008144,C036424,Bug,High,15,Yes
T008145,C034800,Bug,High,3,No
T008146,C031710,Feature,Low,11,Yes
T008147,C019302,Feature,Low,5,No
T008148,C009179,Cancellation,Medium,4,Yes
T008149,C013175,Billing,Medium,3,No
T008150,C031781,Billing,Medium,2,No
T008151,C033396,Login,Low,5,No
T008152,C001213,Bug,Low,7,Yes
T008153,C046132,Bug,Low,10,No
T008154,C011888,Billing,Low,7,Yes
T008155,C042320,Feature,High,11,No
T008156,C017856,Feature,Medium,14,Yes
T008157,C023385,Bug,Medium,6,No
T008158,C033678,Billing,High,11,Yes
T008159,C048908,Bug,Medium,6,Yes
T008160,C036579,Bug,Low,2,No
T008161,C026960,Bug,Low,2,No
T008162,C042841,Billing,Low,12,No
T008163,C000562,Login,High,10,No
T008164,C023146,Feature,Medium,8,Yes
T008165,C037636,Bug,Low,13,Yes
T008166,C041419,Feature,Medium,4,Yes
T008167,C014947,Cancellation,Medium,0,Yes
T008168,C047384,Billing,Medium,9,No
T008169,C027790,Feature,Medium,2,Yes
T008170,C015055,Login,Low,3,Yes
T008171,C031939,Billing,High,6,No
T008172,C036787,Billing,Low,13,Yes
T008173,C014203,Login,Low,6,No
T008174,C017361,Billing,Low,12,Yes
T008175,C000550,Bug,Medium,7,Yes
T008176,C029780,Feature,High,11,No
T008177,C015871,Cancellation,Medium,12,Yes
T008178,C036007,Bug,Medium,3,Yes
T008179,C006804,Billing,Low,14,No
T008180,C034632,Billing,Low,7,No
T008181,C048125,Billing,Medium,6,No
T008182,C018021,Billing,Low,12,Yes
T008183,C017904,Feature,High,0,Yes
T008184,C012939,Cancellation,Medium,10,Yes
T008185,C017887,Billing,High,1,Yes
T008186,C001416,Bug,Medium,4,No
T008187,C006802,Login,High,0,No
T008188,C022361,Cancellation,High,6,No
T008189,C003768,Feature,Low,8,Yes
T008190,C005935,Billing,Medium,6,No
T008191,C015898,Cancellation,High,12,No
T008192,C040631,Bug,High,1,No
T008193,C005031,Feature,High,9,No
T008194,C030267,Feature,High,3,No
T008195,C018777,Feature,Medium,3,No
T008196,C027966,Login,Medium,8,No
T008197,C031770,Cancellation,High,0,Yes
T008198,C011419,Billing,High,15,Yes
T008199,C042783,Billing,Low,10,No
T008200,C034970,Cancellation,High,10,No
T008201,C002387,Billing,Medium,4,No
T008202,C008958,Bug,High,3,No
T008203,C049713,Cancellation,Medium,1,Yes
T008204,C040528,Billing,Medium,7,Yes
T008205,C026200,Cancellation,Medium,14,Yes
T008206,C009504,Bug,Medium,11,Yes
T008207,C016061,Feature,Medium,13,No
T008208,C012609,Billing,High,4,Yes
T008209,C035618,Cancellation,Medium,5,No
T008210,C017882,Feature,Low,4,Yes
T008211,C009519,Billing,Medium,6,No
T008212,C029844,Bug,High,15,Yes
T008213,C006959,Cancellation,Low,13,No
T008214,C019010,Cancellation,High,3,Yes
T008215,C049677,Login,Low,5,Yes
T008216,C039129,Billing,Low,14,No
T008217,C047400,Cancellation,Medium,15,No
T008218,C013659,Login,Medium,3,Yes
T008219,C015781,Bug,Low,6,No
T008220,C004934,Feature,Low,3,Yes
T008221,C021582,Bug,Medium,5,Yes
T008222,C004653,Cancellation,High,11,No
T008223,C038860,Billing,High,0,Yes
T008224,C032630,Cancellation,Low,8,Yes
T008225,C038315,Cancellation,Low,3,No
T008226,C038764,Login,Medium,12,No
T008227,C004180,Bug,Low,15,Yes
T008228,C003964,Billing,Low,10,Yes
T008229,C027773,Bug,Low,12,Yes
T008230,C048009,Billing,High,10,No
T008231,C044793,Billing,Medium,13,No
T008232,C021668,Billing,Medium,6,No
T008233,C046319,Cancellation,Low,10,No
T008234,C026171,Bug,Medium,12,Yes
T008235,C047076,Billing,Medium,6,No
T008236,C021371,Billing,Low,13,Yes
T008237,C030270,Bug,High,1,No
T008238,C000262,Bug,Medium,8,No
T008239,C006587,Bug,Low,14,No
T008240,C041762,Bug,Low,12,No
T008241,C049794,Billing,High,12,No
T008242,C007897,Cancellation,Medium,13,Yes
T008243,C014062,Login,Low,13,No
T008244,C001839,Feature,Low,7,No
T008245,C014768,Cancellation,Medium,5,No
T008246,C047610,Billing,High,2,No
T008247,C029768,Bug,High,6,Yes
T008248,C012324,Feature,High,12,Yes
T008249,C003959,Cancellation,High,3,No
T008250,C048994,Cancellation,Medium,0,Yes
T008251,C025937,Billing,High,1,No
T008252,C023509,Login,High,12,Yes
T008253,C013183,Feature,High,9,No
T008254,C007846,Login,High,6,Yes
T008255,C042071,Bug,High,0,No
T008256,C037953,Billing,High,2,No
T008257,C010162,Cancellation,Medium,14,No
T008258,C001205,Billing,Low,14,Yes
T008259,C049734,Login,Medium,6,Yes
T008260,C012047,Feature,High,9,No
T008261,C000335,Billing,High,6,Yes
T008262,C048416,Bug,Medium,4,No
T008263,C016031,Feature,High,0,No
T008264,C032380,Bug,Medium,7,Yes
T008265,C033934,Bug,Low,8,No
T008266,C005243,Feature,Medium,2,Yes
T008267,C017293,Billing,Medium,2,Yes
T008268,C002404,Billing,Low,2,Yes
T008269,C040529,Login,Medium,7,No
T008270,C016159,Billing,Low,2,Yes
T008271,C009756,Login,Low,15,Yes
T008272,C008988,Login,Medium,13,Yes
T008273,C025720,Login,Medium,13,Yes
T008274,C041534,Cancellation,Low,9,Yes
T008275,C011855,Feature,Low,9,No
T008276,C048729,Bug,Medium,15,Yes
T008277,C000868,Bug,Low,10,Yes
T008278,C049679,Cancellation,High,2,Yes
T008279,C015832,Bug,Low,8,Yes
T008280,C025531,Bug,High,12,No
T008281,C010534,Cancellation,Medium,9,No
T008282,C007587,Login,Medium,13,No
T008283,C018213,Cancellation,Low,1,No
T008284,C035388,Billing,Low,10,Yes
T008285,C022094,Bug,Low,9,No
T008286,C008949,Login,Low,8,Yes
T008287,C003015,Login,Medium,7,Yes
T008288,C005380,Login,Low,14,Yes
T008289,C013385,Login,Low,3,Yes
T008290,C029998,Feature,Medium,7,Yes
T008291,C043271,Cancellation,Medium,9,Yes
T008292,C047450,Login,High,5,No
T008293,C035767,Billing,Low,8,Yes
T008294,C001096,Billing,Medium,12,Yes
T008295,C019032,Feature,High,2,Yes
T008296,C008057,Feature,Medium,6,Yes
T008297,C046656,Login,Medium,7,Yes
T008298,C000675,Feature,Medium,3,Yes
T008299,C018603,Login,Low,11,Yes
T008300,C035291,Billing,High,1,No
T008301,C024032,Feature,High,11,Yes
T008302,C039495,Bug,Low,10,Yes
T008303,C034313,Feature,Low,3,No
T008304,C005214,Login,High,1,No
T008305,C022223,Login,Medium,0,Yes
T008306,C048056,Cancellation,Low,15,Yes
T008307,C003356,Cancellation,Low,9,Yes
T008308,C029264,Billing,Medium,14,Yes
T008309,C020390,Login,High,14,No
T008310,C009594,Feature,Medium,0,Yes
T008311,C046655,Login,High,6,No
T008312,C044531,Cancellation,Medium,12,Yes
T008313,C015870,Billing,High,1,No
T008314,C032724,Feature,Medium,4,No
T008315,C033186,Bug,Medium,9,No
T008316,C006379,Bug,Low,3,Yes
T008317,C039311,Cancellation,High,12,Yes
T008318,C007795,Bug,Low,13,No
T008319,C029759,Bug,High,14,Yes
T008320,C026795,Billing,Low,7,Yes
T008321,C033352,Login,Low,15,No
T008322,C030817,Bug,Low,15,Yes
T008323,C018661,Feature,Low,0,Yes
T008324,C021039,Billing,Medium,10,Yes
T008325,C007284,Cancellation,Low,7,Yes
T008326,C021329,Bug,Medium,6,No
T008327,C033959,Cancellation,Low,2,Yes
T008328,C004546,Billing,Medium,10,Yes
T008329,C029112,Bug,Low,12,No
T008330,C030149,Bug,High,15,Yes
T008331,C021525,Bug,High,2,No
T008332,C008379,Login,High,4,Yes
T008333,C042598,Billing,Medium,12,Yes
T008334,C017659,Login,High,13,Yes
T008335,C043349,Billing,Low,5,Yes
T008336,C012083,Login,Low,1,Yes
T008337,C042475,Bug,High,12,Yes
T008338,C002678,Cancellation,Medium,3,Yes
T008339,C044407,Billing,High,15,Yes
T008340,C030534,Cancellation,Low,13,No
T008341,C041513,Billing,Medium,13,No
T008342,C029788,Cancellation,Low,13,Yes
T008343,C035801,Billing,Low,14,No
T008344,C018787,Login,Medium,11,No
T008345,C022666,Billing,High,2,Yes
T008346,C001744,Cancellation,Medium,2,No
T008347,C015339,Bug,Medium,13,Yes
T008348,C048921,Bug,Low,2,Yes
T008349,C013696,Bug,Low,6,Yes
T008350,C039741,Login,Low,15,No
T008351,C023393,Cancellation,High,0,No
T008352,C047112,Feature,Low,3,No
T008353,C017302,Login,Medium,12,Yes
T008354,C024466,Bug,Low,6,No
T008355,C002820,Feature,Medium,15,Yes
T008356,C006060,Feature,High,14,Yes
T008357,C030127,Bug,Low,13,No
T008358,C015632,Cancellation,Medium,4,No
T008359,C047614,Bug,Medium,14,Yes
T008360,C030018,Cancellation,Low,13,No
T008361,C035018,Feature,Low,13,No
T008362,C028838,Bug,High,8,No
T008363,C021354,Billing,Medium,5,No
T008364,C043399,Cancellation,Low,13,No
T008365,C016259,Cancellation,Medium,5,Yes
T008366,C031347,Feature,Low,1,Yes
T008367,C018671,Feature,High,0,No
T008368,C037164,Feature,Low,0,Yes
T008369,C023920,Login,High,14,Yes
T008370,C022573,Bug,High,3,Yes
T008371,C021057,Cancellation,High,11,No
T008372,C001687,Cancellation,High,11,Yes
T008373,C030687,Feature,Low,3,Yes
T008374,C033635,Bug,Medium,4,No
T008375,C025714,Cancellation,Low,5,Yes
T008376,C036023,Billing,High,5,No
T008377,C045047,Billing,Medium,5,No
T008378,C039151,Feature,Medium,8,No
T008379,C002394,Cancellation,Medium,5,No
T008380,C045547,Feature,Medium,9,Yes
T008381,C046096,Feature,Low,4,No
T008382,C035602,Login,High,3,No
T008383,C023590,Cancellation,Medium,13,No
T008384,C047881,Bug,Medium,4,Yes
T008385,C019747,Login,Low,15,No
T008386,C010783,Feature,Medium,2,No
T008387,C005223,Login,High,9,No
T008388,C016315,Bug,High,1,Yes
T008389,C022277,Bug,Low,14,Yes
T008390,C031723,Billing,High,10,Yes
T008391,C000185,Cancellation,Medium,3,Yes
T008392,C025376,Bug,Medium,1,Yes
T008393,C034007,Feature,Low,6,Yes
T008394,C037039,Bug,Low,11,No
T008395,C025242,Billing,High,14,No
T008396,C044946,Feature,Low,3,Yes
T008397,C042176,Billing,Medium,4,No
T008398,C020205,Billing,Medium,4,No
T008399,C015345,Cancellation,Medium,4,No
T008400,C026322,Login,Medium,7,Yes
T008401,C019879,Billing,Low,13,Yes
T008402,C040918,Billing,Medium,9,No
T008403,C004053,Cancellation,Low,3,No
T008404,C023527,Billing,Low,15,Yes
T008405,C031268,Billing,Low,2,No
T008406,C028391,Cancellation,High,9,Yes
T008407,C029348,Billing,Medium,11,No
T008408,C012520,Cancellation,High,4,No
T008409,C009378,Billing,Low,5,Yes
T008410,C041210,Feature,Medium,6,Yes
T008411,C034101,Bug,Low,10,Yes
T008412,C004659,Bug,High,10,Yes
T008413,C044037,Cancellation,Low,1,Yes
T008414,C046879,Cancellation,High,3,No
T008415,C013735,Cancellation,Medium,12,Yes
T008416,C016608,Login,Medium,12,Yes
T008417,C046343,Bug,High,1,No
T008418,C036565,Cancellation,Medium,3,Yes
T008419,C048570,Bug,High,8,Yes
T008420,C022644,Login,Medium,14,Yes
T008421,C014070,Cancellation,Medium,12,No
T008422,C033450,Login,High,13,Yes
T008423,C009388,Login,Low,11,Yes
T008424,C018524,Feature,Low,7,No
T008425,C027076,Billing,Medium,5,Yes
T008426,C001354,Bug,Medium,0,Yes
T008427,C013609,Bug,High,13,Yes
T008428,C029993,Login,Medium,11,Yes
T008429,C043198,Bug,Medium,1,No
T008430,C014703,Billing,Medium,6,Yes
T008431,C003199,Login,Low,11,No
T008432,C044993,Bug,High,10,No
T008433,C001210,Login,Low,3,No
T008434,C036884,Login,High,11,No
T008435,C042166,Billing,Low,9,No
T008436,C047886,Billing,High,11,Yes
T008437,C002433,Bug,Medium,7,Yes
T008438,C009392,Login,Medium,8,No
T008439,C048504,Feature,Medium,10,Yes
T008440,C047624,Login,High,7,No
T008441,C014345,Login,Low,2,Yes
T008442,C045597,Cancellation,Medium,14,Yes
T008443,C004130,Bug,Low,8,Yes
T008444,C019035,Billing,High,13,No
T008445,C035350,Bug,High,1,Yes
T008446,C008458,Feature,High,0,No
T008447,C041272,Bug,High,7,No
T008448,C023683,Bug,Medium,10,Yes
T008449,C008683,Bug,Low,1,No
T008450,C028719,Bug,Low,1,No
T008451,C047383,Bug,Low,4,Yes
T008452,C040130,Bug,Low,0,Yes
T008453,C018687,Billing,High,13,No
T008454,C048030,Login,High,10,No
T008455,C042660,Billing,Medium,5,No
T008456,C004045,Bug,Medium,3,No
T008457,C042529,Billing,Low,2,No
T008458,C009473,Billing,Medium,13,No
T008459,C019713,Feature,Low,10,No
T008460,C009911,Bug,Low,13,Yes
T008461,C046272,Billing,Medium,6,Yes
T008462,C010280,Billing,Low,13,No
T008463,C043723,Billing,Medium,12,No
T008464,C012214,Feature,Low,5,No
T008465,C018803,Login,Medium,7,No
T008466,C016768,Feature,Low,10,No
T008467,C027112,Bug,Medium,12,No
T008468,C044633,Login,Medium,1,Yes
T008469,C006443,Billing,Low,7,No
T008470,C023499,Login,Low,13,Yes
T008471,C037234,Cancellation,High,6,Yes
T008472,C024243,Cancellation,Low,5,Yes
T008473,C035253,Billing,Low,12,Yes
T008474,C012871,Bug,Medium,14,Yes
T008475,C030292,Bug,Low,12,No
T008476,C045288,Feature,High,9,Yes
T008477,C011082,Billing,Low,13,No
T008478,C035526,Feature,Medium,15,No
T008479,C032786,Bug,Medium,6,Yes
T008480,C036017,Login,High,13,No
T008481,C031000,Feature,Medium,10,No
T008482,C030427,Feature,Low,8,Yes
T008483,C020492,Bug,Medium,1,Yes
T008484,C029804,Cancellation,Medium,15,Yes
T008485,C045894,Billing,Medium,9,Yes
T008486,C047184,Billing,Low,15,Yes
T008487,C040146,Cancellation,High,12,No
T008488,C021567,Billing,Medium,5,Yes
T008489,C001045,Bug,High,7,Yes
T008490,C037687,Feature,Medium,3,No
T008491,C025987,Feature,Low,6,Yes
T008492,C026274,Feature,Medium,15,Yes
T008493,C031052,Bug,Low,0,No
T008494,C033181,Login,Low,12,Yes
T008495,C006223,Cancellation,High,15,Yes
T008496,C031720,Cancellation,Medium,7,No
T008497,C012910,Cancellation,High,6,No
T008498,C041016,Cancellation,Low,12,No
T008499,C009210,Feature,Low,11,Yes
T008500,C031039,Bug,Low,5,Yes
T008501,C031465,Login,Low,12,No
T008502,C021960,Billing,Medium,10,Yes
T008503,C004421,Login,Low,2,Yes
T008504,C007154,Feature,High,14,No
T008505,C000753,Login,Medium,3,No
T008506,C020834,Billing,Low,5,No
T008507,C044857,Cancellation,High,12,Yes
T008508,C049127,Billing,Medium,11,Yes
T008509,C021006,Billing,High,1,Yes
T008510,C009913,Login,High,6,No
T008511,C042302,Cancellation,Low,12,No
T008512,C001964,Feature,High,4,No
T008513,C047103,Feature,High,3,Yes
T008514,C046148,Billing,High,8,No
T008515,C031699,Bug,Low,14,No
T008516,C004387,Feature,Medium,9,No
T008517,C031531,Billing,Low,6,No
T008518,C044460,Bug,Low,15,Yes
T008519,C036345,Cancellation,Low,8,No
T008520,C019404,Billing,High,12,Yes
T008521,C043411,Bug,Low,6,No
T008522,C038072,Billing,High,10,Yes
T008523,C009313,Login,Medium,2,Yes
T008524,C010622,Feature,Medium,0,No
T008525,C027459,Bug,High,5,No
T008526,C039471,Cancellation,High,13,Yes
T008527,C030409,Cancellation,Low,8,No
T008528,C018983,Billing,Medium,7,Yes
T008529,C007201,Feature,High,4,Yes
T008530,C040430,Cancellation,Low,4,Yes
T008531,C021515,Login,High,11,No
T008532,C028955,Cancellation,Low,3,No
T008533,C036004,Cancellation,High,0,No
T008534,C030194,Bug,Low,1,No
T008535,C020077,Feature,Low,9,No
T008536,C018631,Bug,High,10,Yes
T008537,C036188,Billing,Medium,10,No
T008538,C044469,Feature,Medium,3,Yes
T008539,C026117,Bug,High,11,Yes
T008540,C007560,Login,Low,3,No
T008541,C046750,Feature,Low,15,No
T008542,C000047,Feature,Medium,2,Yes
T008543,C025798,Billing,Medium,3,Yes
T008544,C018602,Login,High,13,No
T008545,C020800,Billing,High,15,No
T008546,C013414,Feature,Low,10,Yes
T008547,C008886,Login,Medium,13,No
T008548,C012284,Billing,High,10,Yes
T008549,C022608,Billing,Medium,1,No
T008550,C006737,Billing,High,6,No
T008551,C048518,Billing,Medium,0,No
T008552,C005652,Cancellation,Low,14,No
T008553,C028783,Cancellation,Low,11,No
T008554,C014370,Feature,High,8,Yes
T008555,C035169,Feature,Low,0,Yes
T008556,C021668,Cancellation,High,1,No
T008557,C030724,Feature,Medium,15,No
T008558,C046842,Cancellation,Low,15,No
T008559,C031292,Cancellation,High,8,Yes
T008560,C027096,Billing,Medium,9,Yes
T008561,C034113,Billing,High,0,No
T008562,C001222,Bug,High,13,No
T008563,C016748,Billing,Low,12,Yes
T008564,C029670,Cancellation,Low,5,No
T008565,C031089,Login,Low,4,Yes
T008566,C018378,Billing,Medium,7,Yes
T008567,C027629,Billing,High,11,Yes
T008568,C007444,Feature,Low,3,No
T008569,C002976,Login,Medium,15,Yes
T008570,C001188,Feature,Low,11,Yes
T008571,C011164,Cancellation,Medium,15,No
T008572,C040934,Bug,Low,7,No
T008573,C003483,Cancellation,Low,5,No
T008574,C033775,Bug,Medium,2,No
T008575,C017127,Bug,Medium,0,Yes
T008576,C007468,Login,Medium,15,No
T008577,C032141,Cancellation,Medium,9,No
T008578,C027107,Cancellation,Medium,12,Yes
T008579,C027812,Login,Medium,0,No
T008580,C025867,Cancellation,Low,2,No
T008581,C001458,Login,High,9,Yes
T008582,C007033,Bug,High,3,Yes
T008583,C029116,Cancellation,Medium,3,No
T008584,C041701,Bug,Medium,1,No
T008585,C043726,Feature,High,11,Yes
T008586,C007465,Billing,Medium,5,No
T008587,C044829,Cancellation,High,12,Yes
T008588,C020774,Cancellation,Low,3,Yes
T008589,C028034,Bug,Low,4,Yes
T008590,C046800,Login,High,3,No
T008591,C043173,Billing,High,6,Yes
T008592,C044491,Login,Low,11,Yes
T008593,C033729,Cancellation,Low,2,Yes
T008594,C020857,Bug,High,12,Yes
T008595,C022445,Login,High,3,Yes
T008596,C009418,Bug,Medium,2,Yes
T008597,C027930,Feature,High,2,No
T008598,C020340,Billing,Medium,10,Yes
T008599,C026492,Bug,High,14,No
T008600,C015887,Cancellation,Low,7,Yes
T008601,C044212,Bug,Low,1,No
T008602,C004404,Login,Medium,0,Yes
T008603,C004148,Billing,Medium,2,Yes
T008604,C049090,Billing,High,13,No
T008605,C024420,Login,Medium,3,No
T008606,C003218,Cancellation,Medium,11,Yes
T008607,C003391,Cancellation,Medium,10,No
T008608,C006751,Bug,Low,1,No
T008609,C032346,Billing,Medium,5,No
T008610,C039227,Feature,High,10,Yes
T008611,C044875,Login,High,15,No
T008612,C026408,Cancellation,Low,10,No
T008613,C001515,Bug,High,10,No
T008614,C044771,Bug,High,14,No
T008615,C049385,Billing,Low,2,No
T008616,C031657,Cancellation,High,13,No
T008617,C007354,Billing,Medium,13,Yes
T008618,C001412,Feature,Low,15,Yes
T008619,C015644,Bug,Medium,4,No
T008620,C033446,Billing,Medium,10,Yes
T008621,C031111,Login,High,13,Yes
T008622,C000010,Feature,Low,1,Yes
T008623,C045446,Billing,Low,6,No
T008624,C044882,Billing,Medium,6,Yes
T008625,C032503,Cancellation,Low,2,Yes
T008626,C029616,Feature,Medium,4,Yes
T008627,C019549,Bug,High,4,Yes
T008628,C031321,Bug,Low,3,No
T008629,C039617,Cancellation,High,6,Yes
T008630,C037130,Feature,Medium,9,No
T008631,C021171,Bug,High,5,No
T008632,C035344,Feature,Medium,1,No
T008633,C027212,Login,Medium,12,No
T008634,C010598,Cancellation,Low,8,No
T008635,C008126,Cancellation,Low,13,Yes
T008636,C030370,Bug,Medium,14,Yes
T008637,C027927,Cancellation,Medium,9,No
T008638,C006280,Cancellation,High,4,Yes
T008639,C011077,Bug,Low,12,Yes
T008640,C042974,Login,Medium,14,No
T008641,C014196,Cancellation,Low,1,No
T008642,C042766,Bug,Medium,9,Yes
T008643,C038486,Cancellation,Low,7,No
T008644,C024003,Bug,High,8,No
T008645,C026936,Bug,Low,11,Yes
T008646,C020973,Bug,High,5,Yes
T008647,C011256,Billing,Low,4,Yes
T008648,C038789,Cancellation,High,8,No
T008649,C022269,Login,Medium,7,Yes
T008650,C008836,Feature,Low,11,Yes
T008651,C006247,Feature,High,12,Yes
T008652,C037436,Cancellation,Low,2,Yes
T008653,C009711,Billing,Low,14,Yes
T008654,C016828,Bug,Medium,9,Yes
T008655,C031401,Login,High,1,No
T008656,C007296,Bug,Low,13,Yes
T008657,C010771,Login,High,12,No
T008658,C004616,Login,Low,6,No
T008659,C018842,Bug,High,6,Yes
T008660,C024204,Billing,Medium,0,Yes
T008661,C007704,Feature,Medium,10,Yes
T008662,C009581,Bug,Medium,6,Yes
T008663,C026882,Feature,Medium,7,Yes
T008664,C024590,Billing,Low,12,No
T008665,C047135,Billing,Low,2,No
T008666,C029756,Bug,Low,4,No
T008667,C029117,Bug,Low,1,No
T008668,C041101,Feature,Medium,2,No
T008669,C003414,Bug,High,5,Yes
T008670,C032536,Billing,High,11,No
T008671,C044279,Billing,High,2,Yes
T008672,C042357,Bug,High,3,No
T008673,C001937,Billing,Medium,9,No
T008674,C004545,Feature,Medium,10,No
T008675,C044565,Login,Low,5,No
T008676,C027129,Cancellation,High,8,Yes
T008677,C023039,Billing,High,0,Yes
T008678,C032499,Billing,Low,9,Yes
T008679,C044790,Cancellation,High,5,No
T008680,C024447,Login,Medium,13,No
T008681,C016007,Cancellation,High,5,No
T008682,C039177,Login,High,2,Yes
T008683,C019564,Bug,Medium,7,No
T008684,C037628,Bug,High,15,No
T008685,C014541,Feature,Low,2,No
T008686,C037769,Login,Medium,12,No
T008687,C019298,Billing,Low,14,Yes
T008688,C021696,Bug,Low,1,No
T008689,C011674,Bug,Medium,0,No
T008690,C046684,Cancellation,Medium,9,No
T008691,C038074,Feature,Low,5,No
T008692,C027599,Billing,Medium,1,No
T008693,C042543,Bug,Medium,4,No
T008694,C026644,Login,Medium,10,No
T008695,C044896,Login,Medium,6,No
T008696,C033670,Feature,Medium,10,No
T008697,C037020,Login,Low,8,Yes
T008698,C037612,Billing,High,4,No
T008699,C031452,Login,Low,1,Yes
T008700,C040152,Cancellation,High,1,No
T008701,C029601,Billing,Low,10,No
T008702,C003041,Cancellation,Medium,13,Yes
T008703,C009164,Cancellation,Low,11,Yes
T008704,C028408,Bug,Low,8,No
T008705,C028181,Bug,Low,4,No
T008706,C017226,Bug,Low,13,Yes
T008707,C004362,Login,High,14,No
T008708,C003331,Feature,High,10,Yes
T008709,C028376,Cancellation,High,7,Yes
T008710,C031938,Cancellation,High,5,No
T008711,C007389,Billing,Medium,1,No
T008712,C040043,Billing,High,0,Yes
T008713,C003096,Feature,Low,11,No
T008714,C016698,Login,High,14,Yes
T008715,C043197,Cancellation,Medium,12,No
T008716,C017804,Bug,Medium,10,Yes
T008717,C049251,Billing,Medium,1,Yes
T008718,C014478,Cancellation,Low,15,No
T008719,C043996,Login,High,1,No
T008720,C038590,Billing,Low,2,No
T008721,C029072,Login,Medium,9,Yes
T008722,C043037,Cancellation,Medium,2,No
T008723,C020275,Login,Low,6,No
T008724,C032988,Billing,High,4,Yes
T008725,C015949,Cancellation,Low,5,No
T008726,C028832,Cancellation,Low,0,No
T008727,C008711,Login,Medium,15,Yes
T008728,C031635,Cancellation,High,8,No
T008729,C011936,Billing,Low,14,Yes
T008730,C018235,Login,Low,13,Yes
T008731,C000647,Login,Medium,13,No
T008732,C000731,Cancellation,Low,0,No
T008733,C048312,Feature,Low,13,Yes
T008734,C019472,Bug,Medium,5,Yes
T008735,C009858,Cancellation,High,10,Yes
T008736,C022282,Bug,High,6,No
T008737,C035375,Feature,Medium,5,No
T008738,C015529,Bug,Medium,8,Yes
T008739,C018868,Bug,Medium,6,No
T008740,C027560,Billing,High,4,No
T008741,C038556,Bug,Medium,2,No
T008742,C044936,Billing,Medium,14,Yes
T008743,C002696,Bug,Low,3,No
T008744,C002502,Bug,High,4,No
T008745,C001493,Cancellation,Medium,3,No
T008746,C028262,Billing,High,14,Yes
T008747,C032452,Billing,High,14,No
T008748,C011929,Cancellation,Low,6,Yes
T008749,C042727,Cancellation,Low,15,No
T008750,C007961,Login,High,11,Yes
T008751,C047560,Bug,Medium,15,No
T008752,C013078,Cancellation,High,13,No
T008753,C040403,Billing,High,11,Yes
T008754,C029861,Cancellation,High,5,Yes
T008755,C005948,Feature,Low,10,Yes
T008756,C006616,Feature,High,6,No
T008757,C039380,Login,Medium,14,No
T008758,C025765,Bug,High,8,No
T008759,C049528,Feature,Medium,3,No
T008760,C037034,Login,Medium,8,No
T008761,C001744,Login,High,3,No
T008762,C009630,Feature,High,10,No
T008763,C015136,Billing,Low,10,Yes
T008764,C002411,Cancellation,High,6,No
T008765,C039771,Billing,Low,9,Yes
T008766,C036551,Feature,High,12,Yes
T008767,C049941,Billing,Low,2,Yes
T008768,C025328,Cancellation,High,12,Yes
T008769,C048665,Cancellation,High,12,Yes
T008770,C024741,Feature,Low,6,No
T008771,C037393,Cancellation,Low,3,No
T008772,C000843,Feature,Low,8,No
T008773,C005506,Feature,Medium,10,Yes
T008774,C014525,Cancellation,Medium,12,Yes
T008775,C011774,Login,Medium,3,Yes
T008776,C044924,Bug,Low,4,No
T008777,C033448,Feature,High,14,No
T008778,C030117,Login,Medium,13,Yes
T008779,C020113,Login,High,7,No
T008780,C043126,Cancellation,High,5,Yes
T008781,C007160,Bug,Low,1,Yes
T008782,C033551,Billing,Medium,6,Yes
T008783,C038889,Login,Low,13,Yes
T008784,C026556,Feature,Medium,8,Yes
T008785,C009204,Feature,Low,5,No
T008786,C002195,Login,Medium,11,No
T008787,C038729,Bug,Medium,7,No
T008788,C026017,Feature,High,6,Yes
T008789,C035756,Cancellation,Medium,2,No
T008790,C021880,Billing,Low,12,No
T008791,C010854,Bug,Low,15,No
T008792,C009807,Bug,Medium,2,No
T008793,C006948,Bug,High,4,Yes
T008794,C015091,Cancellation,Low,3,Yes
T008795,C038287,Cancellation,High,0,Yes
T008796,C040782,Cancellation,Medium,12,Yes
T008797,C032631,Billing,Medium,13,No
T008798,C041962,Billing,Medium,15,Yes
T008799,C012807,Bug,High,12,No
T008800,C033586,Bug,Medium,8,Yes
T008801,C036131,Cancellation,Medium,11,No
T008802,C014372,Bug,Low,10,No
T008803,C038585,Cancellation,Medium,8,Yes
T008804,C045957,Login,Low,8,Yes
T008805,C001330,Cancellation,Low,14,No
T008806,C010499,Bug,Low,8,No
T008807,C004994,Feature,Low,13,No
T008808,C029635,Login,Medium,8,No
T008809,C022025,Billing,Low,1,No
T008810,C045284,Bug,Medium,5,Yes
T008811,C044618,Feature,High,10,Yes
T008812,C001915,Bug,Low,5,Yes
T008813,C030627,Login,High,5,Yes
T008814,C009341,Cancellation,Low,7,No
T008815,C028586,Billing,Medium,9,No
T008816,C040344,Billing,Medium,13,No
T008817,C024431,Login,Low,6,No
T008818,C049851,Cancellation,High,0,Yes
T008819,C015953,Feature,High,11,Yes
T008820,C016548,Cancellation,Low,14,No
T008821,C009783,Cancellation,Low,14,Yes
T008822,C035127,Billing,High,12,No
T008823,C001991,Bug,Medium,15,No
T008824,C024514,Bug,Medium,7,Yes
T008825,C018260,Bug,Medium,4,Yes
T008826,C034510,Feature,Medium,8,No
T008827,C026312,Login,Low,7,No
T008828,C047461,Cancellation,Low,9,Yes
T008829,C025882,Billing,High,9,Yes
T008830,C048203,Bug,Medium,0,No
T008831,C032909,Login,Low,7,Yes
T008832,C038702,Feature,Low,2,Yes
T008833,C038857,Cancellation,High,4,No
T008834,C047043,Login,High,7,Yes
T008835,C039764,Login,Medium,1,No
T008836,C045160,Bug,Low,12,Yes
T008837,C015163,Cancellation,Low,3,Yes
T008838,C008353,Billing,Low,4,Yes
T008839,C011711,Bug,High,12,Yes
T008840,C034941,Cancellation,High,9,Yes
T008841,C010930,Cancellation,Low,5,Yes
T008842,C005818,Billing,High,2,No
T008843,C042948,Login,Medium,0,No
T008844,C042246,Bug,High,9,Yes
T008845,C031063,Login,Medium,10,No
T008846,C001698,Login,Medium,6,Yes
T008847,C015203,Login,High,13,Yes
T008848,C049609,Billing,Low,7,Yes
T008849,C005031,Feature,Medium,14,Yes
T008850,C020829,Login,Low,15,Yes
T008851,C021155,Bug,Medium,0,No
T008852,C028475,Feature,Low,14,Yes
T008853,C015550,Cancellation,Medium,8,Yes
T008854,C023025,Login,Low,0,Yes
T008855,C043748,Feature,High,10,Yes
T008856,C011476,Cancellation,High,15,No
T008857,C030708,Login,Medium,4,No
T008858,C034668,Feature,High,10,No
T008859,C017425,Login,Medium,1,Yes
T008860,C037202,Bug,High,1,Yes
T008861,C020433,Feature,Medium,8,No
T008862,C033242,Billing,High,0,No
T008863,C002705,Bug,High,10,Yes
T008864,C000898,Billing,Medium,2,No
T008865,C007896,Login,Medium,1,Yes
T008866,C011052,Billing,Low,12,Yes
T008867,C017421,Billing,Low,9,No
T008868,C014931,Billing,Low,11,No
T008869,C007655,Cancellation,Low,2,No
T008870,C046461,Cancellation,High,13,Yes
T008871,C011986,Billing,High,9,Yes
T008872,C040315,Bug,Medium,0,No
T008873,C023982,Login,Medium,4,No
T008874,C049218,Billing,Low,13,No
T008875,C046994,Cancellation,Medium,7,Yes
T008876,C013811,Feature,High,14,Yes
T008877,C020047,Billing,Low,11,No
T008878,C032606,Cancellation,Low,12,No
T008879,C016740,Login,Medium,4,Yes
T008880,C048108,Billing,High,7,Yes
T008881,C013555,Bug,High,1,Yes
T008882,C016991,Feature,High,2,Yes
T008883,C043072,Billing,High,15,Yes
T008884,C013846,Login,Low,12,Yes
T008885,C013947,Bug,Low,10,No
T008886,C021649,Cancellation,Medium,4,No
T008887,C018502,Bug,High,13,No
T008888,C012711,Cancellation,High,2,No
T008889,C003524,Bug,High,9,No
T008890,C012559,Bug,Medium,9,No
T008891,C048367,Cancellation,High,11,No
T008892,C042379,Billing,Medium,3,Yes
T008893,C007308,Cancellation,High,12,No
T008894,C017090,Feature,Low,2,No
T008895,C005560,Login,Low,7,No
T008896,C032178,Login,Low,0,Yes
T008897,C048925,Cancellation,Low,0,No
T008898,C046028,Feature,High,2,No
T008899,C019647,Login,High,5,No
T008900,C046350,Cancellation,Medium,9,Yes
T008901,C015932,Login,Medium,0,Yes
T008902,C002446,Bug,Low,5,No
T008903,C041659,Cancellation,High,5,Yes
T008904,C019148,Billing,Medium,12,Yes
T008905,C048787,Cancellation,Low,4,No
T008906,C021315,Cancellation,Medium,0,No
T008907,C022819,Login,Low,6,Yes
T008908,C005629,Billing,Medium,11,Yes
T008909,C041925,Bug,High,4,Yes
T008910,C030045,Bug,High,8,No
T008911,C001741,Bug,Low,2,Yes
T008912,C012794,Billing,Medium,1,Yes
T008913,C049548,Billing,Low,1,No
T008914,C032252,Login,High,12,Yes
T008915,C044090,Feature,Low,0,Yes
T008916,C016204,Billing,Medium,2,Yes
T008917,C006628,Bug,Medium,0,No
T008918,C028224,Bug,High,12,Yes
T008919,C039407,Billing,High,12,Yes
T008920,C048446,Login,Low,10,Yes
T008921,C043768,Cancellation,Medium,7,Yes
T008922,C005055,Billing,Low,7,Yes
T008923,C000070,Cancellation,Medium,5,Yes
T008924,C017706,Bug,Low,12,Yes
T008925,C013650,Bug,High,6,Yes
T008926,C034345,Login,High,10,Yes
T008927,C043793,Billing,High,4,Yes
T008928,C040678,Bug,Medium,7,Yes
T008929,C016938,Bug,Medium,2,No
T008930,C005151,Bug,Low,13,No
T008931,C046746,Bug,Low,6,No
T008932,C018438,Feature,Low,5,No
T008933,C023738,Login,Medium,0,No
T008934,C000691,Feature,High,4,Yes
T008935,C002353,Cancellation,Low,14,Yes
T008936,C021684,Bug,High,4,Yes
T008937,C029293,Feature,Low,3,No
T008938,C014742,Bug,High,0,Yes
T008939,C009310,Login,Low,12,Yes
T008940,C037379,Feature,High,10,No
T008941,C017962,Cancellation,High,5,No
T008942,C033728,Bug,Medium,15,No
T008943,C004184,Cancellation,Medium,12,No
T008944,C000901,Bug,High,12,No
T008945,C016268,Cancellation,Low,5,Yes
T008946,C001392,Feature,High,14,Yes
T008947,C045939,Login,Low,10,Yes
T008948,C021346,Cancellation,Low,9,Yes
T008949,C011354,Bug,High,11,Yes
T008950,C000957,Bug,Medium,6,No
T008951,C020317,Billing,Medium,15,No
T008952,C022237,Bug,High,8,Yes
T008953,C015993,Login,Medium,12,No
T008954,C040417,Feature,Low,13,Yes
T008955,C036543,Feature,High,7,Yes
T008956,C033546,Billing,Low,6,No
T008957,C005063,Bug,Low,3,Yes
T008958,C000366,Login,High,14,No
T008959,C019013,Feature,Medium,12,Yes
T008960,C012151,Login,Medium,11,No
T008961,C048657,Billing,High,0,No
T008962,C022128,Bug,Low,11,Yes
T008963,C042652,Feature,Medium,12,Yes
T008964,C048620,Bug,Low,4,Yes
T008965,C017900,Cancellation,High,7,No
T008966,C019261,Cancellation,Low,11,No
T008967,C001351,Login,High,10,Yes
T008968,C020135,Billing,Low,6,Yes
T008969,C015756,Bug,Low,0,Yes
T008970,C001680,Login,High,10,Yes
T008971,C041005,Feature,Medium,7,Yes
T008972,C031022,Feature,Low,6,No
T008973,C006820,Billing,High,7,No
T008974,C034763,Cancellation,High,2,No
T008975,C034953,Billing,Medium,14,Yes
T008976,C030750,Cancellation,Low,13,No
T008977,C001553,Billing,High,0,No
T008978,C000168,Feature,Medium,12,Yes
T008979,C039726,Billing,Low,10,No
T008980,C044543,Cancellation,Medium,5,No
T008981,C007081,Bug,High,4,No
T008982,C030448,Bug,High,4,No
T008983,C003546,Bug,Medium,10,Yes
T008984,C044284,Login,High,10,No
T008985,C009978,Feature,High,3,Yes
T008986,C002970,Cancellation,High,14,Yes
T008987,C006619,Login,Low,1,No
T008988,C035208,Billing,Low,9,No
T008989,C021104,Bug,Medium,5,Yes
T008990,C035736,Cancellation,High,12,Yes
T008991,C047647,Bug,Medium,14,Yes
T008992,C004242,Bug,Low,10,No
T008993,C046688,Cancellation,Medium,14,Yes
T008994,C011285,Login,Medium,7,Yes
T008995,C002937,Cancellation,Medium,15,Yes
T008996,C003244,Billing,Low,8,Yes
T008997,C026405,Bug,Low,5,Yes
T008998,C004558,Login,Low,10,No
T008999,C041674,Cancellation,High,8,Yes
T009000,C018381,Bug,Medium,6,No
T009001,C001642,Billing,High,0,Yes
T009002,C009891,Billing,Low,13,Yes
T009003,C011910,Feature,High,2,No
T009004,C036673,Cancellation,Medium,5,Yes
T009005,C003955,Feature,Medium,4,Yes
T009006,C014167,Cancellation,Low,3,Yes
T009007,C020632,Feature,Medium,2,No
T009008,C036069,Billing,Low,9,No
T009009,C017276,Bug,High,15,No
T009010,C012045,Cancellation,High,3,Yes
T009011,C019933,Feature,Medium,12,Yes
T009012,C008502,Bug,Low,3,No
T009013,C008687,Bug,Medium,14,No
T009014,C026313,Billing,High,11,Yes
T009015,C036127,Feature,Medium,15,Yes
T009016,C000675,Billing,Low,6,No
T009017,C009843,Login,Low,11,No
T009018,C029031,Cancellation,Low,11,Yes
T009019,C045089,Billing,Low,4,Yes
T009020,C032471,Bug,Low,9,Yes
T009021,C037331,Login,High,10,Yes
T009022,C049269,Bug,Medium,5,No
T009023,C025322,Feature,Low,8,No
T009024,C002134,Cancellation,High,1,Yes
T009025,C008045,Bug,Low,10,Yes
T009026,C049573,Cancellation,High,1,Yes
T009027,C019315,Login,Low,12,Yes
T009028,C017469,Login,High,15,No
T009029,C013679,Feature,High,15,No
T009030,C006906,Billing,Low,2,Yes
T009031,C021325,Billing,High,0,No
T009032,C046621,Bug,Medium,0,Yes
T009033,C015791,Cancellation,High,1,No
T009034,C009353,Cancellation,Medium,0,No
T009035,C036681,Login,Medium,9,No
T009036,C034426,Feature,High,4,No
T009037,C021559,Cancellation,Medium,15,No
T009038,C041012,Feature,Low,15,Yes
T009039,C017599,Bug,Low,3,Yes
T009040,C030908,Feature,High,1,Yes
T009041,C032625,Feature,High,5,Yes
T009042,C026110,Billing,Low,10,No
T009043,C046228,Bug,Low,13,No
T009044,C029246,Feature,Medium,11,Yes
T009045,C007226,Feature,High,13,Yes
T009046,C010070,Login,Low,0,Yes
T009047,C004442,Cancellation,Low,12,Yes
T009048,C044001,Bug,Low,6,Yes
T009049,C001984,Bug,Medium,14,Yes
T009050,C006552,Feature,High,7,Yes
T009051,C009177,Feature,Medium,12,Yes
T009052,C036915,Cancellation,High,2,No
T009053,C023827,Billing,Medium,1,No
T009054,C046314,Feature,Low,8,Yes
T009055,C033619,Cancellation,Low,9,Yes
T009056,C036511,Login,High,2,Yes
T009057,C033726,Billing,High,0,Yes
T009058,C010243,Feature,High,11,No
T009059,C002716,Billing,Medium,7,Yes
T009060,C024114,Bug,High,13,No
T009061,C034995,Bug,Low,3,No
T009062,C047374,Login,High,9,No
T009063,C037341,Billing,High,4,No
T009064,C015558,Feature,High,1,Yes
T009065,C045177,Feature,Low,13,No
T009066,C004051,Bug,Medium,6,No
T009067,C014551,Login,Low,12,No
T009068,C001095,Login,High,5,No
T009069,C027058,Feature,High,12,Yes
T009070,C030824,Login,Low,3,Yes
T009071,C042211,Bug,Medium,9,Yes
T009072,C009700,Billing,High,2,Yes
T009073,C040057,Cancellation,Medium,13,Yes
T009074,C019892,Cancellation,High,3,Yes
T009075,C000230,Billing,Medium,13,No
T009076,C003794,Login,High,10,No
T009077,C041771,Billing,Low,15,Yes
T009078,C036644,Cancellation,Medium,0,No
T009079,C002054,Cancellation,High,6,Yes
T009080,C018371,Cancellation,Medium,14,Yes
T009081,C046437,Billing,Medium,6,Yes
T009082,C045553,Billing,Medium,12,Yes
T009083,C034979,Cancellation,High,12,Yes
T009084,C045953,Feature,Medium,1,Yes
T009085,C036920,Cancellation,Medium,6,Yes
T009086,C034342,Bug,Medium,3,Yes
T009087,C021146,Feature,Low,9,No
T009088,C018352,Cancellation,High,6,Yes
T009089,C047917,Feature,Low,14,No
T009090,C011221,Billing,High,10,No
T009091,C015822,Login,Medium,5,Yes
T009092,C025956,Billing,Low,3,No
T009093,C033236,Bug,Low,14,Yes
T009094,C034021,Cancellation,Medium,8,No
T009095,C049015,Cancellation,Medium,7,Yes
T009096,C037199,Bug,High,9,No
T009097,C003456,Feature,Medium,0,No
T009098,C026423,Login,High,0,Yes
T009099,C015110,Bug,Medium,2,No
T009100,C013116,Feature,High,12,No
T009101,C000050,Billing,High,12,No
T009102,C015314,Login,High,13,Yes
T009103,C000543,Bug,Low,7,Yes
T009104,C039605,Cancellation,Medium,11,No
T009105,C017690,Cancellation,Low,6,Yes
T009106,C001178,Billing,Low,12,No
T009107,C029602,Bug,Medium,4,Yes
T009108,C042067,Feature,High,0,Yes
T009109,C045343,Billing,Medium,8,No
T009110,C009623,Bug,Medium,2,No
T009111,C010248,Billing,Low,14,No
T009112,C022496,Login,High,8,No
T009113,C029762,Feature,Low,12,Yes
T009114,C049858,Feature,Medium,6,No
T009115,C047420,Bug,High,12,Yes
T009116,C013819,Feature,Low,12,No
T009117,C021266,Cancellation,Low,1,No
T009118,C042346,Billing,Medium,9,Yes
T009119,C013130,Feature,Low,4,Yes
T009120,C041366,Billing,Medium,10,Yes
T009121,C001797,Login,High,2,No
T009122,C012078,Cancellation,Medium,15,Yes
T009123,C040106,Billing,Low,7,Yes
T009124,C016913,Billing,Medium,10,Yes
T009125,C016852,Feature,Low,15,Yes
T009126,C031840,Login,High,15,No
T009127,C045114,Feature,Low,13,Yes
T009128,C034842,Bug,High,9,Yes
T009129,C003527,Login,Low,13,No
T009130,C047952,Billing,Medium,3,No
T009131,C014501,Cancellation,Low,2,Yes
T009132,C021701,Bug,Low,9,No
T009133,C036200,Bug,Low,3,No
T009134,C030787,Billing,Medium,12,Yes
T009135,C037610,Billing,Medium,5,No
T009136,C048550,Login,Medium,6,No
T009137,C000422,Cancellation,Medium,0,No
T009138,C004116,Bug,Low,0,No
T009139,C028118,Bug,High,0,Yes
T009140,C002051,Billing,Medium,14,Yes
T009141,C023828,Cancellation,High,5,Yes
T009142,C010090,Bug,High,12,No
T009143,C004318,Cancellation,Low,4,Yes
T009144,C029129,Feature,High,3,No
T009145,C042786,Login,Low,0,Yes
T009146,C015869,Feature,Medium,2,Yes
T009147,C034464,Feature,Low,15,Yes
T009148,C004738,Bug,High,8,No
T009149,C012831,Feature,High,4,Yes
T009150,C018010,Bug,Medium,15,Yes
T009151,C001644,Billing,High,7,Yes
T009152,C005963,Bug,Medium,9,Yes
T009153,C025964,Feature,Medium,14,Yes
T009154,C005917,Cancellation,Low,5,No
T009155,C002428,Billing,Low,5,No
T009156,C005243,Billing,Low,5,Yes
T009157,C039501,Bug,Low,4,No
T009158,C008771,Login,Medium,14,Yes
T009159,C037373,Billing,Medium,4,No
T009160,C020689,Bug,Low,0,Yes
T009161,C029849,Billing,High,2,No
T009162,C007509,Login,High,6,Yes
T009163,C049526,Feature,High,15,No
T009164,C022270,Feature,Medium,3,No
T009165,C004207,Login,Medium,11,Yes
T009166,C044794,Billing,High,5,Yes
T009167,C038974,Billing,High,1,No
T009168,C018677,Login,Low,11,No
T009169,C004324,Login,Medium,13,No
T009170,C035602,Feature,Low,1,Yes
T009171,C044209,Cancellation,Low,2,No
T009172,C008993,Cancellation,Medium,5,No
T009173,C000904,Billing,High,11,Yes
T009174,C004344,Feature,Low,1,No
T009175,C038326,Bug,Low,12,No
T009176,C047007,Billing,Medium,7,Yes
T009177,C047193,Billing,High,8,Yes
T009178,C026113,Feature,Low,15,Yes
T009179,C041855,Billing,Low,8,No
T009180,C036370,Cancellation,High,12,Yes
T009181,C037296,Billing,Medium,5,No
T009182,C043249,Billing,High,13,No
T009183,C017508,Feature,Low,5,Yes
T009184,C010495,Login,Low,2,No
T009185,C035138,Cancellation,Low,8,Yes
T009186,C046836,Cancellation,Low,15,No
T009187,C002062,Login,Low,10,Yes
T009188,C012260,Cancellation,Low,6,Yes
T009189,C010418,Login,High,7,Yes
T009190,C006874,Login,High,11,No
T009191,C032903,Login,High,9,No
T009192,C044329,Bug,Low,9,Yes
T009193,C035573,Cancellation,Medium,7,Yes
T009194,C045856,Cancellation,Low,2,Yes
T009195,C020672,Feature,Medium,6,Yes
T009196,C009917,Feature,Medium,15,Yes
T009197,C009665,Cancellation,Low,5,Yes
T009198,C034663,Cancellation,High,0,No
T009199,C040454,Bug,Low,14,Yes
T009200,C016312,Cancellation,Medium,10,No
T009201,C027797,Bug,Medium,10,Yes
T009202,C020636,Login,Medium,7,Yes
T009203,C033189,Billing,Medium,8,No
T009204,C025324,Login,High,3,No
T009205,C048763,Cancellation,Low,9,No
T009206,C036994,Feature,Medium,13,No
T009207,C000322,Login,Low,8,No
T009208,C000331,Feature,High,11,Yes
T009209,C027703,Cancellation,Medium,10,No
T009210,C016330,Cancellation,High,4,No
T009211,C037256,Login,High,5,No
T009212,C024319,Login,Low,11,No
T009213,C039734,Login,Medium,2,No
T009214,C015948,Login,Low,11,No
T009215,C012518,Billing,Low,3,Yes
T009216,C000017,Billing,Low,3,No
T009217,C012250,Bug,Medium,4,Yes
T009218,C011249,Bug,High,9,No
T009219,C011506,Feature,Medium,9,Yes
T009220,C006882,Feature,Low,5,Yes
T009221,C025255,Cancellation,Low,13,Yes
T009222,C041782,Login,High,1,Yes
T009223,C028591,Billing,High,4,Yes
T009224,C021223,Login,Low,2,No
T009225,C045173,Feature,Low,4,Yes
T009226,C021067,Bug,High,9,No
T009227,C029006,Billing,Low,10,No
T009228,C031047,Cancellation,High,6,No
T009229,C019608,Billing,Medium,7,No
T009230,C033283,Login,Medium,7,No
T009231,C039570,Billing,Low,0,Yes
T009232,C039841,Bug,Low,13,No
T009233,C034018,Billing,Medium,9,No
T009234,C025154,Login,Low,7,No
T009235,C002627,Bug,Low,13,Yes
T009236,C003108,Feature,Low,3,No
T009237,C043028,Cancellation,Medium,8,Yes
T009238,C014301,Cancellation,High,8,No
T009239,C025922,Bug,Medium,7,Yes
T009240,C039490,Feature,High,11,Yes
T009241,C005302,Feature,Medium,13,No
T009242,C041774,Billing,Medium,0,No
T009243,C043309,Login,Low,7,No
T009244,C025850,Login,Low,1,Yes
T009245,C031671,Feature,High,0,Yes
T009246,C039452,Billing,High,8,Yes
T009247,C038640,Bug,High,6,Yes
T009248,C018530,Feature,Low,5,Yes
T009249,C048917,Cancellation,Low,10,Yes
T009250,C012388,Login,Medium,2,No
T009251,C036488,Bug,Medium,14,Yes
T009252,C040355,Billing,Low,6,Yes
T009253,C033907,Feature,Low,11,Yes
T009254,C018418,Login,Medium,8,Yes
T009255,C027272,Billing,Medium,4,Yes
T009256,C037095,Bug,Low,15,Yes
T009257,C012372,Billing,High,10,No
T009258,C021207,Billing,High,13,No
T009259,C031871,Bug,Medium,0,Yes
T009260,C048053,Billing,Medium,6,No
T009261,C035704,Bug,Low,6,No
T009262,C045599,Feature,High,3,No
T009263,C026971,Billing,Medium,3,No
T009264,C026826,Bug,High,5,Yes
T009265,C014290,Feature,Medium,12,Yes
T009266,C011200,Billing,Low,5,No
T009267,C035094,Billing,High,3,No
T009268,C036274,Feature,High,4,No
T009269,C041615,Feature,Medium,6,Yes
T009270,C040578,Billing,Low,3,No
T009271,C016220,Feature,Medium,9,No
T009272,C029285,Cancellation,Low,10,No
T009273,C007885,Cancellation,Low,8,No
T009274,C012423,Bug,Medium,3,No
T009275,C030000,Billing,Medium,1,Yes
T009276,C015411,Billing,High,12,No
T009277,C013763,Bug,Medium,8,No
T009278,C042210,Cancellation,Medium,9,No
T009279,C040660,Feature,Medium,3,Yes
T009280,C041770,Cancellation,Medium,13,Yes
T009281,C002061,Cancellation,High,12,No
T009282,C037557,Bug,Low,6,No
T009283,C030615,Cancellation,Low,15,Yes
T009284,C000154,Bug,Low,0,No
T009285,C042129,Feature,Low,7,No
T009286,C032363,Billing,High,1,No
T009287,C032335,Bug,Low,11,No
T009288,C023238,Billing,High,1,No
T009289,C013930,Billing,High,15,Yes
T009290,C042709,Feature,Low,5,Yes
T009291,C024293,Billing,Medium,13,Yes
T009292,C024648,Bug,High,4,Yes
T009293,C048024,Cancellation,High,3,No
T009294,C044294,Billing,High,0,Yes
T009295,C028417,Feature,Low,5,No
T009296,C030505,Billing,High,8,No
T009297,C014727,Login,Low,10,Yes
T009298,C040735,Feature,Medium,2,No
T009299,C005804,Billing,Low,0,Yes
T009300,C004273,Billing,High,14,Yes
T009301,C045627,Login,Medium,13,Yes
T009302,C039793,Login,Medium,11,Yes
T009303,C005764,Billing,Low,5,Yes
T009304,C015472,Billing,High,6,Yes
T009305,C015184,Bug,Medium,9,Yes
T009306,C014017,Cancellation,Low,8,No
T009307,C012314,Feature,Low,5,No
T009308,C009300,Billing,High,6,Yes
T009309,C043020,Feature,Low,13,No
T009310,C042075,Feature,High,0,Yes
T009311,C037392,Cancellation,Medium,13,No
T009312,C049577,Cancellation,Medium,15,No
T009313,C026245,Feature,High,10,No
T009314,C008923,Billing,Low,11,No
T009315,C018192,Bug,Low,9,No
T009316,C030541,Billing,High,0,No
T009317,C001864,Bug,Medium,8,Yes
T009318,C041829,Cancellation,Low,2,No
T009319,C044837,Login,High,5,No
T009320,C041715,Login,High,4,Yes
T009321,C043589,Billing,Low,0,Yes
T009322,C012286,Login,High,14,No
T009323,C016127,Cancellation,Medium,6,Yes
T009324,C020916,Login,Low,13,Yes
T009325,C014126,Cancellation,Low,0,No
T009326,C003452,Bug,Low,14,Yes
T009327,C014265,Feature,High,7,No
T009328,C014725,Cancellation,High,2,No
T009329,C006761,Cancellation,High,10,No
T009330,C008859,Billing,High,5,No
T009331,C004401,Feature,High,11,No
T009332,C014708,Login,High,0,No
T009333,C035020,Cancellation,Low,7,No
T009334,C020215,Billing,High,14,No
T009335,C049013,Feature,Medium,10,Yes
T009336,C007725,Login,High,6,No
T009337,C038215,Bug,High,0,Yes
T009338,C013298,Billing,Low,4,No
T009339,C007024,Billing,Medium,11,Yes
T009340,C017529,Bug,Medium,4,No
T009341,C020106,Feature,Low,14,Yes
T009342,C048295,Cancellation,Medium,11,Yes
T009343,C008687,Billing,Medium,8,No
T009344,C024618,Login,High,12,No
T009345,C021746,Bug,High,9,Yes
T009346,C015914,Login,Medium,6,Yes
T009347,C010088,Feature,Medium,2,No
T009348,C007602,Billing,Low,4,Yes
T009349,C015827,Feature,Medium,14,Yes
T009350,C036423,Cancellation,High,11,Yes
T009351,C015510,Feature,Low,10,Yes
T009352,C007079,Feature,High,13,No
T009353,C015019,Bug,Medium,3,Yes
T009354,C001728,Bug,Medium,7,No
T009355,C025403,Feature,High,14,Yes
T009356,C001733,Bug,Medium,6,Yes
T009357,C013006,Login,Low,12,No
T009358,C034418,Billing,Low,10,No
T009359,C049868,Cancellation,High,12,Yes
T009360,C018087,Cancellation,Medium,14,No
T009361,C026322,Login,Medium,14,Yes
T009362,C004812,Cancellation,Medium,8,No
T009363,C045715,Bug,High,8,Yes
T009364,C022808,Bug,Medium,0,Yes
T009365,C008246,Login,Low,7,No
T009366,C001392,Feature,Low,3,No
T009367,C002719,Cancellation,Medium,6,No
T009368,C029295,Login,Low,2,Yes
T009369,C027950,Feature,High,1,No
T009370,C010942,Cancellation,Medium,12,No
T009371,C041885,Feature,High,5,No
T009372,C040474,Billing,Low,1,No
T009373,C001381,Feature,High,12,No
T009374,C006931,Billing,High,6,Yes
T009375,C027143,Billing,High,2,Yes
T009376,C010805,Feature,Low,7,Yes
T009377,C041076,Cancellation,High,4,Yes
T009378,C005138,Billing,High,4,Yes
T009379,C014116,Bug,Low,1,No
T009380,C047774,Feature,Medium,4,Yes
T009381,C045185,Bug,High,9,Yes
T009382,C000875,Login,Low,3,No
T009383,C049275,Billing,Low,7,Yes
T009384,C008835,Billing,Medium,4,Yes
T009385,C038152,Cancellation,High,1,No
T009386,C009322,Billing,High,3,Yes
T009387,C024222,Bug,Low,8,No
T009388,C039498,Login,Medium,15,No
T009389,C044412,Login,Medium,5,No
T009390,C019769,Cancellation,Low,14,No
T009391,C016746,Billing,High,7,No
T009392,C037037,Cancellation,Medium,4,No
T009393,C035896,Billing,High,4,No
T009394,C001156,Login,High,9,Yes
T009395,C028452,Feature,High,13,Yes
T009396,C047782,Billing,Medium,0,No
T009397,C037053,Billing,High,7,Yes
T009398,C030133,Bug,Medium,5,No
T009399,C022059,Cancellation,Medium,11,Yes
T009400,C029272,Login,Medium,8,No
T009401,C010424,Login,Low,0,No
T009402,C011065,Cancellation,High,9,Yes
T009403,C010178,Cancellation,Medium,8,Yes
T009404,C037190,Login,Medium,10,No
T009405,C020663,Login,Medium,9,No
T009406,C031681,Login,Low,13,No
T009407,C019445,Bug,Low,9,No
T009408,C011892,Login,Medium,3,Yes
T009409,C036928,Billing,Low,12,Yes
T009410,C028356,Cancellation,Medium,8,No
T009411,C047804,Cancellation,Low,1,Yes
T009412,C024228,Cancellation,Medium,0,No
T009413,C014447,Feature,High,0,No
T009414,C010742,Feature,Low,9,No
T009415,C027970,Bug,Medium,8,No
T009416,C003641,Feature,Low,1,Yes
T009417,C037808,Bug,Low,11,No
T009418,C032630,Login,Low,10,No
T009419,C035673,Feature,Medium,12,No
T009420,C020512,Billing,Low,6,Yes
T009421,C049627,Bug,Low,4,No
T009422,C042292,Feature,High,1,Yes
T009423,C048352,Cancellation,High,8,Yes
T009424,C047591,Login,High,13,Yes
T009425,C042611,Billing,High,11,No
T009426,C015953,Feature,Medium,4,Yes
T009427,C047089,Feature,Low,14,No
T009428,C035013,Billing,Low,2,Yes
T009429,C023436,Billing,High,7,No
T009430,C039669,Login,Medium,1,No
T009431,C020566,Billing,Low,10,No
T009432,C045210,Cancellation,High,8,No
T009433,C013266,Bug,Low,9,Yes
T009434,C018915,Billing,Low,8,Yes
T009435,C018650,Login,High,4,Yes
T009436,C031219,Cancellation,High,1,No
T009437,C031188,Cancellation,Low,1,Yes
T009438,C013992,Bug,Medium,1,No
T009439,C031002,Cancellation,Low,5,Yes
T009440,C044106,Login,Medium,1,No
T009441,C034001,Billing,Medium,5,No
T009442,C000145,Login,High,3,No
T009443,C003793,Billing,Medium,4,Yes
T009444,C010008,Cancellation,Low,6,Yes
T009445,C047450,Bug,High,0,Yes
T009446,C012400,Cancellation,Medium,14,Yes
T009447,C038577,Billing,Medium,9,Yes
T009448,C022210,Feature,Medium,0,Yes
T009449,C030354,Login,High,8,Yes
T009450,C005287,Feature,High,9,Yes
T009451,C024467,Billing,Medium,5,No
T009452,C027798,Billing,Medium,5,Yes
T009453,C007265,Bug,Medium,10,No
T009454,C010039,Login,Medium,0,Yes
T009455,C034186,Feature,Medium,15,Yes
T009456,C047821,Billing,Medium,5,Yes
T009457,C023913,Bug,Medium,1,Yes
T009458,C029917,Login,Low,8,Yes
T009459,C012016,Cancellation,Medium,9,No
T009460,C011459,Cancellation,Low,3,No
T009461,C048824,Cancellation,Low,8,Yes
T009462,C015079,Bug,High,13,No
T009463,C032802,Login,High,3,Yes
T009464,C023275,Bug,Medium,8,Yes
T009465,C016991,Billing,Low,8,No
T009466,C010493,Billing,Low,8,Yes
T009467,C020203,Feature,Low,6,No
T009468,C037558,Bug,High,1,Yes
T009469,C035194,Login,High,8,Yes
T009470,C039582,Feature,Low,10,Yes
T009471,C007646,Feature,High,6,Yes
T009472,C040307,Login,Low,11,No
T009473,C001564,Billing,High,8,No
T009474,C013126,Billing,Medium,8,No
T009475,C027740,Bug,High,13,Yes
T009476,C045986,Billing,Low,8,No
T009477,C021756,Cancellation,Low,15,Yes
T009478,C026017,Cancellation,High,11,No
T009479,C002942,Billing,High,6,No
T009480,C003150,Cancellation,Medium,13,Yes
T009481,C036404,Bug,Low,3,Yes
T009482,C041643,Login,Medium,11,No
T009483,C016449,Cancellation,Medium,13,Yes
T009484,C034491,Cancellation,Medium,11,No
T009485,C042486,Bug,High,2,No
T009486,C047350,Billing,Low,14,No
T009487,C028238,Login,Medium,14,Yes
T009488,C019241,Feature,Low,8,No
T009489,C027880,Bug,Low,5,No
T009490,C004294,Billing,Low,11,Yes
T009491,C037939,Bug,High,10,Yes
T009492,C040342,Billing,Low,13,Yes
T009493,C013838,Bug,High,3,No
T009494,C047334,Feature,High,10,No
T009495,C003168,Bug,Medium,14,No
T009496,C016360,Billing,High,14,No
T009497,C045908,Cancellation,High,4,No
T009498,C038937,Feature,High,0,Yes
T009499,C039600,Bug,Medium,8,Yes
T009500,C012593,Cancellation,Medium,9,Yes
T009501,C038585,Cancellation,Medium,1,Yes
T009502,C023451,Bug,Low,8,Yes
T009503,C010367,Login,Low,11,Yes
T009504,C030764,Billing,High,6,Yes
T009505,C010969,Cancellation,Medium,15,No
T009506,C039383,Billing,High,3,No
T009507,C035481,Cancellation,High,12,Yes
T009508,C035909,Cancellation,Low,10,No
T009509,C012599,Login,Low,1,Yes
T009510,C002140,Login,High,7,Yes
T009511,C039019,Bug,Low,6,Yes
T009512,C004748,Login,High,3,No
T009513,C043506,Bug,High,15,Yes
T009514,C045574,Cancellation,High,10,No
T009515,C014162,Billing,Medium,2,Yes
T009516,C044940,Cancellation,High,10,No
T009517,C007520,Bug,High,4,Yes
T009518,C041946,Login,High,14,No
T009519,C020386,Cancellation,Low,5,No
T009520,C044958,Bug,Low,0,No
T009521,C033389,Billing,High,4,No
T009522,C032316,Bug,Medium,1,No
T009523,C047316,Feature,Medium,2,Yes
T009524,C046381,Bug,Low,15,No
T009525,C019215,Feature,Low,13,Yes
T009526,C046166,Cancellation,High,3,Yes
T009527,C028822,Bug,Medium,15,No
T009528,C017922,Cancellation,High,7,Yes
T009529,C030274,Bug,Low,3,Yes
T009530,C003665,Cancellation,High,15,Yes
T009531,C006942,Bug,High,13,No
T009532,C004240,Billing,Medium,15,Yes
T009533,C006863,Login,Medium,7,Yes
T009534,C009571,Login,High,7,No
T009535,C018166,Billing,High,3,Yes
T009536,C022253,Bug,Low,6,Yes
T009537,C010043,Cancellation,Medium,4,No
T009538,C034673,Bug,Low,6,No
T009539,C019325,Bug,High,13,Yes
T009540,C031825,Login,Medium,0,Yes
T009541,C009121,Feature,Low,9,No
T009542,C027034,Login,Low,10,No
T009543,C016182,Login,Low,2,Yes
T009544,C042668,Feature,Medium,5,No
T009545,C022762,Feature,Medium,0,No
T009546,C044808,Feature,High,14,Yes
T009547,C042773,Billing,Low,11,Yes
T009548,C048206,Bug,Low,7,No
T009549,C029277,Bug,Low,8,Yes
T009550,C049690,Cancellation,High,2,No
T009551,C044480,Billing,High,0,Yes
T009552,C026601,Billing,Medium,2,No
T009553,C004657,Feature,Low,2,Yes
T009554,C020429,Cancellation,Low,12,Yes
T009555,C024428,Login,Medium,2,Yes
T009556,C005802,Cancellation,Low,14,Yes
T009557,C046725,Login,High,2,Yes
T009558,C035577,Billing,Medium,13,No
T009559,C009169,Billing,High,6,Yes
T009560,C037736,Billing,Low,13,Yes
T009561,C025338,Login,Medium,13,No
T009562,C029191,Login,High,8,No
T009563,C037676,Bug,Medium,11,No
T009564,C044426,Login,Low,15,Yes
T009565,C024905,Login,Medium,15,Yes
T009566,C044858,Cancellation,High,2,No
T009567,C012264,Login,Medium,6,Yes
T009568,C001345,Billing,Medium,0,Yes
T009569,C010817,Feature,Low,9,Yes
T009570,C007182,Cancellation,High,5,Yes
T009571,C021674,Cancellation,Low,1,No
T009572,C008100,Login,Low,1,Yes
T009573,C042658,Login,Low,8,No
T009574,C019346,Feature,Low,15,No
T009575,C015720,Login,Low,12,Yes
T009576,C043372,Login,High,13,Yes
T009577,C027832,Billing,Low,6,No
T009578,C028721,Bug,Low,5,No
T009579,C020041,Cancellation,Medium,4,Yes
T009580,C007458,Cancellation,Low,8,No
T009581,C020414,Bug,Low,9,Yes
T009582,C012603,Billing,Medium,1,No
T009583,C022059,Billing,High,6,No
T009584,C003841,Billing,High,1,Yes
T009585,C010264,Bug,Low,7,No
T009586,C020481,Billing,Low,14,No
T009587,C002680,Login,Medium,8,No
T009588,C033348,Cancellation,Medium,13,Yes
T009589,C026856,Feature,Medium,13,Yes
T009590,C044130,Billing,High,10,No
T009591,C030909,Login,High,1,No
T009592,C002237,Bug,Medium,0,Yes
T009593,C043552,Bug,Medium,4,No
T009594,C034488,Bug,High,8,No
T009595,C017056,Bug,Medium,4,Yes
T009596,C033449,Cancellation,Medium,8,No
T009597,C038919,Bug,Medium,14,Yes
T009598,C042665,Login,High,12,No
T009599,C012851,Cancellation,Medium,8,Yes
T009600,C047680,Login,Medium,2,No
T009601,C014413,Login,Medium,6,Yes
T009602,C003875,Bug,Low,0,Yes
T009603,C013043,Billing,Medium,3,No
T009604,C039042,Bug,Medium,0,Yes
T009605,C047975,Login,Low,5,Yes
T009606,C019063,Login,Medium,10,Yes
T009607,C020714,Bug,Medium,0,No
T009608,C013586,Cancellation,High,11,No
T009609,C029796,Login,Low,12,Yes
T009610,C035027,Billing,High,4,No
T009611,C018314,Bug,Low,5,Yes
T009612,C027581,Billing,Medium,8,Yes
T009613,C014357,Login,High,15,Yes
T009614,C002572,Feature,Medium,14,No
T009615,C027021,Bug,Medium,1,No
T009616,C010394,Login,Medium,7,Yes
T009617,C011840,Bug,Low,5,Yes
T009618,C049053,Cancellation,High,7,No
T009619,C018931,Login,Low,10,No
T009620,C039481,Feature,Low,13,No
T009621,C013708,Billing,High,1,Yes
T009622,C029284,Feature,High,10,No
T009623,C028046,Cancellation,High,13,Yes
T009624,C010837,Cancellation,Medium,5,No
T009625,C014317,Feature,Medium,8,Yes
T009626,C024615,Login,Medium,7,Yes
T009627,C026150,Login,Medium,8,Yes
T009628,C031023,Bug,High,0,Yes
T009629,C004938,Bug,Low,9,No
T009630,C042398,Feature,Medium,0,No
T009631,C049755,Login,Low,2,No
T009632,C017428,Feature,High,9,No
T009633,C047245,Feature,Medium,10,No
T009634,C011238,Cancellation,High,0,Yes
T009635,C022044,Billing,Medium,6,Yes
T009636,C011340,Bug,Medium,7,Yes
T009637,C045867,Bug,Medium,9,Yes
T009638,C002438,Bug,High,4,No
T009639,C011970,Feature,High,2,Yes
T009640,C023420,Billing,Low,1,Yes
T009641,C001884,Feature,High,9,Yes
T009642,C018487,Billing,High,3,No
T009643,C030915,Feature,High,2,No
T009644,C041384,Cancellation,Low,11,Yes
T009645,C037266,Billing,High,11,Yes
T009646,C049264,Login,High,2,Yes
T009647,C026833,Bug,Low,7,No
T009648,C033308,Cancellation,Medium,12,No
T009649,C001314,Billing,High,11,No
T009650,C020638,Login,Medium,3,Yes
T009651,C047804,Billing,Medium,11,Yes
T009652,C009761,Feature,Medium,0,Yes
T009653,C016808,Bug,High,13,No
T009654,C031355,Feature,Medium,14,No
T009655,C031735,Bug,High,7,No
T009656,C019245,Bug,High,12,Yes
T009657,C007381,Billing,High,6,Yes
T009658,C026781,Cancellation,Low,10,No
T009659,C042099,Billing,High,0,No
T009660,C042839,Cancellation,Medium,9,Yes
T009661,C038252,Feature,Low,15,No
T009662,C047922,Feature,High,1,No
T009663,C047258,Feature,High,5,Yes
T009664,C023046,Bug,High,3,Yes
T009665,C040799,Cancellation,Low,15,Yes
T009666,C005092,Billing,Medium,9,No
T009667,C010077,Login,Medium,15,No
T009668,C035964,Feature,Low,2,No
T009669,C011211,Feature,Medium,13,No
T009670,C039638,Login,Low,2,Yes
T009671,C011396,Login,Medium,11,Yes
T009672,C018547,Login,High,5,No
T009673,C000704,Billing,Medium,12,Yes
T009674,C006712,Cancellation,Low,14,No
T009675,C049046,Cancellation,Medium,0,No
T009676,C024266,Billing,Medium,5,Yes
T009677,C048291,Feature,Low,1,Yes
T009678,C007035,Billing,High,4,Yes
T009679,C014897,Cancellation,High,9,No
T009680,C027341,Billing,High,3,No
T009681,C002667,Feature,Medium,8,No
T009682,C008997,Cancellation,Medium,1,Yes
T009683,C027013,Billing,High,10,No
T009684,C046338,Cancellation,Medium,15,No
T009685,C039037,Feature,Medium,9,No
T009686,C002681,Cancellation,Medium,4,No
T009687,C023025,Feature,Medium,5,Yes
T009688,C006124,Feature,Medium,4,No
T009689,C004796,Bug,Low,5,No
T009690,C043597,Feature,High,11,Yes
T009691,C004779,Cancellation,High,9,No
T009692,C014771,Feature,Medium,4,No
T009693,C039758,Cancellation,Low,15,Yes
T009694,C012639,Login,Medium,6,No
T009695,C044638,Feature,Medium,15,Yes
T009696,C005233,Cancellation,Low,14,No
T009697,C044486,Login,Low,5,No
T009698,C039227,Billing,High,15,No
T009699,C039486,Feature,Medium,7,No
T009700,C031780,Cancellation,Medium,12,No
T009701,C028889,Login,Low,7,No
T009702,C048417,Billing,High,5,No
T009703,C048404,Bug,High,6,No
T009704,C049339,Feature,Medium,12,No
T009705,C034316,Cancellation,Low,8,Yes
T009706,C020450,Login,Medium,7,Yes
T009707,C026663,Login,Low,13,Yes
T009708,C023743,Login,Low,14,Yes
T009709,C016096,Cancellation,Medium,3,Yes
T009710,C042791,Bug,Low,13,Yes
T009711,C022878,Billing,Low,9,Yes
T009712,C033439,Cancellation,Low,5,Yes
T009713,C027883,Bug,Medium,12,No
T009714,C006183,Billing,Low,11,No
T009715,C045565,Bug,Low,7,Yes
T009716,C025998,Cancellation,Medium,8,No
T009717,C010083,Cancellation,Low,10,Yes
T009718,C030482,Feature,High,1,No
T009719,C042459,Cancellation,Medium,3,No
T009720,C034414,Bug,High,9,No
T009721,C041527,Feature,Low,10,No
T009722,C008004,Billing,Medium,7,Yes
T009723,C048726,Feature,High,5,No
T009724,C014283,Bug,Low,12,Yes
T009725,C044355,Feature,Medium,2,No
T009726,C029535,Billing,High,0,No
T009727,C037150,Bug,High,2,Yes
T009728,C017885,Billing,Medium,15,Yes
T009729,C025695,Cancellation,Medium,10,Yes
T009730,C024319,Feature,Medium,8,No
T009731,C001316,Cancellation,Medium,2,No
T009732,C018173,Cancellation,Low,7,Yes
T009733,C046672,Login,Medium,12,Yes
T009734,C020332,Feature,High,12,Yes
T009735,C009085,Bug,High,9,No
T009736,C014510,Login,Low,8,No
T009737,C006594,Feature,Low,4,No
T009738,C020259,Login,High,13,No
T009739,C029588,Login,High,10,No
T009740,C033716,Billing,Low,9,Yes
T009741,C018778,Bug,Low,13,Yes
T009742,C019752,Bug,Medium,1,Yes
T009743,C033019,Billing,Low,10,No
T009744,C007419,Login,High,8,No
T009745,C025024,Bug,High,1,Yes
T009746,C008882,Login,Medium,2,No
T009747,C044759,Cancellation,Low,7,No
T009748,C023582,Billing,Medium,4,No
T009749,C030032,Billing,High,15,Yes
T009750,C012233,Cancellation,Low,4,Yes
T009751,C043703,Feature,Low,5,Yes
T009752,C025385,Bug,Low,8,No
T009753,C035169,Cancellation,High,12,No
T009754,C037951,Feature,Low,11,Yes
T009755,C020366,Bug,Low,13,No
T009756,C017785,Bug,Medium,15,Yes
T009757,C032160,Login,Medium,7,No
T009758,C008621,Cancellation,High,4,Yes
T009759,C047906,Cancellation,Medium,5,No
T009760,C034431,Feature,Medium,11,No
T009761,C039203,Login,Medium,12,Yes
T009762,C002568,Billing,Low,11,Yes
T009763,C033032,Bug,Low,13,Yes
T009764,C045817,Cancellation,Medium,12,No
T009765,C042050,Billing,High,5,Yes
T009766,C026798,Bug,Medium,3,No
T009767,C020146,Login,Low,6,No
T009768,C047626,Feature,High,6,Yes
T009769,C027322,Cancellation,Medium,8,No
T009770,C022393,Cancellation,Low,11,No
T009771,C026286,Login,Medium,8,No
T009772,C015533,Login,Medium,5,No
T009773,C041458,Feature,Medium,14,Yes
T009774,C038897,Cancellation,Low,3,Yes
T009775,C006409,Billing,High,4,Yes
T009776,C006800,Bug,High,4,Yes
T009777,C008988,Feature,Medium,3,No
T009778,C018565,Bug,Medium,3,No
T009779,C008789,Cancellation,Medium,0,No
T009780,C032124,Cancellation,Low,9,Yes
T009781,C044630,Login,Low,1,Yes
T009782,C005018,Cancellation,Low,15,Yes
T009783,C034611,Login,High,4,Yes
T009784,C026562,Feature,High,10,Yes
T009785,C038839,Bug,High,9,No
T009786,C000643,Cancellation,Medium,6,No
T009787,C048569,Billing,Low,13,No
T009788,C039154,Billing,High,14,No
T009789,C003827,Bug,Low,9,No
T009790,C017650,Cancellation,Low,3,No
T009791,C049580,Bug,High,7,Yes
T009792,C038065,Login,High,15,No
T009793,C028323,Feature,High,15,No
T009794,C044375,Cancellation,Medium,9,Yes
T009795,C030597,Cancellation,Low,1,No
T009796,C026412,Cancellation,Low,5,No
T009797,C014649,Billing,Low,7,Yes
T009798,C015917,Login,Medium,5,Yes
T009799,C024777,Billing,Low,13,No
T009800,C041474,Login,High,8,Yes
T009801,C000269,Login,Low,14,Yes
T009802,C021417,Cancellation,High,7,Yes
T009803,C017102,Bug,Low,5,Yes
T009804,C031717,Cancellation,Low,7,Yes
T009805,C049246,Feature,Medium,10,No
T009806,C009229,Login,Medium,4,Yes
T009807,C040361,Feature,Medium,5,Yes
T009808,C014427,Bug,Low,7,Yes
T009809,C010797,Login,Low,7,No
T009810,C032278,Login,High,12,Yes
T009811,C031008,Billing,Low,4,Yes
T009812,C028087,Bug,Low,5,Yes
T009813,C000962,Cancellation,Medium,11,Yes
T009814,C005139,Bug,High,10,No
T009815,C045214,Cancellation,High,9,Yes
T009816,C022885,Bug,Medium,12,Yes
T009817,C048261,Cancellation,Low,0,Yes
T009818,C019681,Billing,Low,15,Yes
T009819,C026621,Billing,High,6,Yes
T009820,C017717,Billing,Low,1,Yes
T009821,C023244,Login,High,9,Yes
T009822,C034750,Cancellation,Low,12,Yes
T009823,C035247,Login,Low,2,No
T009824,C044704,Feature,Medium,12,No
T009825,C039239,Feature,High,9,Yes
T009826,C001772,Cancellation,Medium,5,No
T009827,C029809,Billing,High,13,Yes
T009828,C041295,Login,Medium,8,Yes
T009829,C013521,Login,High,0,Yes
T009830,C021877,Cancellation,Medium,5,Yes
T009831,C035204,Login,Medium,11,No
T009832,C009193,Bug,Medium,0,Yes
T009833,C038047,Bug,High,5,Yes
T009834,C039026,Login,High,3,No
T009835,C012829,Billing,High,12,Yes
T009836,C025974,Billing,Low,8,No
T009837,C037186,Feature,Low,7,Yes
T009838,C014179,Cancellation,Medium,4,No
T009839,C015395,Login,High,10,No
T009840,C006402,Feature,Medium,8,Yes
T009841,C026532,Feature,High,6,Yes
T009842,C009524,Billing,Medium,0,No
T009843,C016218,Login,Low,4,Yes
T009844,C027453,Feature,Medium,11,Yes
T009845,C039198,Cancellation,Low,7,Yes
T009846,C022170,Login,High,3,Yes
T009847,C022604,Login,High,12,Yes
T009848,C008693,Login,Low,9,No
T009849,C037871,Feature,Low,13,No
T009850,C019257,Cancellation,High,2,No
T009851,C044149,Billing,High,10,No
T009852,C017845,Billing,Low,3,Yes
T009853,C036905,Cancellation,Medium,1,No
T009854,C001055,Cancellation,Low,5,No
T009855,C036580,Feature,High,6,Yes
T009856,C014374,Billing,High,10,No
T009857,C040222,Bug,Low,2,No
T009858,C026403,Cancellation,Medium,15,No
T009859,C020337,Login,High,2,No
T009860,C041639,Bug,High,3,Yes
T009861,C031293,Billing,High,0,No
T009862,C039476,Login,Medium,10,No
T009863,C034009,Feature,Low,15,Yes
T009864,C031229,Feature,High,13,Yes
T009865,C040424,Login,High,11,No
T009866,C021072,Cancellation,High,1,No
T009867,C011327,Bug,High,15,Yes
T009868,C027507,Feature,High,9,Yes
T009869,C027969,Cancellation,High,0,No
T009870,C009519,Cancellation,High,5,Yes
T009871,C027267,Billing,Low,1,No
T009872,C015055,Bug,High,6,No
T009873,C005924,Bug,High,6,No
T009874,C032379,Bug,Medium,4,No
T009875,C011096,Login,Medium,13,Yes
T009876,C016132,Feature,High,0,Yes
T009877,C029140,Login,Medium,3,No
T009878,C014998,Feature,Medium,6,No
T009879,C033676,Cancellation,High,14,No
T009880,C033648,Login,Medium,7,No
T009881,C035713,Feature,Low,9,No
T009882,C002906,Login,Medium,10,No
T009883,C022807,Bug,Low,10,Yes
T009884,C020840,Cancellation,High,13,Yes
T009885,C026612,Billing,High,9,Yes
T009886,C031824,Feature,Low,3,No
T009887,C034619,Cancellation,Low,0,Yes
T009888,C041423,Billing,Low,4,Yes
T009889,C009639,Billing,Medium,1,No
T009890,C005596,Cancellation,Low,6,No
T009891,C038397,Login,Low,13,Yes
T009892,C036404,Bug,Medium,7,No
T009893,C048180,Cancellation,Low,11,Yes
T009894,C029904,Bug,High,12,Yes
T009895,C040064,Feature,Medium,0,No
T009896,C039230,Feature,Medium,7,No
T009897,C031887,Billing,Low,14,No
T009898,C047489,Bug,High,10,Yes
T009899,C017042,Login,Low,2,Yes
T009900,C038817,Bug,Low,3,No
T009901,C008775,Feature,Low,2,No
T009902,C033152,Cancellation,High,1,Yes
T009903,C045915,Login,Medium,11,Yes
T009904,C039293,Bug,Medium,13,No
T009905,C022445,Billing,Low,0,No
T009906,C045560,Login,High,7,Yes
T009907,C041829,Bug,Low,5,No
T009908,C007813,Bug,High,10,Yes
T009909,C020297,Feature,Low,7,Yes
T009910,C028256,Feature,Medium,15,No
T009911,C025994,Cancellation,Medium,0,Yes
T009912,C010475,Feature,Medium,5,No
T009913,C009804,Billing,Low,2,No
T009914,C014736,Login,Medium,13,Yes
T009915,C043071,Billing,Medium,13,Yes
T009916,C004691,Login,High,14,Yes
T009917,C017533,Billing,High,12,Yes
T009918,C007732,Bug,Low,3,No
T009919,C007761,Billing,High,14,Yes
T009920,C008317,Cancellation,High,12,Yes
T009921,C003927,Bug,High,11,Yes
T009922,C032655,Login,Low,5,Yes
T009923,C000586,Bug,High,6,No
T009924,C003517,Feature,Medium,0,Yes
T009925,C012219,Bug,Low,7,Yes
T009926,C026479,Login,Low,15,Yes
T009927,C026993,Bug,Medium,11,No
T009928,C018031,Bug,Low,5,No
T009929,C020594,Cancellation,High,14,No
T009930,C031941,Feature,High,1,Yes
T009931,C048209,Feature,Low,12,Yes
T009932,C046125,Login,Medium,13,Yes
T009933,C010493,Cancellation,Low,1,Yes
T009934,C022898,Bug,Medium,10,Yes
T009935,C019810,Bug,Low,9,Yes
T009936,C010512,Cancellation,High,15,Yes
T009937,C010002,Bug,Low,9,No
T009938,C024644,Cancellation,High,7,No
T009939,C009930,Cancellation,Medium,0,Yes
T009940,C012814,Billing,Medium,9,No
T009941,C024552,Login,Medium,7,No
T009942,C014023,Login,Medium,0,Yes
T009943,C026605,Login,Low,13,Yes
T009944,C029925,Billing,Low,1,No
T009945,C003188,Bug,Low,0,No
T009946,C028605,Cancellation,High,15,Yes
T009947,C012171,Feature,High,6,No
T009948,C015085,Bug,High,4,No
T009949,C027329,Cancellation,Medium,9,Yes
T009950,C013571,Feature,Medium,6,Yes
T009951,C048683,Billing,Low,10,Yes
T009952,C032189,Billing,High,7,No
T009953,C020972,Feature,Low,11,No
T009954,C019792,Feature,Medium,14,No
T009955,C028434,Bug,Low,7,Yes
T009956,C045284,Cancellation,Medium,7,Yes
T009957,C001693,Feature,Low,15,Yes
T009958,C019293,Bug,Medium,2,No
T009959,C012731,Feature,Medium,3,Yes
T009960,C001496,Cancellation,High,14,No
T009961,C016339,Cancellation,Low,8,No
T009962,C000812,Billing,High,10,Yes
T009963,C028778,Billing,High,4,Yes
T009964,C043705,Login,High,13,No
T009965,C005775,Bug,Medium,3,No
T009966,C037979,Feature,Low,10,Yes
T009967,C031904,Cancellation,High,8,Yes
T009968,C009183,Feature,High,12,Yes
T009969,C040843,Billing,Medium,1,No
T009970,C044974,Billing,High,3,No
T009971,C023174,Bug,High,11,No
T009972,C006834,Billing,Low,9,No
T009973,C009883,Bug,Medium,0,Yes
T009974,C032185,Feature,Low,4,Yes
T009975,C013812,Feature,Low,4,Yes
T009976,C013134,Cancellation,Medium,9,Yes
T009977,C047347,Login,Low,2,Yes
T009978,C020474,Cancellation,Low,3,No
T009979,C041962,Login,Medium,4,Yes
T009980,C026317,Cancellation,Low,3,Yes
T009981,C003747,Billing,Medium,14,No
T009982,C002458,Login,Low,6,Yes
T009983,C007100,Cancellation,Low,4,Yes
T009984,C031779,Bug,Low,5,No
T009985,C027101,Bug,High,3,Yes
T009986,C001148,Login,Low,1,Yes
T009987,C015420,Login,High,0,No
T009988,C044840,Login,Medium,13,No
T009989,C031141,Cancellation,Medium,9,Yes
T009990,C028764,Cancellation,High,3,No
T009991,C025060,Feature,High,0,No
T009992,C020475,Feature,High,1,No
T009993,C047998,Bug,Low,10,No
T009994,C017631,Bug,High,6,No
T009995,C015186,Billing,High,3,No
T009996,C018982,Feature,Low,4,No
T009997,C039201,Bug,High,9,No
T009998,C039178,Bug,Medium,15,Yes
T009999,C029187,Cancellation,High,8,Yes
T010000,C043975,Billing,Medium,7,Yes
T010001,C021683,Login,High,0,Yes
T010002,C007878,Feature,Low,10,No
T010003,C024911,Login,Medium,8,Yes
T010004,C018759,Login,Medium,12,Yes
T010005,C049319,Billing,Medium,14,No
T010006,C049772,Billing,Low,13,Yes
T010007,C007859,Cancellation,Low,9,No
T010008,C042740,Bug,Medium,1,No
T010009,C042753,Cancellation,Low,11,No
T010010,C036690,Cancellation,High,0,No
T010011,C041346,Bug,Low,0,No
T010012,C002210,Feature,High,12,Yes
T010013,C022790,Cancellation,High,2,No
T010014,C038345,Login,Medium,4,Yes
T010015,C035833,Login,Low,7,No
T010016,C043348,Cancellation,Low,6,No
T010017,C013665,Billing,Low,6,No
T010018,C049258,Billing,Low,2,Yes
T010019,C006876,Cancellation,High,4,Yes
T010020,C035960,Feature,Low,14,No
T010021,C049995,Cancellation,Medium,10,Yes
T010022,C019272,Login,Low,10,No
T010023,C030208,Cancellation,High,4,No
T010024,C033217,Feature,High,9,Yes
T010025,C004436,Billing,Medium,4,Yes
T010026,C005772,Bug,High,0,Yes
T010027,C025903,Feature,Medium,0,No
T010028,C045254,Login,High,5,Yes
T010029,C016631,Cancellation,High,12,No
T010030,C035475,Bug,Low,8,No
T010031,C037887,Billing,High,0,No
T010032,C012090,Bug,Low,1,No
T010033,C027195,Cancellation,Medium,5,No
T010034,C006795,Billing,Medium,5,Yes
T010035,C022273,Cancellation,High,6,No
T010036,C045156,Feature,High,1,Yes
T010037,C008030,Billing,Medium,1,Yes
T010038,C045169,Feature,High,2,No
T010039,C042461,Billing,High,6,Yes
T010040,C024095,Cancellation,Medium,6,Yes
T010041,C045184,Login,Medium,13,No
T010042,C028015,Cancellation,Medium,13,No
T010043,C023630,Feature,High,11,No
T010044,C025308,Billing,High,4,No
T010045,C016726,Login,Medium,14,No
T010046,C006697,Feature,Low,8,Yes
T010047,C000221,Feature,Medium,8,No
T010048,C031324,Feature,Low,13,Yes
T010049,C023290,Bug,Medium,2,Yes
T010050,C020432,Billing,Medium,1,Yes
T010051,C043083,Billing,High,4,No
T010052,C047301,Cancellation,Low,11,Yes
T010053,C011309,Bug,Medium,4,No
T010054,C041482,Feature,Medium,11,No
T010055,C001916,Feature,High,8,No
T010056,C013515,Bug,Low,1,No
T010057,C034737,Feature,High,6,Yes
T010058,C000237,Login,Medium,1,Yes
T010059,C015027,Bug,High,0,Yes
T010060,C032119,Cancellation,Medium,0,Yes
T010061,C021765,Billing,Medium,12,Yes
T010062,C041260,Feature,Low,2,Yes
T010063,C018934,Login,Medium,5,Yes
T010064,C035075,Cancellation,Low,13,Yes
T010065,C003717,Cancellation,Low,7,Yes
T010066,C015745,Login,High,4,Yes
T010067,C010518,Billing,Medium,1,No
T010068,C005802,Bug,High,1,No
T010069,C041125,Billing,Medium,2,No
T010070,C003250,Feature,Medium,3,Yes
T010071,C027720,Bug,Low,10,Yes
T010072,C036306,Bug,Low,8,No
T010073,C004169,Billing,Medium,6,No
T010074,C019138,Login,Medium,0,Yes
T010075,C001881,Billing,Low,1,Yes
T010076,C037820,Bug,Medium,14,Yes
T010077,C015359,Billing,Low,8,Yes
T010078,C049057,Bug,High,4,Yes
T010079,C029897,Login,Medium,11,Yes
T010080,C033611,Login,High,9,No
T010081,C046805,Login,Low,10,Yes
T010082,C040659,Feature,Low,3,No
T010083,C002360,Feature,Low,4,Yes
T010084,C008660,Login,Medium,10,No
T010085,C004060,Feature,Low,6,Yes
T010086,C022515,Feature,Medium,6,No
T010087,C006931,Feature,Low,9,Yes
T010088,C033111,Feature,Low,7,Yes
T010089,C019682,Bug,Low,5,No
T010090,C045518,Cancellation,High,5,Yes
T010091,C012030,Cancellation,High,14,Yes
T010092,C027671,Bug,High,3,No
T010093,C049107,Login,Medium,13,Yes
T010094,C026894,Login,High,10,No
T010095,C022772,Cancellation,High,13,No
T010096,C029981,Login,Low,2,No
T010097,C001465,Feature,Low,4,Yes
T010098,C027641,Billing,High,2,No
T010099,C002713,Login,Medium,2,No
T010100,C004276,Feature,High,12,No
T010101,C018583,Billing,Medium,0,No
T010102,C004230,Feature,Medium,15,Yes
T010103,C017788,Bug,High,7,Yes
T010104,C045342,Feature,Medium,1,No
T010105,C043794,Cancellation,Low,11,Yes
T010106,C032680,Login,Low,2,No
T010107,C007543,Cancellation,Low,7,No
T010108,C001575,Cancellation,High,2,Yes
T010109,C035584,Bug,Medium,8,Yes
T010110,C037332,Login,Low,12,No
T010111,C001056,Cancellation,Medium,4,Yes
T010112,C028180,Cancellation,Medium,12,Yes
T010113,C036405,Cancellation,Low,12,No
T010114,C010226,Feature,Medium,14,Yes
T010115,C019092,Cancellation,Medium,15,Yes
T010116,C044268,Login,High,10,No
T010117,C025760,Cancellation,High,13,Yes
T010118,C028291,Billing,High,8,No
T010119,C040639,Feature,Low,12,Yes
T010120,C021455,Login,Low,12,No
T010121,C000452,Billing,Low,4,No
T010122,C024599,Bug,High,1,Yes
T010123,C036302,Feature,Low,15,Yes
T010124,C004540,Feature,High,10,Yes
T010125,C005458,Billing,Medium,7,Yes
T010126,C035444,Billing,Medium,9,Yes
T010127,C042455,Login,Medium,6,Yes
T010128,C000557,Bug,High,15,Yes
T010129,C006937,Login,High,14,Yes
T010130,C022848,Bug,Medium,3,Yes
T010131,C007089,Feature,Low,2,No
T010132,C030708,Cancellation,Medium,8,No
T010133,C043731,Billing,Low,10,No
T010134,C023179,Bug,Low,4,Yes
T010135,C049826,Cancellation,Medium,12,Yes
T010136,C032282,Cancellation,High,5,Yes
T010137,C035798,Feature,High,2,Yes
T010138,C029039,Billing,High,1,Yes
T010139,C005314,Feature,Medium,10,Yes
T010140,C020912,Feature,Low,7,Yes
T010141,C008522,Login,High,8,No
T010142,C047621,Billing,Low,14,Yes
T010143,C046752,Cancellation,Low,6,No
T010144,C048555,Cancellation,High,9,Yes
T010145,C047502,Feature,High,14,Yes
T010146,C028743,Billing,High,10,No
T010147,C049972,Cancellation,Low,1,Yes
T010148,C039991,Cancellation,High,10,No
T010149,C035103,Bug,High,4,Yes
T010150,C007032,Login,High,14,Yes
T010151,C025120,Bug,Medium,14,No
T010152,C009543,Feature,Low,11,Yes
T010153,C031424,Bug,Medium,8,No
T010154,C024963,Bug,Medium,10,No
T010155,C029647,Billing,High,12,No
T010156,C016464,Cancellation,Medium,11,Yes
T010157,C007758,Cancellation,High,12,Yes
T010158,C012789,Cancellation,Low,5,Yes
T010159,C023942,Cancellation,High,13,Yes
T010160,C002630,Bug,High,2,Yes
T010161,C011693,Billing,Medium,0,No
T010162,C031364,Feature,High,2,No
T010163,C003087,Login,Low,10,Yes
T010164,C048302,Cancellation,Medium,8,No
T010165,C032941,Cancellation,High,2,Yes
T010166,C038087,Login,Medium,9,No
T010167,C010726,Cancellation,Medium,1,Yes
T010168,C042915,Bug,Low,10,No
T010169,C039226,Feature,Low,5,Yes
T010170,C040316,Login,Low,3,No
T010171,C044356,Bug,Medium,11,Yes
T010172,C047502,Billing,High,5,Yes
T010173,C016851,Login,High,8,Yes
T010174,C009861,Billing,Low,9,No
T010175,C039708,Login,Medium,1,Yes
T010176,C039939,Login,High,10,Yes
T010177,C014911,Bug,High,13,No
T010178,C017269,Billing,Medium,1,No
T010179,C003621,Cancellation,High,11,Yes
T010180,C013222,Bug,Medium,5,Yes
T010181,C049001,Billing,Low,13,Yes
T010182,C003971,Feature,Low,9,No
T010183,C011750,Bug,High,15,No
T010184,C032052,Bug,High,9,No
T010185,C037059,Feature,Low,15,No
T010186,C049451,Feature,Medium,0,Yes
T010187,C007796,Bug,Medium,11,No
T010188,C035930,Bug,Low,2,No
T010189,C047215,Login,High,11,Yes
T010190,C048475,Billing,Low,6,No
T010191,C003715,Bug,High,2,Yes
T010192,C034448,Bug,High,4,No
T010193,C001835,Feature,High,10,Yes
T010194,C003639,Cancellation,High,8,No
T010195,C016878,Login,Low,0,Yes
T010196,C026169,Billing,High,4,Yes
T010197,C032202,Cancellation,Low,4,No
T010198,C039792,Feature,High,13,No
T010199,C004111,Cancellation,Low,7,Yes
T010200,C029824,Cancellation,Medium,6,No
T010201,C046000,Billing,High,4,No
T010202,C026386,Cancellation,High,3,Yes
T010203,C010538,Billing,High,4,Yes
T010204,C027425,Billing,High,2,No
T010205,C029103,Login,Low,1,Yes
T010206,C006230,Bug,Low,10,No
T010207,C030506,Bug,Low,7,Yes
T010208,C004054,Billing,High,13,No
T010209,C024815,Cancellation,Low,12,No
T010210,C021995,Bug,Medium,4,Yes
T010211,C035600,Cancellation,Medium,10,No
T010212,C018833,Login,Low,11,No
T010213,C021584,Login,Medium,15,No
T010214,C021861,Feature,Medium,15,Yes
T010215,C033568,Cancellation,Medium,5,No
T010216,C049904,Feature,Medium,1,No
T010217,C014876,Billing,Medium,5,Yes
T010218,C006377,Billing,High,12,Yes
T010219,C005998,Feature,High,2,No
T010220,C031249,Cancellation,High,7,No
T010221,C017881,Feature,Low,12,No
T010222,C031507,Cancellation,Medium,15,Yes
T010223,C013215,Bug,High,0,Yes
T010224,C041094,Login,Low,6,Yes
T010225,C002315,Billing,Low,9,No
T010226,C035211,Billing,Medium,5,No
T010227,C037653,Cancellation,Medium,12,No
T010228,C007277,Cancellation,Low,3,Yes
T010229,C024960,Feature,Medium,0,No
T010230,C001591,Cancellation,High,1,No
T010231,C029426,Cancellation,High,15,Yes
T010232,C041987,Login,Medium,3,Yes
T010233,C041218,Cancellation,High,14,No
T010234,C012315,Billing,High,11,No
T010235,C026810,Bug,Medium,9,No
T010236,C026104,Cancellation,Low,0,No
T010237,C018641,Cancellation,High,1,No
T010238,C005550,Cancellation,Medium,0,No
T010239,C046609,Bug,Medium,1,No
T010240,C019178,Feature,High,0,Yes
T010241,C040403,Feature,Low,3,Yes
T010242,C003600,Login,Medium,0,No
T010243,C031336,Feature,Low,10,No
T010244,C011089,Feature,High,9,Yes
T010245,C006563,Login,High,12,No
T010246,C049248,Login,Medium,0,No
T010247,C049940,Bug,Low,9,No
T010248,C023996,Feature,High,3,Yes
T010249,C001265,Billing,High,10,No
T010250,C007662,Cancellation,High,12,Yes
T010251,C046605,Cancellation,Medium,3,No
T010252,C016539,Login,Medium,15,Yes
T010253,C040995,Feature,Medium,14,No
T010254,C001950,Billing,Low,5,No
T010255,C004763,Cancellation,Medium,6,No
T010256,C031931,Bug,Medium,11,No
T010257,C008043,Bug,Medium,2,No
T010258,C000077,Bug,High,8,Yes
T010259,C000615,Login,Low,9,No
T010260,C012012,Cancellation,Low,2,Yes
T010261,C034888,Bug,Low,12,Yes
T010262,C019386,Cancellation,Medium,4,Yes
T010263,C018069,Login,Medium,6,No
T010264,C006998,Billing,Low,15,No
T010265,C019658,Billing,Medium,7,Yes
T010266,C018955,Login,Low,7,No
T010267,C049092,Login,Low,1,No
T010268,C016436,Login,High,15,No
T010269,C024542,Login,Low,2,No
T010270,C048512,Bug,High,11,No
T010271,C048245,Feature,High,8,No
T010272,C034505,Login,Low,8,No
T010273,C032517,Billing,Low,0,Yes
T010274,C016574,Feature,High,15,No
T010275,C007056,Billing,Low,11,No
T010276,C030790,Cancellation,Medium,5,No
T010277,C007583,Feature,Low,2,Yes
T010278,C016206,Billing,High,8,Yes
T010279,C007655,Bug,High,5,Yes
T010280,C031753,Feature,Medium,11,Yes
T010281,C026926,Feature,Low,15,Yes
T010282,C034641,Billing,High,11,Yes
T010283,C044389,Cancellation,High,5,Yes
T010284,C047938,Cancellation,High,13,Yes
T010285,C023767,Cancellation,Low,5,Yes
T010286,C037022,Feature,High,13,No
T010287,C043098,Cancellation,Low,5,Yes
T010288,C034346,Billing,High,3,No
T010289,C040448,Bug,Medium,4,No
T010290,C045953,Billing,Low,10,No
T010291,C005502,Billing,High,13,Yes
T010292,C024672,Cancellation,Low,7,No
T010293,C006727,Billing,High,4,Yes
T010294,C023301,Billing,Medium,14,No
T010295,C043757,Cancellation,Medium,4,Yes
T010296,C027467,Billing,High,7,No
T010297,C010530,Login,Low,5,No
T010298,C029737,Login,Low,10,No
T010299,C014911,Billing,High,5,No
T010300,C019358,Bug,High,9,Yes
T010301,C031194,Feature,High,11,Yes
T010302,C048356,Bug,Low,11,Yes
T010303,C034110,Cancellation,Low,6,No
T010304,C016593,Cancellation,Low,5,No
T010305,C009890,Billing,Medium,9,No
T010306,C016510,Cancellation,Low,7,Yes
T010307,C021728,Billing,High,3,Yes
T010308,C005783,Cancellation,Medium,3,Yes
T010309,C000901,Cancellation,Low,11,Yes
T010310,C000743,Billing,High,14,Yes
T010311,C009845,Billing,High,12,No
T010312,C026166,Feature,High,11,Yes
T010313,C046849,Login,High,0,Yes
T010314,C002031,Login,Medium,13,No
T010315,C030714,Cancellation,Medium,9,Yes
T010316,C024634,Billing,High,8,Yes
T010317,C033538,Cancellation,High,12,No
T010318,C016053,Feature,High,2,Yes
T010319,C021275,Cancellation,Low,10,Yes
T010320,C023198,Cancellation,Low,9,No
T010321,C034576,Bug,Medium,15,Yes
T010322,C013922,Bug,High,1,No
T010323,C006125,Feature,High,3,No
T010324,C005762,Feature,Medium,13,No
T010325,C025564,Bug,Medium,11,Yes
T010326,C013399,Bug,Medium,1,Yes
T010327,C046100,Billing,Low,6,Yes
T010328,C005009,Login,High,4,Yes
T010329,C022224,Feature,Medium,6,No
T010330,C011583,Bug,Low,0,Yes
T010331,C036383,Billing,Medium,9,No
T010332,C048439,Login,Medium,15,No
T010333,C014931,Bug,Medium,3,Yes
T010334,C034854,Login,High,13,No
T010335,C030674,Login,Low,8,No
T010336,C001282,Login,High,13,No
T010337,C044761,Feature,Low,1,No
T010338,C033037,Billing,Medium,6,No
T010339,C002309,Login,High,1,No
T010340,C049211,Login,High,8,Yes
T010341,C021678,Login,High,3,Yes
T010342,C017115,Feature,Low,4,No
T010343,C048921,Cancellation,High,13,Yes
T010344,C004587,Bug,High,5,Yes
T010345,C015493,Feature,Low,0,No
T010346,C001057,Feature,High,6,Yes
T010347,C030703,Billing,Low,2,Yes
T010348,C021529,Cancellation,High,9,Yes
T010349,C000118,Login,Medium,0,No
T010350,C028265,Feature,Low,11,Yes
T010351,C029806,Bug,Medium,10,No
T010352,C013228,Cancellation,High,6,No
T010353,C031734,Billing,High,13,No
T010354,C020214,Cancellation,Medium,9,Yes
T010355,C037369,Feature,High,14,No
T010356,C015249,Billing,High,0,Yes
T010357,C036485,Login,High,1,No
T010358,C031676,Cancellation,High,13,Yes
T010359,C026831,Billing,High,14,Yes
T010360,C042644,Billing,Medium,7,No
T010361,C047182,Cancellation,Medium,6,Yes
T010362,C005980,Cancellation,Medium,14,Yes
T010363,C048768,Bug,High,7,Yes
T010364,C028656,Login,Medium,13,No
T010365,C048212,Bug,Low,2,Yes
T010366,C004233,Feature,Medium,3,Yes
T010367,C033822,Cancellation,High,0,No
T010368,C016027,Bug,Low,11,Yes
T010369,C021240,Cancellation,High,5,Yes
T010370,C008003,Login,Low,0,Yes
T010371,C015600,Feature,High,8,Yes
T010372,C005606,Login,Medium,9,Yes
T010373,C033018,Bug,Low,6,No
T010374,C049216,Cancellation,Medium,15,No
T010375,C038035,Feature,Low,6,No
T010376,C007161,Feature,High,12,Yes
T010377,C044481,Login,Low,1,No
T010378,C007575,Bug,Low,9,Yes
T010379,C022282,Cancellation,Medium,7,No
T010380,C022576,Billing,High,3,Yes
T010381,C020163,Cancellation,Medium,4,No
T010382,C048789,Bug,Low,3,Yes
T010383,C043625,Cancellation,Low,3,No
T010384,C008558,Feature,Medium,7,No
T010385,C036789,Billing,Low,1,Yes
T010386,C026943,Cancellation,Low,1,Yes
T010387,C042484,Feature,Medium,9,No
T010388,C022031,Login,Low,8,Yes
T010389,C020070,Login,Medium,13,Yes
T010390,C019550,Billing,Low,10,Yes
T010391,C006211,Login,Low,2,No
T010392,C012884,Bug,Medium,6,No
T010393,C017070,Cancellation,Low,5,Yes
T010394,C016893,Bug,Medium,13,Yes
T010395,C040940,Bug,High,9,No
T010396,C036288,Cancellation,Medium,3,Yes
T010397,C023944,Login,Low,9,No
T010398,C006661,Cancellation,Medium,6,No
T010399,C021502,Feature,Medium,6,Yes
T010400,C045795,Feature,High,8,Yes
T010401,C041305,Bug,Medium,8,No
T010402,C022239,Bug,Medium,1,No
T010403,C007740,Cancellation,Medium,14,No
T010404,C015845,Feature,High,15,No
T010405,C037897,Cancellation,High,4,Yes
T010406,C048159,Cancellation,High,10,No
T010407,C046579,Login,Low,8,No
T010408,C035104,Bug,High,15,No
T010409,C032008,Billing,Low,3,Yes
T010410,C039105,Cancellation,High,15,No
T010411,C034000,Login,Medium,8,No
T010412,C009284,Billing,Low,2,No
T010413,C024562,Login,Medium,1,No
T010414,C042562,Billing,Medium,2,No
T010415,C049495,Cancellation,Low,4,No
T010416,C031570,Login,Medium,0,Yes
T010417,C011752,Cancellation,Medium,9,No
T010418,C026226,Feature,Medium,7,Yes
T010419,C002837,Feature,Low,4,Yes
T010420,C029632,Cancellation,Medium,5,Yes
T010421,C041339,Bug,High,7,No
T010422,C016562,Login,Medium,3,No
T010423,C030206,Bug,Low,10,Yes
T010424,C041170,Bug,High,0,Yes
T010425,C048095,Billing,Low,2,Yes
T010426,C003000,Login,Medium,1,No
T010427,C019634,Feature,Medium,7,Yes
T010428,C046285,Bug,Medium,5,No
T010429,C035272,Feature,High,1,No
T010430,C045258,Bug,Low,1,No
T010431,C001895,Feature,High,6,No
T010432,C018001,Cancellation,Low,7,No
T010433,C019121,Bug,Medium,6,Yes
T010434,C032241,Billing,High,15,No
T010435,C042091,Billing,Medium,7,Yes
T010436,C000583,Login,Medium,1,Yes
T010437,C038166,Feature,Low,11,No
T010438,C030689,Cancellation,High,14,No
T010439,C032057,Bug,Medium,10,Yes
T010440,C002851,Bug,High,14,No
T010441,C009444,Cancellation,Medium,4,Yes
T010442,C045969,Feature,Medium,3,Yes
T010443,C037623,Cancellation,Low,5,Yes
T010444,C029181,Feature,Medium,7,Yes
T010445,C028307,Bug,Low,0,No
T010446,C027831,Cancellation,Medium,11,No
T010447,C002924,Feature,Low,4,Yes
T010448,C049681,Feature,Medium,10,No
T010449,C037905,Bug,Medium,14,No
T010450,C033028,Login,Medium,3,No
T010451,C006870,Feature,Low,11,Yes
T010452,C016377,Cancellation,High,6,Yes
T010453,C021723,Feature,Low,15,No
T010454,C034832,Feature,High,12,No
T010455,C015440,Cancellation,Low,3,Yes
T010456,C049225,Bug,Low,2,Yes
T010457,C016238,Billing,Medium,3,Yes
T010458,C038439,Cancellation,Medium,2,Yes
T010459,C013468,Cancellation,Low,7,No
T010460,C029823,Bug,High,2,Yes
T010461,C000910,Billing,Low,3,Yes
T010462,C009840,Feature,High,2,No
T010463,C039213,Login,Low,0,Yes
T010464,C035676,Billing,Medium,2,Yes
T010465,C047046,Login,Medium,13,Yes
T010466,C016102,Feature,High,1,No
T010467,C036878,Feature,High,13,No
T010468,C028226,Bug,Low,2,Yes
T010469,C003082,Billing,High,10,Yes
T010470,C036203,Feature,High,13,No
T010471,C007793,Cancellation,Low,9,Yes
T010472,C045251,Bug,Low,6,No
T010473,C025383,Billing,High,1,Yes
T010474,C018016,Bug,High,14,Yes
T010475,C020543,Billing,High,12,Yes
T010476,C027056,Login,Medium,11,No
T010477,C018482,Billing,Low,8,No
T010478,C005489,Billing,High,0,Yes
T010479,C015484,Bug,Low,14,No
T010480,C049666,Bug,High,0,No
T010481,C012236,Cancellation,Low,12,Yes
T010482,C014944,Billing,High,14,Yes
T010483,C034413,Feature,Medium,0,No
T010484,C023639,Cancellation,Low,9,Yes
T010485,C033276,Bug,Low,1,Yes
T010486,C026062,Login,High,12,No
T010487,C006294,Login,Medium,7,Yes
T010488,C006577,Login,High,1,Yes
T010489,C019894,Cancellation,Low,10,Yes
T010490,C033308,Cancellation,High,9,No
T010491,C037779,Billing,High,12,Yes
T010492,C016418,Feature,Low,12,Yes
T010493,C032212,Cancellation,High,2,Yes
T010494,C034337,Bug,Low,0,No
T010495,C030782,Bug,Medium,8,No
T010496,C017951,Billing,Medium,0,Yes
T010497,C018559,Feature,Low,11,Yes
T010498,C025184,Bug,High,9,Yes
T010499,C039221,Cancellation,Medium,11,No
T010500,C021827,Billing,Low,3,Yes
T010501,C019644,Cancellation,High,1,Yes
T010502,C012038,Billing,High,7,Yes
T010503,C028886,Bug,High,10,Yes
T010504,C037147,Cancellation,Low,10,Yes
T010505,C035623,Bug,High,2,Yes
T010506,C018813,Cancellation,High,4,No
T010507,C045517,Feature,Medium,5,No
T010508,C003730,Billing,Medium,15,No
T010509,C039157,Bug,High,8,Yes
T010510,C014056,Login,Medium,7,Yes
T010511,C006519,Billing,Medium,5,Yes
T010512,C049938,Feature,High,13,No
T010513,C013511,Login,Low,1,Yes
T010514,C044800,Login,Low,5,No
T010515,C001224,Bug,High,0,No
T010516,C016335,Cancellation,Low,9,No
T010517,C040654,Login,High,3,Yes
T010518,C011750,Feature,High,6,Yes
T010519,C032371,Bug,Low,9,No
T010520,C038082,Bug,Low,15,Yes
T010521,C010447,Feature,Low,11,Yes
T010522,C035160,Cancellation,Low,2,No
T010523,C042754,Feature,High,10,No
T010524,C000466,Login,High,3,No
T010525,C004467,Cancellation,Low,8,No
T010526,C008000,Bug,Low,6,No
T010527,C017227,Cancellation,Medium,9,No
T010528,C003966,Login,Medium,7,No
T010529,C034220,Bug,High,0,No
T010530,C043575,Cancellation,Medium,4,Yes
T010531,C021246,Cancellation,Medium,12,Yes
T010532,C012964,Login,Medium,4,Yes
T010533,C008515,Feature,Low,0,Yes
T010534,C008041,Feature,Low,1,Yes
T010535,C047674,Login,Medium,8,No
T010536,C012353,Login,Low,12,Yes
T010537,C023456,Bug,High,11,Yes
T010538,C042448,Login,Low,13,Yes
T010539,C021996,Cancellation,Low,1,Yes
T010540,C047522,Cancellation,High,15,Yes
T010541,C032010,Cancellation,Medium,6,Yes
T010542,C029803,Bug,High,6,No
T010543,C026613,Cancellation,High,0,No
T010544,C016335,Login,Low,12,Yes
T010545,C037223,Bug,High,6,No
T010546,C036020,Bug,Low,3,No
T010547,C024893,Feature,High,15,No
T010548,C045327,Cancellation,Medium,1,No
T010549,C043054,Feature,Low,14,No
T010550,C049749,Feature,Low,12,No
T010551,C011729,Bug,Medium,7,No
T010552,C047163,Bug,Medium,13,Yes
T010553,C049008,Feature,Medium,0,No
T010554,C024620,Bug,High,6,Yes
T010555,C026699,Bug,Medium,9,No
T010556,C039956,Cancellation,Medium,10,No
T010557,C038714,Feature,High,8,No
T010558,C008463,Bug,Medium,2,Yes
T010559,C035541,Bug,Low,7,No
T010560,C003028,Feature,Medium,1,Yes
T010561,C014658,Feature,Medium,3,No
T010562,C047316,Billing,Medium,13,Yes
T010563,C017305,Bug,Medium,14,Yes
T010564,C049664,Cancellation,High,0,No
T010565,C005970,Feature,High,12,No
T010566,C027956,Billing,Low,1,Yes
T010567,C014880,Billing,Low,14,No
T010568,C026622,Feature,High,1,Yes
T010569,C008507,Bug,High,14,Yes
T010570,C005013,Feature,Low,4,No
T010571,C037862,Billing,Medium,11,Yes
T010572,C002301,Login,Low,0,Yes
T010573,C023025,Login,High,1,No
T010574,C008801,Billing,High,10,No
T010575,C025087,Login,Medium,14,Yes
T010576,C043772,Feature,High,0,Yes
T010577,C032869,Feature,Medium,15,No
T010578,C042630,Bug,Low,9,Yes
T010579,C009437,Cancellation,High,15,Yes
T010580,C008077,Billing,Low,10,Yes
T010581,C043676,Feature,High,10,No
T010582,C034159,Billing,High,13,Yes
T010583,C002236,Billing,High,5,No
T010584,C035730,Login,Low,3,No
T010585,C035459,Login,Medium,0,Yes
T010586,C002251,Login,Low,1,Yes
T010587,C044685,Billing,Low,7,Yes
T010588,C046275,Feature,High,12,Yes
T010589,C013051,Cancellation,High,4,Yes
T010590,C007143,Login,High,2,No
T010591,C048718,Billing,Medium,4,Yes
T010592,C026955,Login,High,0,No
T010593,C023550,Login,High,6,Yes
T010594,C005669,Feature,Low,9,Yes
T010595,C044650,Cancellation,Low,6,No
T010596,C044580,Billing,Low,12,Yes
T010597,C019690,Bug,Medium,5,Yes
T010598,C020950,Login,Medium,3,Yes
T010599,C019572,Login,Low,15,Yes
T010600,C014859,Billing,Medium,4,No
T010601,C022352,Feature,High,6,Yes
T010602,C020922,Login,Medium,6,Yes
T010603,C041432,Login,Low,3,Yes
T010604,C019034,Feature,High,11,Yes
T010605,C040872,Login,Low,5,No
T010606,C037579,Cancellation,High,10,Yes
T010607,C004759,Cancellation,Low,10,No
T010608,C040037,Cancellation,Medium,14,Yes
T010609,C024398,Cancellation,High,5,Yes
T010610,C024436,Login,Medium,9,No
T010611,C001395,Feature,Low,11,No
T010612,C004381,Billing,High,10,No
T010613,C030501,Cancellation,Low,0,No
T010614,C007784,Login,High,5,No
T010615,C045829,Bug,High,9,Yes
T010616,C012000,Billing,Low,14,Yes
T010617,C009631,Cancellation,Medium,12,Yes
T010618,C022608,Cancellation,High,8,No
T010619,C008582,Cancellation,High,7,Yes
T010620,C019024,Feature,Medium,7,No
T010621,C040937,Billing,Low,4,Yes
T010622,C023934,Feature,High,5,No
T010623,C014496,Billing,Medium,11,Yes
T010624,C003840,Cancellation,Medium,10,Yes
T010625,C026792,Billing,High,12,No
T010626,C024904,Billing,Medium,13,Yes
T010627,C018216,Cancellation,Medium,5,Yes
T010628,C045929,Cancellation,Medium,4,No
T010629,C039541,Cancellation,Medium,2,Yes
T010630,C024458,Feature,High,7,No
T010631,C029241,Billing,Medium,2,No
T010632,C043370,Bug,High,0,Yes
T010633,C039905,Bug,High,14,No
T010634,C042259,Feature,High,6,Yes
T010635,C031508,Cancellation,High,8,No
T010636,C016808,Login,Medium,9,No
T010637,C011165,Billing,High,15,No
T010638,C042135,Cancellation,High,12,Yes
T010639,C000589,Bug,Low,0,Yes
T010640,C038764,Login,Medium,5,Yes
T010641,C049255,Bug,Medium,15,No
T010642,C037664,Cancellation,Medium,7,Yes
T010643,C032680,Login,Low,13,No
T010644,C008854,Cancellation,High,15,No
T010645,C026779,Login,High,3,No
T010646,C012559,Billing,Low,14,No
T010647,C042747,Login,Medium,9,Yes
T010648,C005082,Feature,Low,10,Yes
T010649,C009357,Feature,High,6,Yes
T010650,C044217,Cancellation,Medium,3,No
T010651,C022561,Cancellation,Low,11,No
T010652,C028551,Bug,Medium,7,Yes
T010653,C046230,Login,Medium,9,No
T010654,C000439,Billing,Medium,9,No
T010655,C043858,Cancellation,Medium,11,No
T010656,C047550,Feature,Low,4,No
T010657,C014739,Cancellation,High,13,No
T010658,C026729,Bug,High,5,No
T010659,C040186,Login,Medium,2,No
T010660,C022750,Login,Low,3,No
T010661,C049664,Billing,Low,3,No
T010662,C006586,Feature,Medium,11,No
T010663,C033968,Cancellation,High,15,No
T010664,C020030,Bug,High,4,No
T010665,C012914,Feature,High,12,No
T010666,C013907,Cancellation,Low,9,Yes
T010667,C039443,Bug,Medium,6,No
T010668,C018623,Login,High,8,Yes
T010669,C028474,Cancellation,Low,2,Yes
T010670,C039976,Bug,Medium,8,Yes
T010671,C019447,Feature,Medium,5,No
T010672,C036346,Login,High,1,No
T010673,C044585,Login,High,0,No
T010674,C010893,Bug,High,5,Yes
T010675,C047335,Bug,High,4,Yes
T010676,C048894,Login,Low,7,Yes
T010677,C033493,Bug,Low,1,Yes
T010678,C009770,Feature,High,1,No
T010679,C049897,Login,Low,10,No
T010680,C008739,Bug,Low,10,No
T010681,C020433,Bug,Low,7,Yes
T010682,C024915,Billing,High,5,Yes
T010683,C016502,Billing,High,1,Yes
T010684,C005006,Bug,High,5,No
T010685,C000273,Bug,High,1,No
T010686,C028966,Feature,High,13,Yes
T010687,C014936,Login,Low,4,Yes
T010688,C043662,Billing,Medium,5,No
T010689,C034411,Feature,Low,15,No
T010690,C018942,Feature,Low,9,No
T010691,C038677,Cancellation,Low,1,Yes
T010692,C004914,Billing,Medium,9,Yes
T010693,C028101,Bug,Low,3,No
T010694,C019693,Feature,High,7,No
T010695,C018576,Cancellation,Low,10,No
T010696,C044300,Feature,High,4,No
T010697,C007449,Cancellation,Low,8,No
T010698,C026173,Billing,High,14,Yes
T010699,C043895,Billing,High,1,Yes
T010700,C006959,Cancellation,Medium,1,No
T010701,C004570,Billing,Medium,12,No
T010702,C034837,Feature,High,1,No
T010703,C043713,Billing,High,8,Yes
T010704,C017250,Bug,Low,12,No
T010705,C037907,Billing,Medium,12,Yes
T010706,C007888,Bug,High,11,Yes
T010707,C010181,Cancellation,High,4,Yes
T010708,C047934,Billing,Medium,14,Yes
T010709,C039734,Login,Low,13,No
T010710,C033734,Cancellation,High,7,No
T010711,C013224,Billing,Medium,15,No
T010712,C031010,Login,Medium,14,No
T010713,C024657,Feature,High,8,No
T010714,C014462,Billing,Medium,2,Yes
T010715,C008170,Billing,Medium,10,Yes
T010716,C007394,Bug,Medium,7,No
T010717,C021470,Bug,Medium,0,No
T010718,C042530,Feature,Medium,7,Yes
T010719,C006395,Cancellation,Low,2,No
T010720,C034169,Login,Low,7,No
T010721,C046078,Bug,Low,4,Yes
T010722,C032198,Bug,High,1,Yes
T010723,C035005,Cancellation,High,13,No
T010724,C036886,Feature,High,9,Yes
T010725,C010006,Login,Medium,10,No
T010726,C030668,Bug,High,15,Yes
T010727,C035604,Login,High,5,No
T010728,C049599,Bug,High,2,Yes
T010729,C035670,Cancellation,Medium,5,Yes
T010730,C046494,Bug,High,1,Yes
T010731,C029940,Feature,High,12,No
T010732,C045961,Login,Low,11,No
T010733,C004039,Billing,Low,0,No
T010734,C018305,Cancellation,Low,10,No
T010735,C045147,Cancellation,Medium,8,Yes
T010736,C003397,Bug,Medium,1,Yes
T010737,C016956,Feature,Low,14,No
T010738,C019488,Feature,High,9,No
T010739,C015300,Billing,Medium,11,Yes
T010740,C027438,Login,High,7,No
T010741,C019152,Bug,High,0,Yes
T010742,C011704,Billing,High,11,Yes
T010743,C035716,Login,Medium,5,Yes
T010744,C002145,Bug,Medium,0,Yes
T010745,C006545,Bug,Medium,7,No
T010746,C015461,Billing,Low,11,Yes
T010747,C006346,Cancellation,Low,8,Yes
T010748,C006744,Cancellation,Low,9,No
T010749,C039457,Billing,Medium,3,Yes
T010750,C036556,Login,High,12,No
T010751,C022798,Login,High,3,No
T010752,C033920,Cancellation,Low,6,No
T010753,C001547,Billing,Medium,10,No
T010754,C042416,Billing,Low,11,Yes
T010755,C017963,Feature,Low,9,Yes
T010756,C000213,Cancellation,Low,10,No
T010757,C027590,Login,Medium,1,Yes
T010758,C037277,Feature,High,15,Yes
T010759,C010500,Billing,Low,7,No
T010760,C028837,Cancellation,Medium,5,Yes
T010761,C004462,Billing,Low,5,Yes
T010762,C039749,Bug,Medium,0,No
T010763,C001212,Cancellation,Medium,6,No
T010764,C002329,Login,Medium,5,No
T010765,C006917,Login,Low,13,No
T010766,C048131,Feature,High,10,Yes
T010767,C005351,Billing,High,15,No
T010768,C024279,Login,High,11,Yes
T010769,C044091,Billing,High,0,Yes
T010770,C021788,Login,High,7,Yes
T010771,C030830,Login,Medium,7,No
T010772,C032355,Cancellation,Medium,9,Yes
T010773,C011783,Bug,High,2,Yes
T010774,C013816,Bug,Medium,12,Yes
T010775,C021778,Cancellation,Medium,5,No
T010776,C037577,Billing,Low,2,Yes
T010777,C031692,Cancellation,High,0,No
T010778,C049566,Login,Medium,14,Yes
T010779,C040698,Feature,Medium,7,Yes
T010780,C027198,Cancellation,Medium,10,Yes
T010781,C014281,Billing,Low,6,Yes
T010782,C014861,Bug,Medium,13,Yes
T010783,C026208,Billing,High,4,Yes
T010784,C022278,Login,Low,2,No
T010785,C024755,Bug,High,10,Yes
T010786,C028380,Feature,High,12,Yes
T010787,C019881,Feature,Medium,12,No
T010788,C016718,Billing,Medium,0,No
T010789,C037409,Billing,Low,2,No
T010790,C015933,Feature,High,0,No
T010791,C049465,Login,Low,3,No
T010792,C023718,Feature,High,5,No
T010793,C018808,Billing,Low,5,No
T010794,C018742,Bug,High,4,Yes
T010795,C039630,Feature,Low,7,No
T010796,C027225,Feature,Low,1,Yes
T010797,C010484,Cancellation,Medium,0,No
T010798,C022656,Cancellation,Medium,2,Yes
T010799,C005446,Bug,Medium,10,Yes
T010800,C048852,Login,Medium,6,No
T010801,C024630,Login,Medium,10,No
T010802,C042011,Billing,Medium,14,No
T010803,C011784,Billing,High,0,Yes
T010804,C001896,Bug,Medium,3,No
T010805,C023944,Feature,High,4,No
T010806,C011439,Billing,High,4,Yes
T010807,C002362,Bug,High,8,Yes
T010808,C015319,Feature,High,5,No
T010809,C016460,Feature,High,11,Yes
T010810,C007308,Bug,High,11,Yes
T010811,C043498,Login,Medium,0,Yes
T010812,C047212,Billing,Low,2,Yes
T010813,C014487,Billing,Low,4,Yes
T010814,C023777,Feature,Medium,2,Yes
T010815,C032058,Billing,Medium,2,Yes
T010816,C044313,Feature,Low,7,Yes
T010817,C037907,Bug,Low,1,No
T010818,C027383,Login,High,8,No
T010819,C003480,Bug,Low,7,Yes
T010820,C000614,Billing,Low,14,Yes
T010821,C005297,Bug,High,15,Yes
T010822,C037674,Billing,High,14,Yes
T010823,C049921,Cancellation,High,1,No
T010824,C001977,Feature,Low,1,Yes
T010825,C033962,Billing,Medium,13,Yes
T010826,C035332,Cancellation,Medium,4,No
T010827,C003717,Login,Low,10,No
T010828,C002476,Feature,Low,3,Yes
T010829,C004526,Billing,Medium,2,No
T010830,C005241,Login,Low,0,No
T010831,C045596,Cancellation,High,13,Yes
T010832,C045990,Bug,Medium,11,Yes
T010833,C042774,Bug,High,7,Yes
T010834,C044740,Bug,Low,7,Yes
T010835,C026816,Bug,Low,12,No
T010836,C028674,Bug,Medium,8,No
T010837,C046040,Billing,Low,3,Yes
T010838,C018306,Billing,Low,0,No
T010839,C016454,Billing,Low,7,Yes
T010840,C015701,Feature,Low,3,Yes
T010841,C027057,Billing,Low,2,No
T010842,C040995,Login,Medium,15,Yes
T010843,C021761,Billing,High,6,No
T010844,C034724,Bug,Medium,9,Yes
T010845,C036943,Bug,Low,8,No
T010846,C039163,Billing,Medium,11,Yes
T010847,C011338,Feature,Low,0,Yes
T010848,C040608,Feature,High,2,No
T010849,C040775,Feature,High,14,No
T010850,C004121,Feature,Low,7,Yes
T010851,C019006,Feature,High,3,No
T010852,C042478,Feature,High,14,No
T010853,C039521,Cancellation,High,15,Yes
T010854,C046027,Login,High,5,No
T010855,C038241,Login,Low,11,No
T010856,C018561,Billing,High,12,Yes
T010857,C015893,Login,High,15,No
T010858,C004045,Cancellation,Low,0,No
T010859,C001056,Cancellation,High,6,Yes
T010860,C025754,Billing,High,12,Yes
T010861,C008380,Bug,High,11,No
T010862,C048839,Bug,Low,7,No
T010863,C022593,Feature,Medium,5,No
T010864,C034554,Billing,Medium,15,No
T010865,C043982,Bug,High,7,Yes
T010866,C032671,Login,High,12,Yes
T010867,C020870,Bug,Low,3,Yes
T010868,C019849,Cancellation,Low,11,Yes
T010869,C004370,Cancellation,Low,6,Yes
T010870,C013813,Bug,High,11,No
T010871,C039071,Cancellation,Medium,12,No
T010872,C017894,Login,Low,6,No
T010873,C020491,Feature,Medium,11,No
T010874,C049566,Feature,Medium,10,No
T010875,C039118,Cancellation,High,3,Yes
T010876,C017407,Feature,High,10,No
T010877,C048855,Feature,High,10,Yes
T010878,C020439,Feature,Low,12,Yes
T010879,C013473,Billing,High,14,No
T010880,C043859,Billing,Low,5,No
T010881,C047357,Feature,Low,12,Yes
T010882,C033678,Feature,Low,14,Yes
T010883,C028844,Feature,Medium,7,Yes
T010884,C048564,Login,Medium,12,No
T010885,C008843,Bug,Low,9,Yes
T010886,C023607,Feature,Low,9,No
T010887,C006652,Bug,High,15,No
T010888,C000889,Cancellation,High,4,Yes
T010889,C018994,Cancellation,Low,11,No
T010890,C042637,Billing,High,14,No
T010891,C042951,Login,High,13,Yes
T010892,C045979,Feature,Medium,6,No
T010893,C030674,Cancellation,Medium,9,Yes
T010894,C022391,Feature,Low,4,Yes
T010895,C026510,Bug,High,8,No
T010896,C004404,Feature,Low,3,No
T010897,C044204,Billing,Low,2,Yes
T010898,C039388,Cancellation,Low,8,Yes
T010899,C021714,Cancellation,High,0,No
T010900,C005832,Billing,Medium,10,No
T010901,C000295,Bug,Medium,0,No
T010902,C044331,Feature,Low,1,No
T010903,C031130,Billing,Low,0,No
T010904,C022200,Cancellation,High,11,Yes
T010905,C031081,Cancellation,Low,1,Yes
T010906,C045840,Cancellation,Low,9,No
T010907,C028643,Cancellation,Low,3,Yes
T010908,C040129,Login,Medium,13,No
T010909,C039431,Feature,Medium,6,No
T010910,C045060,Feature,Low,13,Yes
T010911,C024061,Bug,Medium,12,No
T010912,C039150,Login,Medium,15,Yes
T010913,C016106,Cancellation,Medium,7,No
T010914,C047837,Bug,Low,7,No
T010915,C001271,Cancellation,Low,2,No
T010916,C022320,Login,Medium,9,No
T010917,C002164,Bug,Medium,5,No
T010918,C022792,Feature,High,11,Yes
T010919,C014430,Feature,Medium,7,No
T010920,C004973,Cancellation,Medium,15,Yes
T010921,C025356,Bug,High,11,No
T010922,C014612,Billing,Medium,8,Yes
T010923,C014783,Cancellation,Low,6,No
T010924,C021369,Login,Medium,7,No
T010925,C014065,Billing,Low,0,No
T010926,C037126,Cancellation,High,14,Yes
T010927,C042474,Bug,High,14,No
T010928,C030535,Billing,Low,10,Yes
T010929,C033462,Bug,Low,5,No
T010930,C029596,Cancellation,Medium,15,Yes
T010931,C035276,Billing,High,10,No
T010932,C045256,Billing,High,0,Yes
T010933,C044368,Feature,Low,13,Yes
T010934,C015919,Cancellation,Low,8,Yes
T010935,C003278,Billing,High,5,Yes
T010936,C028095,Cancellation,High,6,No
T010937,C033403,Cancellation,Medium,12,Yes
T010938,C034138,Feature,High,4,Yes
T010939,C036360,Login,High,6,No
T010940,C035658,Login,High,5,Yes
T010941,C021916,Bug,Medium,10,No
T010942,C003286,Bug,High,12,No
T010943,C027665,Feature,Low,6,No
T010944,C050000,Bug,High,1,Yes
T010945,C033431,Bug,High,15,No
T010946,C036429,Bug,High,11,Yes
T010947,C006966,Bug,Low,4,No
T010948,C018455,Feature,High,7,Yes
T010949,C017116,Billing,High,9,Yes
T010950,C024862,Feature,Low,0,No
T010951,C039167,Feature,High,13,No
T010952,C008225,Login,Medium,14,Yes
T010953,C033985,Login,Medium,2,No
T010954,C025062,Bug,Medium,8,Yes
T010955,C020373,Login,Medium,2,Yes
T010956,C032459,Bug,High,3,No
T010957,C035044,Cancellation,Medium,6,No
T010958,C014427,Login,Medium,13,No
T010959,C001159,Bug,Medium,4,Yes
T010960,C003901,Billing,High,5,Yes
T010961,C030630,Login,Medium,4,Yes
T010962,C036818,Bug,High,11,No
T010963,C019825,Login,Medium,15,Yes
T010964,C036142,Billing,High,15,No
T010965,C027789,Bug,Medium,9,Yes
T010966,C014166,Bug,Low,7,Yes
T010967,C003509,Cancellation,Low,12,No
T010968,C025428,Billing,Low,6,Yes
T010969,C044152,Billing,Medium,6,No
T010970,C005343,Billing,High,4,Yes
T010971,C031566,Login,Medium,3,Yes
T010972,C019268,Billing,Low,5,No
T010973,C041693,Cancellation,High,9,No
T010974,C039865,Billing,Low,6,Yes
T010975,C045363,Billing,High,10,No
T010976,C036064,Cancellation,High,15,No
T010977,C033905,Login,Low,12,No
T010978,C044496,Billing,Low,6,No
T010979,C004525,Login,Medium,3,Yes
T010980,C041439,Cancellation,Medium,3,Yes
T010981,C031715,Cancellation,High,7,No
T010982,C027813,Billing,Medium,12,No
T010983,C004338,Bug,High,12,Yes
T010984,C032823,Feature,Medium,6,Yes
T010985,C034125,Bug,Low,4,Yes
T010986,C023994,Billing,Low,7,No
T010987,C002895,Cancellation,High,3,Yes
T010988,C044767,Cancellation,Low,11,Yes
T010989,C043301,Cancellation,Low,5,No
T010990,C038893,Login,Low,1,Yes
T010991,C010250,Bug,Medium,0,Yes
T010992,C015612,Feature,Low,11,Yes
T010993,C011615,Login,Medium,8,Yes
T010994,C011033,Feature,High,6,Yes
T010995,C000753,Cancellation,Low,2,Yes
T010996,C032216,Bug,Low,11,No
T010997,C038593,Feature,High,13,No
T010998,C038644,Bug,High,11,No
T010999,C029317,Bug,Low,1,Yes
T011000,C029659,Feature,High,6,No
T011001,C002858,Bug,High,7,No
T011002,C045274,Billing,Medium,3,No
T011003,C016997,Login,Medium,13,Yes
T011004,C034681,Bug,High,3,No
T011005,C043576,Billing,Medium,13,No
T011006,C003444,Billing,High,5,No
T011007,C022081,Cancellation,High,4,Yes
T011008,C037778,Bug,Medium,5,Yes
T011009,C036011,Bug,Medium,2,Yes
T011010,C000705,Bug,Low,14,No
T011011,C016710,Billing,High,6,No
T011012,C015758,Cancellation,Low,0,No
T011013,C000391,Bug,Low,13,No
T011014,C028527,Bug,Low,1,Yes
T011015,C035406,Login,Medium,5,Yes
T011016,C044839,Login,High,6,No
T011017,C010394,Feature,High,12,Yes
T011018,C033280,Bug,Low,13,No
T011019,C048882,Cancellation,Medium,3,No
T011020,C017313,Login,Low,11,Yes
T011021,C003983,Bug,Medium,0,No
T011022,C021285,Billing,Medium,15,Yes
T011023,C007613,Login,High,8,No
T011024,C033269,Cancellation,Low,12,Yes
T011025,C006528,Login,Medium,14,No
T011026,C038675,Billing,Low,0,Yes
T011027,C049041,Cancellation,Medium,1,No
T011028,C037014,Bug,High,15,No
T011029,C027789,Feature,High,2,Yes
T011030,C047137,Login,Medium,10,No
T011031,C036438,Login,Medium,2,Yes
T011032,C037125,Bug,High,13,Yes
T011033,C021083,Login,Low,8,No
T011034,C002855,Login,High,12,No
T011035,C005953,Feature,Low,1,No
T011036,C000440,Login,High,7,No
T011037,C040732,Billing,High,7,Yes
T011038,C011920,Billing,Low,6,No
T011039,C009978,Login,High,6,No
T011040,C027100,Billing,Medium,8,Yes
T011041,C013214,Cancellation,High,3,No
T011042,C005210,Bug,Medium,6,Yes
T011043,C047736,Login,Low,0,Yes
T011044,C008417,Billing,Low,8,Yes
T011045,C025030,Feature,High,4,No
T011046,C021589,Cancellation,Medium,9,Yes
T011047,C038908,Login,Medium,13,Yes
T011048,C027670,Feature,Medium,14,No
T011049,C018651,Cancellation,High,5,Yes
T011050,C002996,Billing,High,7,Yes
T011051,C023823,Bug,Medium,6,No
T011052,C024210,Bug,High,11,Yes
T011053,C048499,Bug,Medium,3,No
T011054,C020227,Cancellation,Medium,10,Yes
T011055,C049473,Bug,Medium,12,No
T011056,C007920,Feature,Medium,15,No
T011057,C039659,Bug,High,12,Yes
T011058,C000155,Feature,High,11,No
T011059,C024083,Bug,Medium,3,No
T011060,C031759,Feature,Low,4,Yes
T011061,C033610,Bug,Low,9,No
T011062,C035653,Feature,Medium,13,No
T011063,C022850,Bug,Low,7,Yes
T011064,C012745,Bug,High,5,Yes
T011065,C034165,Cancellation,Low,4,Yes
T011066,C031990,Login,High,13,No
T011067,C045435,Feature,Low,5,No
T011068,C029763,Billing,Medium,7,Yes
T011069,C045319,Bug,Low,14,No
T011070,C014365,Login,High,7,No
T011071,C025183,Feature,Medium,1,Yes
T011072,C011043,Feature,High,10,Yes
T011073,C042925,Billing,Low,1,Yes
T011074,C040049,Cancellation,Low,11,Yes
T011075,C020530,Billing,Low,8,Yes
T011076,C045166,Feature,Low,11,No
T011077,C034402,Login,Low,4,No
T011078,C004544,Bug,Low,0,Yes
T011079,C010789,Cancellation,Medium,7,No
T011080,C004889,Feature,High,6,Yes
T011081,C027456,Login,Low,4,No
T011082,C019992,Bug,Medium,13,No
T011083,C012626,Cancellation,Low,15,Yes
T011084,C009305,Bug,Medium,6,No
T011085,C002523,Login,Medium,4,Yes
T011086,C014478,Bug,High,3,Yes
T011087,C023399,Billing,Medium,12,Yes
T011088,C009276,Feature,Low,3,Yes
T011089,C013583,Feature,High,10,No
T011090,C028437,Login,High,5,Yes
T011091,C023705,Bug,Medium,8,No
T011092,C028737,Billing,High,10,No
T011093,C046507,Feature,Low,10,Yes
T011094,C020529,Billing,Medium,2,No
T011095,C013376,Login,Low,5,Yes
T011096,C005113,Login,High,15,No
T011097,C019318,Feature,Medium,13,Yes
T011098,C025805,Cancellation,Low,11,No
T011099,C014240,Bug,Medium,8,No
T011100,C018106,Bug,Low,7,No
T011101,C013273,Cancellation,Medium,12,No
T011102,C020159,Feature,High,11,Yes
T011103,C035994,Billing,High,10,No
T011104,C049598,Billing,Low,11,No
T011105,C030801,Bug,Low,15,Yes
T011106,C029493,Bug,High,3,No
T011107,C008243,Bug,Medium,5,No
T011108,C000312,Feature,Low,14,Yes
T011109,C010668,Feature,High,2,Yes
T011110,C013773,Cancellation,High,11,Yes
T011111,C030282,Billing,High,10,Yes
T011112,C023526,Feature,Low,6,No
T011113,C024011,Login,Low,5,Yes
T011114,C029120,Bug,High,3,No
T011115,C007243,Login,High,7,Yes
T011116,C000346,Login,High,4,No
T011117,C046568,Bug,High,6,Yes
T011118,C036513,Bug,Low,15,Yes
T011119,C037002,Bug,Low,14,No
T011120,C008184,Billing,Medium,15,No
T011121,C013778,Cancellation,High,7,Yes
T011122,C016129,Login,Low,9,No
T011123,C006025,Feature,Low,8,Yes
T011124,C020800,Cancellation,Medium,11,Yes
T011125,C019521,Bug,High,8,No
T011126,C029091,Feature,High,2,Yes
T011127,C047222,Login,Low,10,No
T011128,C020961,Feature,High,15,No
T011129,C029606,Bug,Medium,1,No
T011130,C035282,Feature,High,6,No
T011131,C031778,Feature,High,5,No
T011132,C024113,Cancellation,Low,11,Yes
T011133,C032085,Feature,Low,1,Yes
T011134,C017081,Feature,Medium,8,Yes
T011135,C006013,Bug,Low,3,Yes
T011136,C043760,Bug,Medium,0,No
T011137,C031339,Feature,Low,7,Yes
T011138,C042395,Billing,Medium,1,No
T011139,C002107,Login,High,9,Yes
T011140,C032396,Billing,Medium,7,No
T011141,C042529,Billing,High,14,No
T011142,C034572,Login,Low,6,Yes
T011143,C004527,Feature,Medium,4,No
T011144,C012511,Feature,Low,4,No
T011145,C030727,Feature,Low,6,Yes
T011146,C028341,Login,High,8,No
T011147,C035044,Feature,Medium,5,No
T011148,C009725,Bug,High,1,Yes
T011149,C037027,Billing,High,4,No
T011150,C049945,Feature,Low,11,No
T011151,C001973,Bug,High,4,No
T011152,C047324,Bug,Medium,2,No
T011153,C014439,Login,Low,2,Yes
T011154,C003785,Cancellation,High,8,No
T011155,C001555,Login,High,5,No
T011156,C008452,Login,Medium,9,No
T011157,C022289,Cancellation,Low,9,No
T011158,C007718,Login,High,13,Yes
T011159,C038636,Feature,Medium,11,No
T011160,C036174,Billing,High,1,Yes
T011161,C038541,Feature,Medium,1,Yes
T011162,C025280,Cancellation,Medium,0,No
T011163,C045158,Feature,Low,4,No
T011164,C046508,Login,High,2,Yes
T011165,C014260,Feature,High,15,No
T011166,C017762,Login,Medium,6,No
T011167,C045752,Billing,Low,12,Yes
T011168,C037379,Bug,Low,1,No
T011169,C031961,Feature,Medium,6,Yes
T011170,C013584,Cancellation,High,0,Yes
T011171,C016441,Feature,Low,5,Yes
T011172,C017257,Bug,Medium,11,No
T011173,C038359,Billing,High,11,No
T011174,C031613,Feature,High,6,Yes
T011175,C000821,Billing,High,15,Yes
T011176,C009630,Cancellation,Low,15,Yes
T011177,C024676,Login,Medium,12,No
T011178,C038820,Feature,Low,6,No
T011179,C017434,Bug,Low,8,No
T011180,C045626,Login,High,1,Yes
T011181,C016627,Login,Low,8,No
T011182,C020405,Bug,High,3,Yes
T011183,C023497,Billing,Medium,7,Yes
T011184,C006485,Feature,Low,10,No
T011185,C001600,Bug,High,5,No
T011186,C008309,Billing,Medium,14,Yes
T011187,C038308,Bug,High,1,No
T011188,C008180,Feature,High,12,Yes
T011189,C040322,Feature,Medium,11,No
T011190,C005049,Billing,Medium,12,No
T011191,C026381,Cancellation,Medium,4,No
T011192,C038493,Feature,Medium,0,No
T011193,C034373,Bug,Low,1,Yes
T011194,C037018,Bug,Medium,2,Yes
T011195,C036424,Bug,High,15,Yes
T011196,C015950,Feature,High,7,No
T011197,C041948,Bug,Medium,1,Yes
T011198,C028140,Billing,Medium,12,No
T011199,C027300,Login,High,10,Yes
T011200,C012908,Login,Medium,9,Yes
T011201,C014648,Bug,Medium,14,Yes
T011202,C000916,Bug,Low,7,No
T011203,C013606,Cancellation,Medium,13,Yes
T011204,C023293,Bug,Low,5,Yes
T011205,C044174,Login,Medium,6,No
T011206,C031007,Feature,Medium,4,No
T011207,C024965,Feature,Low,13,Yes
T011208,C037531,Login,Medium,1,No
T011209,C031797,Bug,High,15,No
T011210,C032017,Cancellation,Low,5,No
T011211,C031100,Cancellation,Low,12,No
T011212,C019307,Cancellation,Low,7,Yes
T011213,C023091,Feature,Medium,6,Yes
T011214,C037258,Cancellation,Low,9,No
T011215,C025132,Billing,Low,0,Yes
T011216,C020601,Billing,Low,5,No
T011217,C030850,Cancellation,Medium,5,No
T011218,C042864,Bug,Low,13,Yes
T011219,C005220,Cancellation,Low,3,Yes
T011220,C006056,Cancellation,High,13,No
T011221,C039742,Login,Low,2,Yes
T011222,C036380,Bug,High,3,No
T011223,C031389,Login,Medium,7,No
T011224,C033793,Bug,High,11,No
T011225,C020716,Cancellation,Low,12,No
T011226,C014288,Login,Medium,9,Yes
T011227,C009889,Bug,Medium,15,Yes
T011228,C036285,Cancellation,High,7,No
T011229,C034381,Billing,Low,1,No
T011230,C024378,Bug,Low,6,Yes
T011231,C034171,Login,High,11,No
T011232,C036308,Bug,Low,3,No
T011233,C028419,Billing,Low,3,No
T011234,C035964,Feature,High,2,Yes
T011235,C023396,Bug,Low,0,No
T011236,C033551,Billing,Low,11,Yes
T011237,C008683,Bug,Low,15,Yes
T011238,C006305,Login,Low,7,Yes
T011239,C039800,Bug,Low,13,No
T011240,C048728,Billing,Medium,14,Yes
T011241,C024395,Bug,Medium,7,No
T011242,C014450,Billing,Medium,4,Yes
T011243,C041895,Bug,Medium,6,Yes
T011244,C042625,Billing,High,2,No
T011245,C037367,Feature,Medium,15,No
T011246,C022603,Feature,High,10,Yes
T011247,C042764,Cancellation,High,13,No
T011248,C036241,Login,Medium,11,No
T011249,C023867,Bug,High,8,No
T011250,C038082,Feature,Medium,7,No
T011251,C043551,Feature,Low,12,No
T011252,C027890,Billing,Medium,8,No
T011253,C007419,Bug,High,2,No
T011254,C028241,Login,Medium,13,Yes
T011255,C008854,Bug,High,6,Yes
T011256,C009977,Bug,Medium,3,Yes
T011257,C038167,Login,Low,15,Yes
T011258,C035288,Bug,Medium,9,No
T011259,C012184,Cancellation,High,9,No
T011260,C030727,Billing,High,9,Yes
T011261,C045229,Cancellation,High,3,No
T011262,C017025,Bug,Medium,11,No
T011263,C041702,Login,High,6,No
T011264,C032763,Login,Low,11,No
T011265,C019257,Bug,High,5,Yes
T011266,C041703,Billing,Low,2,No
T011267,C027760,Billing,Low,7,Yes
T011268,C014138,Login,Low,7,Yes
T011269,C042718,Feature,High,9,No
T011270,C033558,Bug,Low,9,Yes
T011271,C023771,Bug,Medium,8,No
T011272,C004613,Billing,Low,0,No
T011273,C039225,Billing,Medium,5,No
T011274,C028828,Billing,Low,9,Yes
T011275,C009733,Billing,High,1,No
T011276,C042153,Feature,Low,1,No
T011277,C009853,Billing,Medium,11,No
T011278,C012778,Cancellation,Low,6,Yes
T011279,C028686,Feature,High,1,Yes
T011280,C031352,Billing,Medium,4,Yes
T011281,C046819,Login,High,0,No
T011282,C014547,Login,Low,9,Yes
T011283,C042319,Bug,High,15,Yes
T011284,C027259,Login,Low,7,No
T011285,C026505,Cancellation,High,9,No
T011286,C004876,Feature,High,11,No
T011287,C032662,Cancellation,Medium,4,Yes
T011288,C017858,Billing,High,6,No
T011289,C020984,Feature,High,13,Yes
T011290,C013630,Billing,High,0,No
T011291,C041651,Billing,Medium,6,Yes
T011292,C020223,Feature,Low,3,Yes
T011293,C046365,Billing,Low,13,No
T011294,C016213,Feature,Low,10,No
T011295,C008757,Cancellation,Low,13,No
T011296,C021706,Login,Low,1,No
T011297,C036804,Bug,High,7,No
T011298,C007094,Feature,High,8,Yes
T011299,C037762,Billing,Medium,14,Yes
T011300,C030212,Login,Medium,2,Yes
T011301,C045234,Bug,Medium,1,No
T011302,C013041,Cancellation,Medium,5,Yes
T011303,C020563,Bug,Low,4,Yes
T011304,C015486,Feature,High,2,No
T011305,C004983,Bug,High,7,Yes
T011306,C042119,Cancellation,Medium,4,Yes
T011307,C025369,Billing,Medium,8,Yes
T011308,C027538,Billing,Medium,3,Yes
T011309,C020155,Feature,Low,6,Yes
T011310,C019888,Feature,Medium,1,No
T011311,C045623,Billing,High,11,No
T011312,C014885,Bug,High,13,No
T011313,C007224,Cancellation,Low,11,Yes
T011314,C015507,Cancellation,Medium,3,No
T011315,C017372,Bug,Low,4,No
T011316,C008558,Feature,High,3,Yes
T011317,C025698,Login,High,8,Yes
T011318,C026209,Feature,Low,4,Yes
T011319,C001986,Login,Low,13,No
T011320,C037341,Feature,Low,13,Yes
T011321,C024484,Bug,High,15,No
T011322,C040003,Cancellation,Low,13,Yes
T011323,C003148,Cancellation,High,5,No
T011324,C034148,Billing,High,12,No
T011325,C024424,Bug,Medium,12,Yes
T011326,C048074,Login,High,3,Yes
T011327,C024635,Billing,High,2,Yes
T011328,C027296,Feature,Low,3,No
T011329,C047346,Login,High,8,Yes
T011330,C010859,Billing,High,11,Yes
T011331,C017098,Billing,Medium,10,No
T011332,C009429,Feature,Low,14,No
T011333,C008518,Login,Low,2,Yes
T011334,C012112,Login,High,14,No
T011335,C003975,Feature,High,2,Yes
T011336,C021687,Login,High,5,Yes
T011337,C029875,Login,Low,6,No
T011338,C035717,Billing,High,12,Yes
T011339,C034188,Billing,Low,15,No
T011340,C015199,Feature,High,8,No
T011341,C040950,Feature,Medium,14,Yes
T011342,C006936,Feature,Medium,12,Yes
T011343,C019032,Login,Low,11,Yes
T011344,C002487,Billing,Low,15,Yes
T011345,C004822,Cancellation,Low,10,No
T011346,C021608,Login,High,6,Yes
T011347,C025895,Login,High,11,No
T011348,C022223,Bug,High,3,No
T011349,C019588,Billing,Medium,2,No
T011350,C032338,Billing,Low,8,Yes
T011351,C020225,Cancellation,Medium,14,No
T011352,C038688,Cancellation,Medium,6,No
T011353,C005564,Login,High,5,Yes
T011354,C044776,Feature,Medium,11,No
T011355,C037021,Cancellation,Low,11,No
T011356,C040351,Feature,Low,6,No
T011357,C019114,Billing,Medium,3,No
T011358,C046006,Billing,Low,2,No
T011359,C044368,Cancellation,High,14,Yes
T011360,C043003,Feature,Medium,14,Yes
T011361,C011211,Billing,Medium,15,Yes
T011362,C030833,Feature,Medium,9,Yes
T011363,C007665,Feature,High,13,Yes
T011364,C034919,Feature,Medium,15,Yes
T011365,C012394,Billing,Medium,15,No
T011366,C037232,Login,High,2,Yes
T011367,C039516,Login,High,7,No
T011368,C028951,Login,High,3,Yes
T011369,C018778,Bug,High,13,Yes
T011370,C003988,Bug,Medium,3,No
T011371,C033299,Billing,High,11,No
T011372,C030084,Feature,Low,4,Yes
T011373,C039518,Login,Low,6,Yes
T011374,C026389,Cancellation,Low,1,Yes
T011375,C005814,Billing,Low,12,Yes
T011376,C030521,Cancellation,Low,13,Yes
T011377,C008635,Feature,High,15,Yes
T011378,C010900,Cancellation,High,1,Yes
T011379,C011165,Feature,Low,13,No
T011380,C006714,Feature,High,13,No
T011381,C045701,Login,High,6,No
T011382,C001738,Cancellation,High,5,Yes
T011383,C023973,Bug,Low,0,No
T011384,C000358,Login,High,9,Yes
T011385,C041976,Cancellation,High,4,Yes
T011386,C016629,Login,Medium,7,Yes
T011387,C022384,Bug,High,11,No
T011388,C030858,Login,Low,14,Yes
T011389,C029856,Bug,High,7,No
T011390,C038149,Bug,Medium,7,No
T011391,C017527,Billing,High,8,No
T011392,C048046,Cancellation,High,5,Yes
T011393,C021623,Cancellation,Medium,12,No
T011394,C013655,Bug,High,10,No
T011395,C047702,Feature,High,5,Yes
T011396,C026154,Feature,Medium,1,Yes
T011397,C001888,Cancellation,Medium,10,No
T011398,C018152,Login,High,15,No
T011399,C036705,Cancellation,Low,5,No
T011400,C014899,Feature,High,5,No
T011401,C011902,Cancellation,Medium,0,No
T011402,C030721,Billing,Low,1,Yes
T011403,C018479,Bug,Low,8,Yes
T011404,C000782,Login,Medium,4,Yes
T011405,C009959,Billing,Low,2,Yes
T011406,C029829,Cancellation,High,9,Yes
T011407,C013816,Feature,High,4,Yes
T011408,C038811,Login,Low,12,Yes
T011409,C013803,Feature,High,2,No
T011410,C048860,Feature,Low,4,Yes
T011411,C049087,Cancellation,Low,0,Yes
T011412,C035567,Login,High,2,Yes
T011413,C037459,Feature,Medium,5,No
T011414,C016868,Login,Low,4,Yes
T011415,C015935,Login,High,12,No
T011416,C000355,Cancellation,Low,6,Yes
T011417,C021259,Billing,Low,0,No
T011418,C043463,Login,High,0,No
T011419,C049696,Billing,High,0,No
T011420,C021261,Bug,Medium,3,No
T011421,C028459,Login,High,6,No
T011422,C005602,Login,High,7,No
T011423,C039246,Login,High,12,Yes
T011424,C032661,Bug,High,3,No
T011425,C039974,Login,Medium,9,No
T011426,C010098,Bug,Low,5,No
T011427,C003865,Bug,Low,8,No
T011428,C015301,Billing,Low,14,Yes
T011429,C032936,Login,High,12,No
T011430,C004847,Bug,High,1,Yes
T011431,C039839,Bug,Low,7,Yes
T011432,C003056,Bug,High,8,Yes
T011433,C038562,Feature,Medium,6,Yes
T011434,C024137,Cancellation,Medium,14,No
T011435,C017901,Login,Medium,11,No
T011436,C039669,Login,Medium,13,No
T011437,C026165,Cancellation,Medium,1,Yes
T011438,C043385,Login,Medium,14,No
T011439,C003272,Cancellation,Low,9,Yes
T011440,C026672,Cancellation,High,13,Yes
T011441,C046642,Billing,Low,9,Yes
T011442,C045736,Bug,High,11,No
T011443,C040484,Login,Low,14,No
T011444,C036626,Login,High,15,Yes
T011445,C001845,Login,High,15,No
T011446,C034479,Billing,High,8,Yes
T011447,C038369,Login,Low,5,No
T011448,C004289,Bug,Medium,3,Yes
T011449,C026947,Cancellation,High,13,Yes
T011450,C038418,Bug,Low,0,Yes
T011451,C036595,Login,Low,14,No
T011452,C017744,Bug,Medium,6,Yes
T011453,C009336,Login,Low,2,No
T011454,C042716,Feature,High,9,Yes
T011455,C039585,Login,Medium,6,No
T011456,C025729,Bug,Medium,4,No
T011457,C028449,Login,High,13,No
T011458,C011842,Cancellation,Low,5,Yes
T011459,C018001,Feature,Medium,2,Yes
T011460,C046942,Billing,Low,15,Yes
T011461,C011085,Bug,High,2,No
T011462,C005080,Bug,Low,9,No
T011463,C008380,Feature,High,12,Yes
T011464,C046649,Billing,Low,10,No
T011465,C019931,Bug,High,9,Yes
T011466,C047042,Login,Low,8,Yes
T011467,C032611,Bug,Low,14,No
T011468,C039473,Cancellation,High,15,No
T011469,C002141,Feature,Low,12,No
T011470,C035091,Cancellation,Medium,1,No
T011471,C044307,Login,Medium,13,No
T011472,C011263,Billing,Medium,7,No
T011473,C016450,Billing,Medium,9,Yes
T011474,C005310,Cancellation,High,14,Yes
T011475,C005488,Cancellation,Low,14,Yes
T011476,C017295,Cancellation,Medium,12,No
T011477,C007128,Feature,Low,5,Yes
T011478,C003530,Feature,High,0,Yes
T011479,C026320,Feature,High,0,No
T011480,C013262,Billing,Medium,12,No
T011481,C019783,Login,High,12,No
T011482,C000784,Feature,High,3,No
T011483,C001104,Cancellation,Medium,7,Yes
T011484,C005473,Cancellation,High,0,No
T011485,C012387,Login,High,12,No
T011486,C049686,Bug,Low,10,No
T011487,C048787,Cancellation,High,2,Yes
T011488,C043160,Cancellation,Medium,12,Yes
T011489,C032295,Login,Low,4,No
T011490,C047288,Feature,Low,3,Yes
T011491,C004825,Cancellation,High,8,Yes
T011492,C001530,Cancellation,Low,2,Yes
T011493,C043054,Feature,Medium,12,Yes
T011494,C009500,Login,Medium,9,Yes
T011495,C015868,Login,Low,11,No
T011496,C036322,Feature,Medium,3,No
T011497,C007812,Login,Low,11,No
T011498,C034136,Bug,Low,6,No
T011499,C031781,Feature,Low,12,No
T011500,C003500,Billing,High,12,Yes
T011501,C040999,Bug,Low,6,Yes
T011502,C047255,Billing,Low,2,No
T011503,C029108,Billing,High,4,Yes
T011504,C030429,Login,Low,13,No
T011505,C035258,Cancellation,High,11,Yes
T011506,C040226,Bug,Low,6,Yes
T011507,C022450,Feature,Medium,12,No
T011508,C007857,Login,High,10,No
T011509,C045578,Feature,Medium,8,Yes
T011510,C006429,Cancellation,Medium,13,Yes
T011511,C044479,Cancellation,Medium,9,Yes
T011512,C005622,Bug,Medium,3,Yes
T011513,C008426,Login,Medium,6,Yes
T011514,C038529,Billing,High,11,Yes
T011515,C026581,Billing,Low,0,Yes
T011516,C003941,Login,Medium,12,Yes
T011517,C003284,Billing,High,10,No
T011518,C032196,Feature,Medium,5,Yes
T011519,C042700,Cancellation,High,5,Yes
T011520,C048853,Login,Medium,3,No
T011521,C048220,Cancellation,Low,14,Yes
T011522,C020419,Feature,High,11,No
T011523,C027802,Login,Medium,7,Yes
T011524,C036627,Billing,Low,2,No
T011525,C008286,Bug,High,6,Yes
T011526,C033714,Bug,Low,0,No
T011527,C038201,Feature,Low,12,No
T011528,C042873,Cancellation,Low,14,Yes
T011529,C021633,Billing,Low,0,No
T011530,C046913,Billing,Low,12,Yes
T011531,C038524,Login,Medium,6,No
T011532,C034620,Bug,Medium,15,Yes
T011533,C045629,Feature,Low,2,No
T011534,C018197,Login,Medium,12,Yes
T011535,C030336,Bug,Low,1,No
T011536,C036087,Billing,Medium,7,No
T011537,C032913,Feature,Low,9,Yes
T011538,C032166,Bug,Low,5,No
T011539,C046106,Cancellation,High,9,Yes
T011540,C010747,Login,Low,10,Yes
T011541,C000088,Cancellation,High,15,No
T011542,C026758,Cancellation,Low,11,Yes
T011543,C035534,Billing,Low,7,Yes
T011544,C039825,Cancellation,Low,15,No
T011545,C029444,Cancellation,Medium,10,Yes
T011546,C005490,Feature,Medium,1,Yes
T011547,C033630,Bug,High,11,No
T011548,C010431,Bug,Low,0,Yes
T011549,C046738,Cancellation,High,0,No
T011550,C025047,Login,Medium,5,No
T011551,C022444,Bug,Low,0,No
T011552,C007815,Feature,Medium,7,Yes
T011553,C030985,Billing,Medium,1,Yes
T011554,C006152,Bug,Medium,5,Yes
T011555,C025007,Feature,Low,8,Yes
T011556,C013336,Cancellation,High,6,No
T011557,C029575,Feature,Low,6,Yes
T011558,C017527,Login,Medium,4,Yes
T011559,C025453,Billing,Medium,5,Yes
T011560,C029815,Feature,Medium,9,No
T011561,C009203,Bug,High,5,No
T011562,C028584,Billing,Low,7,Yes
T011563,C012595,Billing,High,11,No
T011564,C018380,Login,Low,7,Yes
T011565,C008802,Billing,Low,5,Yes
T011566,C048440,Login,Medium,9,No
T011567,C022839,Bug,High,11,Yes
T011568,C014188,Cancellation,High,12,Yes
T011569,C015386,Cancellation,Low,2,Yes
T011570,C026871,Billing,Low,3,Yes
T011571,C018267,Login,Low,6,No
T011572,C003693,Billing,Low,9,No
T011573,C017549,Bug,High,0,No
T011574,C005196,Cancellation,Low,6,Yes
T011575,C048249,Bug,High,6,No
T011576,C042195,Login,Low,4,Yes
T011577,C014800,Billing,Medium,13,Yes
T011578,C029659,Login,Medium,15,No
T011579,C034099,Bug,High,10,No
T011580,C008280,Feature,High,4,Yes
T011581,C030370,Cancellation,Low,1,No
T011582,C015680,Cancellation,High,8,Yes
T011583,C008512,Cancellation,High,6,No
T011584,C024560,Bug,Medium,1,Yes
T011585,C022124,Bug,Medium,10,No
T011586,C004922,Login,Medium,15,Yes
T011587,C007511,Feature,Medium,11,No
T011588,C006791,Bug,Medium,5,No
T011589,C009846,Bug,High,4,No
T011590,C020919,Bug,Medium,1,Yes
T011591,C021198,Cancellation,Low,8,No
T011592,C046024,Login,Medium,6,No
T011593,C035663,Feature,Medium,12,No
T011594,C031863,Login,Low,6,Yes
T011595,C013881,Feature,Medium,10,Yes
T011596,C013719,Feature,Low,5,No
T011597,C043535,Cancellation,Low,3,Yes
T011598,C046809,Feature,Medium,11,No
T011599,C021331,Feature,Low,6,No
T011600,C024066,Login,Low,9,No
T011601,C010401,Billing,Low,14,No
T011602,C003623,Billing,High,5,No
T011603,C024942,Feature,High,4,No
T011604,C040305,Feature,Low,3,No
T011605,C005976,Billing,Low,0,No
T011606,C012635,Billing,Medium,9,No
T011607,C040912,Feature,Low,9,Yes
T011608,C038525,Feature,Low,0,Yes
T011609,C009585,Login,Low,11,Yes
T011610,C020477,Cancellation,Medium,10,No
T011611,C025437,Bug,Low,9,Yes
T011612,C045943,Billing,High,6,Yes
T011613,C018075,Billing,Low,3,No
T011614,C030878,Login,Low,1,No
T011615,C014635,Bug,Low,3,Yes
T011616,C007085,Feature,Medium,11,Yes
T011617,C005957,Bug,Medium,1,No
T011618,C048784,Bug,High,12,No
T011619,C025329,Bug,Low,1,Yes
T011620,C011761,Login,High,12,Yes
T011621,C021088,Login,Medium,9,Yes
T011622,C006856,Bug,Low,6,No
T011623,C046406,Cancellation,High,0,Yes
T011624,C030595,Bug,Medium,15,Yes
T011625,C028579,Login,Medium,1,No
T011626,C001675,Bug,Medium,5,No
T011627,C003276,Feature,Medium,4,No
T011628,C034548,Bug,High,13,No
T011629,C023609,Bug,High,14,Yes
T011630,C022032,Feature,Low,15,No
T011631,C044028,Feature,Medium,3,Yes
T011632,C046275,Billing,Medium,2,Yes
T011633,C039583,Bug,High,6,No
T011634,C007282,Login,Medium,2,No
T011635,C023601,Login,Low,7,No
T011636,C036705,Billing,High,10,Yes
T011637,C003430,Login,Low,3,No
T011638,C008040,Feature,Medium,11,No
T011639,C039951,Login,High,6,Yes
T011640,C005433,Billing,High,14,No
T011641,C045089,Feature,Low,10,No
T011642,C007728,Cancellation,High,12,No
T011643,C005429,Cancellation,High,9,Yes
T011644,C029470,Bug,Medium,1,No
T011645,C033568,Feature,High,5,No
T011646,C012432,Bug,Medium,1,No
T011647,C046252,Cancellation,Low,6,No
T011648,C037119,Bug,High,14,No
T011649,C034474,Bug,Medium,4,No
T011650,C011011,Bug,Medium,12,No
T011651,C023455,Billing,Medium,4,No
T011652,C027051,Billing,Medium,10,No
T011653,C001284,Bug,High,13,No
T011654,C042002,Login,Medium,14,No
T011655,C010200,Feature,Low,9,Yes
T011656,C038281,Login,Low,2,No
T011657,C042793,Cancellation,High,14,Yes
T011658,C001612,Bug,Low,7,No
T011659,C030259,Cancellation,High,8,Yes
T011660,C019983,Feature,Low,0,No
T011661,C013737,Billing,Low,2,No
T011662,C003857,Cancellation,Medium,7,No
T011663,C029266,Billing,High,10,No
T011664,C045225,Billing,Medium,7,Yes
T011665,C023939,Cancellation,Medium,0,No
T011666,C014138,Billing,Medium,14,No
T011667,C025409,Bug,High,7,No
T011668,C023006,Cancellation,High,15,Yes
T011669,C019777,Cancellation,High,9,Yes
T011670,C006073,Feature,Medium,14,No
T011671,C007160,Cancellation,High,6,No
T011672,C001493,Login,Medium,2,Yes
T011673,C038504,Billing,Low,8,Yes
T011674,C014223,Bug,Medium,11,No
T011675,C040399,Billing,High,12,Yes
T011676,C023238,Billing,High,4,No
T011677,C009997,Cancellation,Low,9,Yes
T011678,C022430,Bug,Low,0,Yes
T011679,C011535,Billing,Medium,13,Yes
T011680,C023066,Cancellation,Medium,2,No
T011681,C032287,Bug,Medium,0,No
T011682,C001181,Billing,High,1,Yes
T011683,C016796,Billing,High,1,No
T011684,C035606,Billing,Medium,15,Yes
T011685,C043459,Feature,Low,15,Yes
T011686,C024575,Login,High,10,Yes
T011687,C041458,Bug,Low,15,No
T011688,C028806,Login,Low,2,Yes
T011689,C049538,Cancellation,Medium,14,Yes
T011690,C033070,Login,Low,8,No
T011691,C007785,Feature,Medium,14,No
T011692,C038786,Cancellation,Medium,7,Yes
T011693,C047214,Login,High,14,No
T011694,C008607,Billing,Medium,10,Yes
T011695,C038321,Login,Medium,7,Yes
T011696,C044637,Bug,High,10,No
T011697,C033095,Feature,Medium,8,Yes
T011698,C003198,Cancellation,Medium,4,Yes
T011699,C005734,Feature,Low,3,Yes
T011700,C005386,Cancellation,Medium,11,Yes
T011701,C028388,Login,High,2,No
T011702,C002290,Login,High,4,Yes
T011703,C014790,Cancellation,Medium,11,Yes
T011704,C029454,Cancellation,Low,7,No
T011705,C004410,Cancellation,Medium,12,Yes
T011706,C038628,Login,Low,13,Yes
T011707,C014601,Feature,Low,5,Yes
T011708,C042091,Bug,Low,10,No
T011709,C023231,Login,High,3,No
T011710,C000663,Feature,Low,11,Yes
T011711,C046443,Bug,Low,13,No
T011712,C030543,Feature,Low,1,No
T011713,C030431,Login,High,0,Yes
T011714,C038013,Billing,High,12,Yes
T011715,C040385,Cancellation,High,9,No
T011716,C029818,Cancellation,Medium,8,Yes
T011717,C017603,Bug,Medium,2,No
T011718,C041147,Feature,Medium,5,Yes
T011719,C022042,Bug,Medium,14,Yes
T011720,C041716,Feature,High,3,Yes
T011721,C010594,Feature,Medium,0,Yes
T011722,C016792,Billing,High,14,Yes
T011723,C007951,Feature,Medium,2,Yes
T011724,C036379,Feature,High,7,No
T011725,C045925,Login,Low,8,No
T011726,C002529,Cancellation,Medium,7,No
T011727,C019818,Login,Low,7,Yes
T011728,C011651,Feature,Medium,13,No
T011729,C015696,Billing,High,15,No
T011730,C028361,Feature,High,5,No
T011731,C041310,Feature,High,11,Yes
T011732,C047547,Cancellation,High,15,Yes
T011733,C038132,Cancellation,High,15,No
T011734,C007403,Billing,High,7,Yes
T011735,C049065,Billing,High,3,No
T011736,C003187,Login,High,9,No
T011737,C011360,Bug,Medium,14,Yes
T011738,C011177,Feature,Low,6,Yes
T011739,C001951,Cancellation,Low,0,No
T011740,C003081,Bug,High,10,No
T011741,C017450,Feature,Medium,15,No
T011742,C008433,Bug,High,4,Yes
T011743,C020285,Bug,Medium,12,Yes
T011744,C018248,Feature,Medium,6,Yes
T011745,C003771,Bug,High,6,Yes
T011746,C017013,Cancellation,Low,15,No
T011747,C000643,Bug,High,10,No
T011748,C040295,Feature,Low,14,Yes
T011749,C039392,Login,Medium,13,No
T011750,C011504,Cancellation,Low,12,No
T011751,C008008,Feature,Low,1,No
T011752,C032503,Cancellation,Low,15,Yes
T011753,C003190,Feature,High,5,No
T011754,C036189,Feature,High,12,No
T011755,C020991,Login,High,11,No
T011756,C024991,Bug,Medium,3,Yes
T011757,C033436,Bug,Medium,15,No
T011758,C017570,Login,High,1,No
T011759,C005066,Feature,Low,11,No
T011760,C021141,Cancellation,Low,14,Yes
T011761,C037316,Bug,Low,13,No
T011762,C038426,Billing,High,0,Yes
T011763,C013497,Billing,Low,15,Yes
T011764,C027935,Bug,High,0,No
T011765,C046114,Billing,Medium,11,No
T011766,C009468,Feature,High,4,No
T011767,C014930,Login,Medium,11,No
T011768,C034381,Bug,High,14,No
T011769,C019922,Bug,High,0,No
T011770,C028518,Feature,High,11,No
T011771,C024371,Login,High,4,Yes
T011772,C039094,Bug,High,9,Yes
T011773,C010439,Feature,Low,8,Yes
T011774,C045105,Feature,Low,15,No
T011775,C038134,Cancellation,Medium,5,No
T011776,C000759,Bug,Medium,10,No
T011777,C024224,Cancellation,High,14,Yes
T011778,C003726,Feature,High,6,Yes
T011779,C028358,Feature,Low,15,No
T011780,C004122,Feature,High,2,Yes
T011781,C047464,Feature,Low,14,No
T011782,C017153,Login,Low,14,Yes
T011783,C008362,Feature,Medium,0,No
T011784,C005505,Login,High,15,Yes
T011785,C040204,Login,Medium,13,Yes
T011786,C015909,Billing,Low,3,Yes
T011787,C048583,Bug,Low,7,Yes
T011788,C037714,Login,Low,8,Yes
T011789,C009984,Cancellation,Low,13,Yes
T011790,C026240,Billing,Medium,0,Yes
T011791,C008257,Bug,High,4,Yes
T011792,C041924,Bug,High,0,Yes
T011793,C012099,Login,Medium,13,No
T011794,C036264,Bug,Medium,13,Yes
T011795,C023648,Login,Medium,8,No
T011796,C042680,Billing,Low,0,Yes
T011797,C002677,Billing,Low,11,Yes
T011798,C007350,Cancellation,Medium,6,No
T011799,C012083,Billing,High,13,No
T011800,C013527,Billing,High,2,Yes
T011801,C032372,Login,High,1,No
T011802,C025596,Billing,Medium,11,No
T011803,C047569,Bug,Medium,5,No
T011804,C021676,Cancellation,High,15,No
T011805,C040903,Billing,High,13,No
T011806,C038842,Bug,Medium,7,No
T011807,C014680,Cancellation,High,8,Yes
T011808,C020438,Feature,High,1,Yes
T011809,C001851,Cancellation,Medium,1,No
T011810,C002618,Cancellation,Low,10,Yes
T011811,C045017,Feature,Low,6,No
T011812,C044009,Bug,Low,7,No
T011813,C003216,Billing,High,12,No
T011814,C043358,Bug,Low,15,Yes
T011815,C004657,Billing,Low,2,Yes
T011816,C027005,Login,High,7,No
T011817,C003259,Login,High,15,Yes
T011818,C021516,Cancellation,High,1,Yes
T011819,C034592,Login,Low,8,Yes
T011820,C032537,Bug,Medium,2,Yes
T011821,C029759,Feature,Low,7,No
T011822,C041277,Bug,Low,5,Yes
T011823,C043261,Feature,Low,9,No
T011824,C044979,Billing,Low,8,No
T011825,C018069,Bug,High,12,No
T011826,C049878,Bug,Low,13,Yes
T011827,C015839,Feature,Low,8,No
T011828,C028678,Billing,Low,12,Yes
T011829,C040913,Cancellation,High,10,No
T011830,C014428,Cancellation,Medium,7,No
T011831,C035512,Cancellation,Low,1,No
T011832,C009757,Login,High,6,Yes
T011833,C008539,Feature,Low,8,No
T011834,C045373,Bug,Low,8,Yes
T011835,C009966,Feature,Medium,5,Yes
T011836,C006355,Cancellation,Low,5,No
T011837,C044132,Billing,Low,1,No
T011838,C001891,Cancellation,High,12,No
T011839,C046239,Feature,High,6,Yes
T011840,C023581,Login,Medium,9,Yes
T011841,C049399,Billing,Low,1,No
T011842,C038086,Billing,Low,10,Yes
T011843,C001006,Bug,Low,0,Yes
T011844,C048445,Bug,Medium,2,No
T011845,C003979,Cancellation,Low,10,No
T011846,C029831,Login,Medium,15,No
T011847,C008121,Bug,High,11,Yes
T011848,C028574,Login,Medium,1,No
T011849,C008942,Cancellation,Low,11,No
T011850,C004129,Feature,Low,2,Yes
T011851,C040298,Cancellation,Low,1,No
T011852,C034833,Billing,Low,0,Yes
T011853,C019805,Login,Medium,12,No
T011854,C003049,Billing,Low,1,No
T011855,C011373,Cancellation,High,10,Yes
T011856,C012915,Feature,High,14,No
T011857,C045926,Login,Medium,15,No
T011858,C015675,Feature,High,10,Yes
T011859,C013931,Cancellation,High,1,No
T011860,C049551,Bug,Medium,7,Yes
T011861,C023405,Login,Medium,11,No
T011862,C008304,Login,Low,11,No
T011863,C041576,Cancellation,Low,8,Yes
T011864,C024569,Feature,Low,7,No
T011865,C017927,Bug,High,0,No
T011866,C025402,Billing,Low,10,Yes
T011867,C033752,Feature,Medium,4,No
T011868,C040079,Billing,Low,9,Yes
T011869,C034139,Billing,Medium,1,Yes
T011870,C007828,Bug,High,6,No
T011871,C020182,Bug,High,0,No
T011872,C025146,Feature,High,9,Yes
T011873,C025837,Billing,High,14,Yes
T011874,C038731,Feature,Medium,15,Yes
T011875,C049776,Billing,Low,12,Yes
T011876,C044903,Login,High,13,Yes
T011877,C018031,Cancellation,Medium,12,Yes
T011878,C027232,Cancellation,Medium,4,Yes
T011879,C023813,Bug,Medium,1,Yes
T011880,C002409,Bug,High,2,Yes
T011881,C035070,Billing,Low,0,No
T011882,C003057,Feature,Low,13,No
T011883,C049772,Cancellation,Low,12,Yes
T011884,C030611,Bug,Low,15,No
T011885,C008540,Bug,Medium,4,Yes
T011886,C024036,Billing,High,9,Yes
T011887,C026004,Billing,Low,13,No
T011888,C044940,Feature,Medium,4,No
T011889,C045284,Login,Low,9,Yes
T011890,C006220,Login,Low,4,Yes
T011891,C034852,Cancellation,Medium,13,Yes
T011892,C021669,Cancellation,Low,2,Yes
T011893,C012427,Login,Medium,10,Yes
T011894,C037689,Bug,Medium,1,Yes
T011895,C010229,Bug,Low,13,No
T011896,C039593,Billing,High,0,Yes
T011897,C015330,Cancellation,Low,13,No
T011898,C005962,Billing,Low,10,Yes
T011899,C025565,Login,Low,11,No
T011900,C006929,Feature,Low,3,Yes
T011901,C004709,Bug,Medium,3,No
T011902,C030701,Login,High,5,Yes
T011903,C018771,Feature,Low,0,No
T011904,C008539,Bug,Medium,15,Yes
T011905,C001345,Feature,High,1,Yes
T011906,C011608,Cancellation,Medium,13,No
T011907,C002666,Billing,Medium,6,No
T011908,C027815,Bug,High,1,No
T011909,C047952,Feature,High,5,Yes
T011910,C012911,Login,Low,15,No
T011911,C015252,Feature,Medium,15,No
T011912,C032621,Cancellation,Low,14,Yes
T011913,C003242,Login,High,13,Yes
T011914,C009019,Cancellation,Low,13,Yes
T011915,C042569,Cancellation,Medium,3,No
T011916,C031724,Login,Low,8,Yes
T011917,C039961,Bug,Medium,0,No
T011918,C041346,Billing,High,12,Yes
T011919,C048084,Bug,Low,1,Yes
T011920,C032544,Bug,High,7,No
T011921,C032070,Billing,Medium,8,Yes
T011922,C013627,Login,High,5,No
T011923,C043429,Cancellation,Low,2,No
T011924,C036147,Billing,Low,9,No
T011925,C045532,Billing,Low,10,Yes
T011926,C013220,Bug,Medium,10,Yes
T011927,C003971,Billing,Medium,13,Yes
T011928,C026951,Bug,Low,4,No
T011929,C016656,Billing,High,5,No
T011930,C022060,Login,High,1,Yes
T011931,C041086,Bug,Low,9,Yes
T011932,C003318,Bug,Medium,8,No
T011933,C018389,Bug,Low,5,No
T011934,C019710,Login,Low,15,No
T011935,C020185,Feature,Medium,5,No
T011936,C021671,Billing,Medium,10,No
T011937,C048598,Cancellation,High,15,Yes
T011938,C029875,Billing,Medium,13,Yes
T011939,C020626,Cancellation,Low,8,Yes
T011940,C014327,Feature,Medium,5,No
T011941,C024177,Billing,Low,6,Yes
T011942,C030267,Cancellation,High,12,Yes
T011943,C047839,Bug,Medium,11,No
T011944,C010803,Login,Low,2,No
T011945,C024062,Billing,High,2,No
T011946,C025114,Bug,Low,0,Yes
T011947,C002340,Cancellation,Low,0,Yes
T011948,C015388,Bug,High,13,No
T011949,C039463,Cancellation,Low,8,Yes
T011950,C017518,Feature,Low,9,Yes
T011951,C040335,Cancellation,High,4,No
T011952,C049569,Cancellation,Low,4,No
T011953,C048806,Login,Low,5,No
T011954,C002212,Cancellation,Low,15,Yes
T011955,C019103,Login,Low,2,Yes
T011956,C035254,Feature,High,1,Yes
T011957,C049595,Bug,Low,0,Yes
T011958,C030971,Feature,Low,0,No
T011959,C041975,Billing,Medium,2,Yes
T011960,C003724,Login,High,4,Yes
T011961,C022385,Bug,Low,13,No
T011962,C047756,Login,Medium,4,No
T011963,C001513,Feature,Low,9,Yes
T011964,C015312,Bug,Low,5,Yes
T011965,C003693,Login,Medium,15,Yes
T011966,C039500,Billing,High,14,No
T011967,C019054,Login,Medium,1,Yes
T011968,C045586,Billing,Low,3,Yes
T011969,C028546,Billing,Low,12,No
T011970,C008355,Bug,Medium,6,No
T011971,C026815,Feature,Medium,14,Yes
T011972,C029085,Feature,Medium,10,No
T011973,C004771,Login,Low,14,No
T011974,C035989,Bug,High,0,No
T011975,C011702,Login,Medium,14,Yes
T011976,C037304,Login,High,9,Yes
T011977,C011726,Login,Low,14,No
T011978,C012156,Cancellation,High,13,Yes
T011979,C029824,Cancellation,Low,13,Yes
T011980,C028347,Feature,High,11,No
T011981,C009921,Login,Low,3,Yes
T011982,C042617,Billing,High,14,No
T011983,C030606,Billing,Low,6,No
T011984,C029036,Bug,Medium,9,No
T011985,C028524,Bug,Low,7,No
T011986,C028248,Bug,Medium,6,Yes
T011987,C025726,Bug,Medium,0,Yes
T011988,C039742,Login,Low,6,No
T011989,C022520,Login,High,6,Yes
T011990,C004965,Billing,Low,11,Yes
T011991,C044145,Billing,Low,7,No
T011992,C027968,Billing,Low,11,No
T011993,C025216,Bug,High,2,Yes
T011994,C018079,Feature,Low,9,No
T011995,C048121,Billing,High,10,Yes
T011996,C038823,Cancellation,Medium,6,Yes
T011997,C024534,Bug,Low,0,Yes
T011998,C039171,Feature,High,9,Yes
T011999,C032354,Cancellation,Medium,10,No
T012000,C034290,Feature,High,7,Yes
T012001,C003398,Billing,Medium,6,Yes
T012002,C038726,Feature,Low,7,No
T012003,C026148,Feature,Low,8,No
T012004,C043854,Cancellation,High,2,Yes
T012005,C037762,Cancellation,Low,15,No
T012006,C044146,Bug,Low,0,No
T012007,C018294,Login,Medium,5,No
T012008,C032002,Feature,Medium,5,Yes
T012009,C018581,Feature,Medium,14,Yes
T012010,C048111,Cancellation,Medium,8,No
T012011,C018537,Login,Low,13,No
T012012,C047281,Bug,High,14,No
T012013,C048854,Cancellation,High,4,No
T012014,C001375,Feature,High,11,No
T012015,C011726,Login,Medium,10,No
T012016,C026647,Bug,High,7,No
T012017,C049488,Bug,Medium,7,Yes
T012018,C018934,Bug,Low,5,No
T012019,C000407,Feature,High,4,Yes
T012020,C045919,Bug,High,9,Yes
T012021,C001739,Login,Medium,2,Yes
T012022,C014887,Cancellation,Medium,4,Yes
T012023,C014423,Cancellation,Medium,15,No
T012024,C031080,Bug,Medium,6,Yes
T012025,C033781,Bug,Low,10,Yes
T012026,C005006,Cancellation,Low,9,No
T012027,C025460,Feature,High,0,Yes
T012028,C038611,Billing,High,11,Yes
T012029,C017880,Billing,High,12,Yes
T012030,C026806,Cancellation,High,14,Yes
T012031,C022019,Feature,Low,10,Yes
T012032,C048248,Cancellation,High,1,No
T012033,C015292,Feature,High,0,No
T012034,C032162,Login,Medium,2,Yes
T012035,C046319,Login,Medium,6,No
T012036,C014117,Feature,Medium,12,No
T012037,C021209,Cancellation,High,4,No
T012038,C004795,Feature,Medium,9,No
T012039,C020261,Billing,High,8,Yes
T012040,C021712,Feature,Low,9,No
T012041,C044835,Bug,Low,1,No
T012042,C041939,Cancellation,Low,4,No
T012043,C037865,Login,Medium,2,Yes
T012044,C013058,Cancellation,Medium,2,Yes
T012045,C006452,Cancellation,High,2,No
T012046,C009179,Bug,High,8,No
T012047,C001097,Billing,High,6,No
T012048,C000519,Feature,High,8,Yes
T012049,C031722,Login,Medium,12,Yes
T012050,C006785,Login,High,8,Yes
T012051,C011998,Billing,High,8,No
T012052,C011505,Feature,Medium,9,Yes
T012053,C009066,Bug,Medium,8,Yes
T012054,C020085,Billing,High,13,Yes
T012055,C028723,Feature,High,8,No
T012056,C028448,Login,High,4,Yes
T012057,C019596,Login,High,15,No
T012058,C007660,Login,Low,6,Yes
T012059,C048031,Bug,High,15,No
T012060,C047106,Login,Medium,15,Yes
T012061,C027104,Cancellation,High,11,Yes
T012062,C010820,Billing,Medium,2,Yes
T012063,C042687,Billing,Medium,14,Yes
T012064,C017067,Cancellation,Medium,8,Yes
T012065,C044616,Login,High,14,No
T012066,C023478,Cancellation,Medium,14,Yes
T012067,C038218,Feature,High,8,No
T012068,C021378,Feature,Low,8,No
T012069,C020196,Bug,High,2,Yes
T012070,C000106,Billing,Medium,2,Yes
T012071,C024112,Login,Medium,11,No
T012072,C018796,Bug,Low,1,No
T012073,C011438,Billing,High,15,Yes
T012074,C002026,Bug,Low,11,No
T012075,C033140,Login,High,7,No
T012076,C009346,Billing,Low,2,Yes
T012077,C017672,Cancellation,High,1,Yes
T012078,C016441,Feature,Medium,0,Yes
T012079,C012430,Login,Medium,0,Yes
T012080,C019155,Bug,Low,5,Yes
T012081,C007165,Feature,Low,9,Yes
T012082,C021688,Feature,Medium,11,Yes
T012083,C020041,Bug,Medium,14,No
T012084,C009838,Cancellation,High,11,No
T012085,C036054,Login,High,3,Yes
T012086,C048399,Bug,High,8,Yes
T012087,C007421,Cancellation,High,7,Yes
T012088,C018258,Cancellation,High,4,Yes
T012089,C014301,Cancellation,High,4,Yes
T012090,C002116,Bug,Low,14,No
T012091,C005923,Cancellation,Medium,8,No
T012092,C028718,Feature,Low,7,Yes
T012093,C002154,Login,Medium,10,Yes
T012094,C040834,Feature,Low,12,No
T012095,C021722,Bug,Medium,14,Yes
T012096,C043391,Feature,High,10,Yes
T012097,C015608,Billing,Low,9,No
T012098,C046580,Billing,Medium,9,Yes
T012099,C022217,Login,Medium,3,Yes
T012100,C010017,Billing,Low,12,Yes
T012101,C024778,Bug,High,1,No
T012102,C012329,Billing,High,3,No
T012103,C028110,Login,Low,6,Yes
T012104,C042840,Cancellation,High,8,No
T012105,C030116,Cancellation,Medium,9,No
T012106,C013867,Billing,Low,9,No
T012107,C026493,Cancellation,Medium,12,Yes
T012108,C032267,Feature,Medium,12,Yes
T012109,C032727,Billing,Medium,9,Yes
T012110,C032803,Login,High,14,No
T012111,C047378,Billing,Medium,7,No
T012112,C008442,Billing,Medium,10,Yes
T012113,C039880,Login,High,12,No
T012114,C025881,Feature,Low,14,No
T012115,C008368,Login,Low,14,No
T012116,C017159,Cancellation,Medium,11,No
T012117,C021036,Bug,Low,15,No
T012118,C035675,Feature,Medium,0,Yes
T012119,C032395,Login,High,5,Yes
T012120,C010968,Cancellation,Medium,1,No
T012121,C046664,Cancellation,High,8,Yes
T012122,C009539,Cancellation,Low,1,No
T012123,C018688,Bug,Medium,11,Yes
T012124,C020338,Bug,Medium,5,Yes
T012125,C046221,Billing,High,15,Yes
T012126,C013735,Bug,Low,9,No
T012127,C019324,Feature,Low,4,Yes
T012128,C002859,Cancellation,Low,5,Yes
T012129,C002211,Billing,Medium,0,No
T012130,C023321,Billing,High,7,No
T012131,C041829,Billing,Medium,6,Yes
T012132,C029647,Cancellation,High,3,Yes
T012133,C019267,Feature,High,1,Yes
T012134,C012864,Feature,High,15,No
T012135,C019341,Login,High,9,No
T012136,C048527,Billing,High,0,No
T012137,C011161,Bug,Medium,6,Yes
T012138,C032124,Billing,High,3,No
T012139,C046014,Billing,Low,2,No
T012140,C006136,Billing,Low,0,Yes
T012141,C047698,Billing,High,7,No
T012142,C008779,Feature,Medium,13,Yes
T012143,C025001,Feature,High,8,Yes
T012144,C048950,Feature,Low,8,Yes
T012145,C018413,Bug,Medium,1,No
T012146,C036276,Bug,Medium,4,Yes
T012147,C032963,Bug,Low,9,No
T012148,C020149,Login,Low,11,No
T012149,C008604,Feature,High,13,Yes
T012150,C024877,Cancellation,High,1,Yes
T012151,C022011,Feature,High,2,Yes
T012152,C005189,Cancellation,Low,12,Yes
T012153,C038212,Feature,Medium,12,Yes
T012154,C020427,Bug,Medium,0,Yes
T012155,C019806,Bug,Medium,9,Yes
T012156,C047000,Cancellation,High,1,No
T012157,C011968,Feature,Medium,1,No
T012158,C048221,Login,Medium,10,No
T012159,C013449,Bug,Low,15,Yes
T012160,C007742,Login,Medium,5,Yes
T012161,C027043,Bug,Low,11,Yes
T012162,C004184,Bug,Medium,11,No
T012163,C008688,Feature,Medium,4,Yes
T012164,C010249,Bug,Medium,11,No
T012165,C046664,Login,High,1,No
T012166,C045062,Billing,Low,10,No
T012167,C005714,Login,High,12,No
T012168,C039576,Bug,High,6,No
T012169,C040333,Billing,Low,5,No
T012170,C002684,Cancellation,Low,12,Yes
T012171,C019119,Cancellation,Medium,7,No
T012172,C026116,Bug,High,9,Yes
T012173,C025970,Cancellation,Low,0,Yes
T012174,C004521,Billing,High,3,Yes
T012175,C047389,Cancellation,Medium,8,Yes
T012176,C029326,Cancellation,High,9,No
T012177,C023607,Bug,Medium,5,Yes
T012178,C025679,Cancellation,High,4,No
T012179,C019048,Billing,High,6,Yes
T012180,C046309,Bug,High,3,Yes
T012181,C026874,Billing,Medium,14,No
T012182,C046737,Cancellation,High,9,Yes
T012183,C035513,Bug,Low,5,No
T012184,C029194,Billing,High,1,No
T012185,C041444,Billing,Medium,14,No
T012186,C017030,Billing,Medium,1,No
T012187,C042336,Feature,High,5,Yes
T012188,C027947,Billing,Medium,11,Yes
T012189,C014784,Login,Low,10,Yes
T012190,C023763,Feature,Medium,6,No
T012191,C041791,Billing,Medium,1,No
T012192,C009537,Feature,Low,0,No
T012193,C025951,Bug,Low,6,No
T012194,C001681,Login,High,9,No
T012195,C020381,Feature,High,15,No
T012196,C035906,Bug,Medium,14,Yes
T012197,C047749,Login,High,11,No
T012198,C048879,Bug,Medium,7,No
T012199,C037801,Bug,Medium,0,Yes
T012200,C019776,Bug,Low,7,Yes
T012201,C024654,Cancellation,High,10,Yes
T012202,C026025,Feature,High,14,No
T012203,C032029,Login,Medium,10,No
T012204,C042457,Bug,Medium,7,Yes
T012205,C002782,Feature,High,4,Yes
T012206,C004840,Feature,Medium,9,Yes
T012207,C039579,Billing,High,7,No
T012208,C025363,Bug,Medium,10,Yes
T012209,C030884,Cancellation,Low,1,No
T012210,C021506,Cancellation,High,2,Yes
T012211,C017253,Cancellation,Low,7,No
T012212,C040075,Cancellation,High,12,Yes
T012213,C048652,Cancellation,Low,14,Yes
T012214,C041857,Bug,High,6,Yes
T012215,C025188,Login,Medium,12,Yes
T012216,C020601,Cancellation,Medium,7,Yes
T012217,C044507,Cancellation,Low,13,Yes
T012218,C026577,Feature,High,8,Yes
T012219,C042816,Billing,Medium,9,No
T012220,C030019,Cancellation,High,5,No
T012221,C001537,Billing,Low,10,Yes
T012222,C021757,Bug,Low,0,Yes
T012223,C024050,Bug,Low,1,No
T012224,C039133,Cancellation,Medium,0,No
T012225,C003996,Cancellation,Low,13,Yes
T012226,C016574,Cancellation,Low,1,No
T012227,C009690,Feature,Low,11,No
T012228,C023952,Cancellation,Medium,3,Yes
T012229,C013780,Feature,Low,9,No
T012230,C043847,Feature,Medium,3,No
T012231,C032718,Billing,Low,13,No
T012232,C031331,Cancellation,High,10,Yes
T012233,C046337,Feature,Medium,7,No
T012234,C001700,Billing,Medium,12,No
T012235,C018068,Feature,Medium,4,No
T012236,C007748,Bug,High,3,No
T012237,C004169,Bug,High,4,No
T012238,C048321,Billing,Medium,12,No
T012239,C013985,Bug,Low,2,No
T012240,C020148,Cancellation,Low,6,Yes
T012241,C049302,Cancellation,High,10,Yes
T012242,C025155,Login,High,14,No
T012243,C002072,Cancellation,Medium,9,Yes
T012244,C007632,Feature,Low,6,Yes
T012245,C014777,Cancellation,Medium,2,No
T012246,C035366,Bug,Medium,12,Yes
T012247,C011551,Bug,Medium,13,No
T012248,C018383,Feature,High,8,No
T012249,C009884,Feature,High,11,Yes
T012250,C039351,Feature,Medium,2,Yes
T012251,C016249,Feature,Low,9,Yes
T012252,C036175,Billing,High,0,Yes
T012253,C016684,Billing,High,9,No
T012254,C019174,Feature,High,14,No
T012255,C015267,Login,Medium,1,No
T012256,C023002,Cancellation,Medium,14,No
T012257,C017815,Feature,Low,9,Yes
T012258,C047642,Billing,Low,12,No
T012259,C004640,Bug,High,9,No
T012260,C029521,Bug,Medium,2,Yes
T012261,C006253,Login,Medium,3,Yes
T012262,C022299,Login,Low,10,No
T012263,C031965,Feature,High,7,No
T012264,C028623,Login,High,4,No
T012265,C038926,Billing,High,10,No
T012266,C026677,Bug,High,12,Yes
T012267,C006049,Cancellation,Medium,11,No
T012268,C043679,Cancellation,High,11,Yes
T012269,C034977,Billing,Low,5,No
T012270,C001239,Billing,High,11,No
T012271,C046896,Cancellation,High,3,No
T012272,C007855,Cancellation,Medium,8,No
T012273,C020462,Login,Low,0,No
T012274,C000438,Billing,Low,10,No
T012275,C008069,Login,Medium,7,No
T012276,C016017,Login,Medium,0,No
T012277,C027731,Bug,High,7,No
T012278,C006299,Login,Low,10,No
T012279,C044964,Feature,High,9,No
T012280,C033913,Bug,Low,2,Yes
T012281,C005160,Feature,High,2,No
T012282,C029817,Login,Medium,4,No
T012283,C041884,Login,Medium,9,No
T012284,C020522,Cancellation,Low,12,Yes
T012285,C020573,Feature,Medium,10,Yes
T012286,C012060,Cancellation,Low,13,Yes
T012287,C002516,Login,Medium,8,No
T012288,C041879,Cancellation,High,4,No
T012289,C023078,Login,High,11,No
T012290,C041347,Feature,Low,5,No
T012291,C038489,Feature,Low,5,No
T012292,C027020,Feature,High,2,Yes
T012293,C023312,Billing,Low,13,Yes
T012294,C041310,Cancellation,Low,10,No
T012295,C038235,Login,Low,11,Yes
T012296,C021744,Feature,Medium,7,No
T012297,C043900,Feature,High,4,No
T012298,C027342,Login,Medium,9,No
T012299,C047274,Billing,Medium,15,Yes
T012300,C027027,Bug,High,5,No
T012301,C040706,Feature,High,13,No
T012302,C005408,Cancellation,Medium,0,No
T012303,C018819,Login,High,12,Yes
T012304,C043951,Feature,Medium,5,No
T012305,C019619,Feature,Medium,13,No
T012306,C033873,Login,Medium,11,Yes
T012307,C023499,Cancellation,Low,15,No
T012308,C001398,Billing,Low,2,Yes
T012309,C032756,Billing,High,6,No
T012310,C020482,Login,Medium,9,No
T012311,C026287,Bug,Low,9,Yes
T012312,C036011,Bug,Low,11,Yes
T012313,C049050,Login,Medium,9,Yes
T012314,C045306,Cancellation,High,4,No
T012315,C019776,Feature,Low,5,No
T012316,C034109,Billing,Low,8,No
T012317,C010003,Billing,Low,8,No
T012318,C029242,Cancellation,Medium,14,No
T012319,C002874,Billing,High,8,Yes
T012320,C043787,Bug,Medium,12,Yes
T012321,C041257,Feature,High,11,No
T012322,C004688,Cancellation,Low,6,Yes
T012323,C001742,Feature,Low,5,No
T012324,C029346,Bug,Low,4,No
T012325,C031655,Bug,Low,12,No
T012326,C016123,Bug,Medium,15,No
T012327,C046896,Feature,High,11,Yes
T012328,C037262,Billing,Medium,1,Yes
T012329,C013988,Login,High,3,No
T012330,C002648,Cancellation,High,3,No
T012331,C036246,Login,Medium,9,Yes
T012332,C002519,Billing,Low,14,Yes
T012333,C034155,Billing,Low,1,Yes
T012334,C024366,Feature,Medium,12,No
T012335,C024891,Billing,Medium,8,No
T012336,C032543,Billing,High,12,Yes
T012337,C033687,Login,High,4,Yes
T012338,C032121,Bug,Medium,12,Yes
T012339,C042203,Billing,Low,11,No
T012340,C039350,Billing,Low,6,Yes
T012341,C048007,Billing,Low,5,Yes
T012342,C049502,Cancellation,Medium,6,No
T012343,C035484,Bug,High,6,No
T012344,C028025,Bug,High,2,Yes
T012345,C005872,Bug,Medium,6,No
T012346,C018747,Bug,Medium,4,No
T012347,C024816,Bug,High,13,Yes
T012348,C023307,Login,Medium,6,No
T012349,C049250,Bug,Medium,4,No
T012350,C024256,Bug,Medium,10,No
T012351,C013936,Feature,Low,5,No
T012352,C020724,Login,Low,0,No
T012353,C042875,Feature,Medium,7,Yes
T012354,C012657,Login,Low,8,No
T012355,C002359,Cancellation,Low,12,Yes
T012356,C014343,Cancellation,Medium,3,Yes
T012357,C027945,Cancellation,High,14,No
T012358,C021419,Feature,Medium,9,No
T012359,C017980,Login,Low,3,Yes
T012360,C019445,Cancellation,Medium,7,Yes
T012361,C022459,Billing,High,5,No
T012362,C027498,Billing,Medium,6,Yes
T012363,C016382,Feature,High,11,Yes
T012364,C031656,Bug,Medium,0,Yes
T012365,C019626,Bug,Low,5,No
T012366,C008292,Billing,High,5,No
T012367,C021228,Cancellation,Medium,2,No
T012368,C033391,Feature,Low,14,Yes
T012369,C031271,Bug,Low,10,Yes
T012370,C002755,Cancellation,Low,11,Yes
T012371,C041292,Billing,Medium,11,Yes
T012372,C034947,Bug,Medium,10,No
T012373,C049609,Cancellation,Medium,10,Yes
T012374,C035860,Cancellation,Low,0,Yes
T012375,C015926,Feature,Low,1,No
T012376,C044060,Cancellation,Low,12,Yes
T012377,C032938,Feature,High,11,No
T012378,C049836,Cancellation,High,4,No
T012379,C031585,Bug,Medium,11,Yes
T012380,C018534,Billing,Medium,3,Yes
T012381,C009030,Feature,High,13,Yes
T012382,C013384,Bug,High,15,Yes
T012383,C004921,Billing,Low,11,Yes
T012384,C049999,Billing,High,2,Yes
T012385,C009732,Billing,Medium,2,Yes
T012386,C025017,Login,Medium,12,No
T012387,C009908,Login,Medium,0,Yes
T012388,C005002,Cancellation,Low,14,No
T012389,C032782,Billing,High,13,Yes
T012390,C043181,Billing,Medium,10,No
T012391,C019100,Billing,Medium,10,No
T012392,C032584,Feature,Low,7,Yes
T012393,C032972,Billing,Low,6,No
T012394,C005842,Cancellation,High,0,No
T012395,C016972,Cancellation,High,13,Yes
T012396,C025487,Login,Low,7,No
T012397,C038202,Bug,Low,5,No
T012398,C001400,Feature,High,8,No
T012399,C010577,Login,High,7,Yes
T012400,C038737,Billing,Low,6,Yes
T012401,C017783,Cancellation,High,9,No
T012402,C032466,Login,High,11,Yes
T012403,C015367,Billing,Low,10,Yes
T012404,C009813,Bug,High,5,No
T012405,C027974,Bug,High,1,No
T012406,C021855,Billing,Medium,13,Yes
T012407,C005911,Feature,Medium,7,No
T012408,C002903,Cancellation,Low,4,No
T012409,C020632,Cancellation,Medium,6,No
T012410,C030733,Feature,Medium,0,No
T012411,C037671,Billing,High,5,No
T012412,C030472,Login,Low,13,Yes
T012413,C037967,Billing,Low,4,No
T012414,C002740,Billing,Medium,0,No
T012415,C007190,Cancellation,High,4,Yes
T012416,C049928,Billing,Low,1,Yes
T012417,C036917,Bug,Low,11,No
T012418,C020877,Cancellation,High,4,Yes
T012419,C034584,Cancellation,Low,7,Yes
T012420,C012416,Billing,Medium,6,Yes
T012421,C017252,Bug,Low,7,No
T012422,C047164,Billing,Medium,2,Yes
T012423,C036100,Feature,Medium,1,Yes
T012424,C046963,Bug,Medium,13,Yes
T012425,C011551,Billing,Low,4,No
T012426,C007838,Billing,Medium,14,Yes
T012427,C026132,Feature,Low,12,No
T012428,C030759,Cancellation,High,2,No
T012429,C027777,Cancellation,Low,0,Yes
T012430,C010169,Cancellation,Low,6,Yes
T012431,C018120,Cancellation,Medium,8,Yes
T012432,C013673,Login,High,8,No
T012433,C012217,Bug,High,15,No
T012434,C048550,Bug,High,3,No
T012435,C048299,Billing,Low,11,No
T012436,C046333,Feature,Medium,11,Yes
T012437,C004975,Login,Low,6,Yes
T012438,C017112,Billing,Low,9,Yes
T012439,C019659,Cancellation,High,14,Yes
T012440,C021612,Billing,High,10,Yes
T012441,C011894,Cancellation,High,2,Yes
T012442,C017432,Bug,Low,5,No
T012443,C015972,Billing,Low,2,Yes
T012444,C006142,Bug,Medium,12,No
T012445,C006915,Cancellation,Medium,9,No
T012446,C030242,Bug,High,3,Yes
T012447,C040676,Bug,High,0,Yes
T012448,C043314,Feature,Medium,7,No
T012449,C046269,Feature,Low,3,No
T012450,C029575,Billing,Medium,1,Yes
T012451,C010700,Feature,Low,6,No
T012452,C013388,Billing,High,1,No
T012453,C034923,Login,Medium,13,Yes
T012454,C015434,Bug,Low,10,Yes
T012455,C044787,Feature,Medium,5,No
T012456,C016072,Bug,Low,3,No
T012457,C044683,Feature,Medium,9,No
T012458,C028341,Feature,Low,6,No
T012459,C038335,Feature,Low,14,No
T012460,C010184,Bug,Low,3,Yes
T012461,C010632,Login,High,15,Yes
T012462,C011684,Feature,Medium,1,No
T012463,C030338,Feature,Low,15,Yes
T012464,C012386,Bug,High,3,No
T012465,C041555,Login,Low,3,No
T012466,C043790,Feature,High,11,Yes
T012467,C003300,Login,Low,7,No
T012468,C049926,Login,High,4,No
T012469,C017253,Login,High,12,Yes
T012470,C022133,Feature,High,11,Yes
T012471,C022601,Cancellation,Medium,14,No
T012472,C025305,Billing,Medium,7,Yes
T012473,C017875,Login,Medium,5,Yes
T012474,C007722,Login,Low,0,No
T012475,C007244,Cancellation,High,11,Yes
T012476,C033359,Login,High,8,Yes
T012477,C033286,Feature,High,14,No
T012478,C022956,Billing,Low,5,Yes
T012479,C039356,Feature,Low,13,Yes
T012480,C035094,Login,Low,10,Yes
T012481,C044408,Feature,Low,1,No
T012482,C043123,Billing,Low,6,Yes
T012483,C031129,Login,Medium,9,Yes
T012484,C001368,Bug,Low,1,No
T012485,C024159,Billing,Low,9,No
T012486,C014082,Login,High,7,No
T012487,C006500,Bug,High,14,No
T012488,C019386,Billing,High,15,No
T012489,C032835,Billing,High,14,No
T012490,C017172,Cancellation,High,7,Yes
T012491,C010991,Bug,Medium,9,No
T012492,C031550,Feature,High,12,No
T012493,C022899,Cancellation,Medium,2,Yes
T012494,C030261,Feature,High,14,Yes
T012495,C008384,Billing,High,5,No
T012496,C020685,Cancellation,High,3,Yes
T012497,C003487,Cancellation,High,14,No
T012498,C044078,Cancellation,High,0,Yes
T012499,C012740,Feature,Low,11,No
T012500,C032486,Bug,Medium,14,Yes
T012501,C045447,Login,High,13,Yes
T012502,C038410,Bug,Medium,8,Yes
T012503,C032152,Login,Low,9,Yes
T012504,C013811,Cancellation,Low,5,No
T012505,C006604,Billing,Medium,3,Yes
T012506,C004859,Feature,Medium,14,No
T012507,C003482,Cancellation,High,12,Yes
T012508,C030670,Billing,High,11,No
T012509,C007985,Billing,High,0,Yes
T012510,C001145,Billing,High,6,No
T012511,C042181,Cancellation,Medium,15,Yes
T012512,C042745,Cancellation,High,13,No
T012513,C040102,Billing,Low,4,No
T012514,C013815,Login,Medium,3,Yes
T012515,C018442,Login,High,5,No
T012516,C041947,Billing,Low,6,Yes
T012517,C022663,Billing,Medium,3,No
T012518,C000773,Login,High,3,No
T012519,C038716,Feature,Low,9,Yes
T012520,C042926,Cancellation,Medium,3,No
T012521,C004519,Bug,High,6,No
T012522,C018700,Login,Medium,11,No
T012523,C034635,Login,Low,4,No
T012524,C015536,Bug,High,15,No
T012525,C016014,Bug,Low,15,No
T012526,C037281,Cancellation,Medium,12,No
T012527,C002731,Cancellation,High,10,Yes
T012528,C000533,Login,High,10,No
T012529,C038083,Login,Low,7,Yes
T012530,C017559,Cancellation,Low,14,No
T012531,C034807,Billing,Low,4,No
T012532,C048768,Cancellation,Low,2,Yes
T012533,C027000,Login,Medium,7,Yes
T012534,C003150,Billing,Low,13,No
T012535,C009281,Billing,Low,5,Yes
T012536,C013861,Bug,Low,5,No
T012537,C006372,Cancellation,Medium,1,No
T012538,C016555,Billing,Low,3,No
T012539,C034089,Billing,Medium,5,No
T012540,C016819,Bug,Medium,4,Yes
T012541,C007519,Billing,Low,13,No
T012542,C043723,Login,High,0,No
T012543,C027654,Feature,Low,13,Yes
T012544,C020248,Login,Medium,7,Yes
T012545,C021587,Login,Low,14,No
T012546,C028074,Feature,Low,9,Yes
T012547,C043702,Feature,Low,1,Yes
T012548,C000356,Cancellation,Low,6,No
T012549,C025433,Login,Medium,14,No
T012550,C034470,Feature,Low,0,No
T012551,C003287,Bug,High,13,No
T012552,C016349,Bug,Medium,0,No
T012553,C046296,Billing,High,6,Yes
T012554,C021881,Login,Low,15,Yes
T012555,C042751,Login,Low,0,No
T012556,C004335,Bug,High,13,No
T012557,C041768,Billing,Medium,9,Yes
T012558,C001708,Login,Medium,7,Yes
T012559,C023860,Login,Medium,6,No
T012560,C036571,Bug,Low,2,No
T012561,C036200,Bug,Low,4,No
T012562,C009571,Bug,Medium,7,Yes
T012563,C017169,Login,Low,9,No
T012564,C013600,Login,Low,9,Yes
T012565,C011903,Bug,Low,9,No
T012566,C018624,Login,Low,12,Yes
T012567,C024051,Cancellation,Medium,3,No
T012568,C025066,Bug,Low,15,Yes
T012569,C033992,Bug,Low,15,No
T012570,C011906,Billing,High,14,Yes
T012571,C009183,Feature,Medium,7,No
T012572,C014129,Login,High,12,No
T012573,C006981,Billing,Medium,12,No
T012574,C033181,Bug,Low,1,No
T012575,C042819,Billing,Low,0,No
T012576,C014001,Bug,High,9,No
T012577,C017897,Billing,High,5,Yes
T012578,C030677,Feature,High,6,No
T012579,C035403,Cancellation,Low,9,No
T012580,C014164,Bug,High,11,Yes
T012581,C040911,Feature,Medium,1,Yes
T012582,C021153,Login,Low,2,Yes
T012583,C003641,Bug,Low,0,Yes
T012584,C015798,Billing,Medium,2,No
T012585,C020176,Bug,Medium,14,No
T012586,C041502,Billing,High,0,No
T012587,C044052,Feature,High,11,No
T012588,C009064,Billing,High,9,No
T012589,C000525,Feature,High,14,No
T012590,C049297,Bug,High,12,No
T012591,C044000,Login,High,13,No
T012592,C016168,Bug,Low,1,No
T012593,C003566,Login,Low,14,Yes
T012594,C046180,Bug,High,6,Yes
T012595,C016743,Login,Medium,13,No
T012596,C010876,Bug,Medium,10,Yes
T012597,C038118,Feature,Medium,5,Yes
T012598,C036700,Billing,Low,8,Yes
T012599,C008805,Feature,Low,2,Yes
T012600,C010225,Cancellation,Low,15,No
T012601,C033209,Feature,High,2,Yes
T012602,C030507,Feature,High,8,No
T012603,C018788,Login,High,14,No
T012604,C037513,Login,Low,3,No
T012605,C032233,Login,High,1,Yes
T012606,C016047,Cancellation,Low,15,No
T012607,C042460,Login,High,11,Yes
T012608,C026320,Cancellation,Medium,9,No
T012609,C002137,Bug,High,7,No
T012610,C022574,Bug,Medium,9,No
T012611,C040733,Billing,High,14,Yes
T012612,C016157,Cancellation,Medium,2,No
T012613,C024888,Cancellation,High,2,No
T012614,C029696,Login,Low,13,No
T012615,C045532,Bug,Medium,13,Yes
T012616,C006497,Login,Low,0,No
T012617,C033953,Cancellation,High,13,No
T012618,C029803,Billing,Low,15,Yes
T012619,C016558,Feature,High,8,Yes
T012620,C013082,Bug,Medium,11,No
T012621,C049403,Billing,High,6,Yes
T012622,C029807,Billing,Medium,3,Yes
T012623,C046470,Feature,Low,15,Yes
T012624,C002931,Billing,High,12,Yes
T012625,C033121,Bug,Low,9,No
T012626,C016387,Billing,Medium,6,No
T012627,C023724,Bug,High,4,No
T012628,C033245,Billing,Low,5,No
T012629,C010222,Cancellation,High,3,Yes
T012630,C030221,Feature,High,9,Yes
T012631,C017473,Feature,Medium,2,Yes
T012632,C021065,Feature,High,8,No
T012633,C017250,Bug,Low,3,No
T012634,C011797,Login,Low,8,Yes
T012635,C026162,Feature,Medium,12,Yes
T012636,C007850,Billing,High,0,No
T012637,C038821,Feature,Low,3,Yes
T012638,C044838,Feature,Low,4,No
T012639,C033517,Login,High,9,Yes
T012640,C036625,Billing,Low,10,Yes
T012641,C037855,Feature,High,7,Yes
T012642,C030109,Login,Low,15,No
T012643,C043978,Login,High,6,No
T012644,C018236,Cancellation,Medium,6,No
T012645,C010907,Cancellation,High,14,Yes
T012646,C043595,Cancellation,Medium,4,Yes
T012647,C012988,Login,High,6,No
T012648,C014165,Bug,Low,5,No
T012649,C006153,Billing,Medium,2,No
T012650,C018279,Login,Medium,6,No
T012651,C049599,Bug,Medium,2,No
T012652,C047416,Feature,Medium,8,Yes
T012653,C028009,Bug,High,4,Yes
T012654,C012049,Bug,Medium,10,Yes
T012655,C034384,Billing,Low,2,Yes
T012656,C031633,Feature,Low,8,No
T012657,C043459,Billing,High,7,No
T012658,C044727,Feature,Low,14,Yes
T012659,C041674,Cancellation,Low,4,No
T012660,C040998,Billing,Medium,2,No
T012661,C027479,Cancellation,Medium,15,No
T012662,C005213,Bug,High,9,No
T012663,C013253,Login,Low,7,No
T012664,C027990,Cancellation,Medium,2,Yes
T012665,C023535,Feature,High,11,No
T012666,C003836,Cancellation,High,11,Yes
T012667,C019017,Feature,Medium,13,Yes
T012668,C037567,Cancellation,Low,3,No
T012669,C013809,Bug,High,15,No
T012670,C018398,Bug,High,6,Yes
T012671,C047322,Feature,Medium,4,No
T012672,C045300,Bug,Low,7,No
T012673,C010843,Feature,Low,6,No
T012674,C041123,Cancellation,High,6,Yes
T012675,C046680,Billing,Low,9,Yes
T012676,C041483,Login,Low,10,No
T012677,C036300,Cancellation,Medium,6,No
T012678,C028931,Bug,Medium,15,No
T012679,C003527,Bug,Low,4,No
T012680,C048017,Billing,High,10,No
T012681,C036877,Login,Low,3,Yes
T012682,C003644,Cancellation,High,1,Yes
T012683,C020593,Billing,High,5,No
T012684,C017744,Bug,High,13,Yes
T012685,C017453,Feature,Low,6,Yes
T012686,C025250,Billing,High,14,Yes
T012687,C049051,Login,Low,12,Yes
T012688,C000045,Cancellation,Medium,0,Yes
T012689,C023625,Login,Low,6,No
T012690,C030047,Login,Low,15,No
T012691,C017729,Bug,Medium,14,Yes
T012692,C011659,Feature,Medium,3,No
T012693,C026710,Billing,Low,12,Yes
T012694,C043568,Bug,High,9,No
T012695,C002892,Bug,Medium,7,No
T012696,C024499,Billing,Medium,13,No
T012697,C011628,Feature,Medium,13,No
T012698,C035201,Feature,Low,6,No
T012699,C006848,Bug,Medium,5,No
T012700,C008968,Feature,Medium,9,No
T012701,C023081,Cancellation,Low,10,No
T012702,C015438,Cancellation,Low,6,Yes
T012703,C003962,Cancellation,Medium,6,No
T012704,C048977,Login,Medium,15,No
T012705,C022825,Billing,Medium,5,No
T012706,C029074,Bug,Medium,12,No
T012707,C012108,Feature,Low,0,No
T012708,C049587,Cancellation,Low,1,Yes
T012709,C002860,Billing,High,9,Yes
T012710,C040734,Feature,Low,6,No
T012711,C012275,Cancellation,Low,2,Yes
T012712,C039115,Billing,Medium,15,No
T012713,C019762,Cancellation,High,4,Yes
T012714,C015294,Billing,High,11,Yes
T012715,C039763,Login,High,9,Yes
T012716,C018055,Cancellation,High,12,Yes
T012717,C035237,Feature,Low,14,No
T012718,C045750,Bug,Low,9,No
T012719,C009874,Login,High,11,No
T012720,C018105,Login,Medium,8,No
T012721,C000069,Login,Low,2,Yes
T012722,C039082,Feature,High,15,Yes
T012723,C013859,Login,High,6,Yes
T012724,C040002,Cancellation,High,7,Yes
T012725,C028841,Billing,High,7,Yes
T012726,C014949,Cancellation,Medium,11,Yes
T012727,C009702,Feature,Medium,10,Yes
T012728,C018896,Bug,High,15,No
T012729,C008421,Bug,Medium,5,No
T012730,C040032,Cancellation,Low,5,No
T012731,C026509,Bug,Medium,8,Yes
T012732,C031126,Feature,Low,11,No
T012733,C016468,Cancellation,Low,6,No
T012734,C022820,Bug,Medium,10,No
T012735,C011060,Billing,Medium,8,Yes
T012736,C025775,Login,High,10,Yes
T012737,C037494,Login,High,15,No
T012738,C046111,Billing,Low,0,Yes
T012739,C011455,Billing,High,1,Yes
T012740,C012918,Login,High,1,Yes
T012741,C003939,Login,Low,13,No
T012742,C033057,Cancellation,High,2,No
T012743,C013623,Cancellation,Low,8,No
T012744,C023559,Feature,Low,0,Yes
T012745,C023320,Feature,High,1,No
T012746,C036652,Feature,Low,13,Yes
T012747,C042187,Login,Low,6,Yes
T012748,C045208,Bug,High,10,No
T012749,C039387,Feature,High,4,No
T012750,C006261,Feature,Low,8,Yes
T012751,C038120,Cancellation,High,1,Yes
T012752,C008626,Login,Low,5,No
T012753,C003825,Login,Medium,2,No
T012754,C020991,Login,Low,11,No
T012755,C014286,Bug,Medium,4,Yes
T012756,C024903,Billing,High,13,No
T012757,C004540,Billing,Medium,9,No
T012758,C024388,Cancellation,Medium,5,Yes
T012759,C010777,Bug,High,4,Yes
T012760,C039966,Cancellation,Low,14,No
T012761,C014867,Cancellation,Medium,0,No
T012762,C017782,Cancellation,Medium,11,Yes
T012763,C031176,Login,High,14,Yes
T012764,C000952,Cancellation,High,7,No
T012765,C026333,Bug,High,12,Yes
T012766,C032351,Login,Medium,12,Yes
T012767,C028234,Cancellation,High,11,Yes
T012768,C032085,Cancellation,Low,11,Yes
T012769,C020314,Bug,Medium,0,Yes
T012770,C022850,Login,High,11,Yes
T012771,C045234,Bug,Low,2,Yes
T012772,C044027,Bug,Low,6,Yes
T012773,C038028,Billing,Low,15,Yes
T012774,C046006,Login,Medium,15,No
T012775,C043197,Bug,Low,1,Yes
T012776,C025236,Feature,Low,2,Yes
T012777,C028306,Feature,Low,3,No
T012778,C030483,Cancellation,Low,8,No
T012779,C044903,Login,Medium,3,Yes
T012780,C020850,Feature,Medium,3,No
T012781,C031274,Cancellation,High,2,No
T012782,C029400,Cancellation,Low,6,Yes
T012783,C031492,Cancellation,Medium,1,Yes
T012784,C006200,Bug,Medium,1,No
T012785,C034952,Bug,Medium,15,Yes
T012786,C036452,Billing,Medium,1,No
T012787,C007802,Login,High,14,No
T012788,C005392,Login,Low,12,Yes
T012789,C005550,Cancellation,High,1,No
T012790,C024686,Feature,High,1,No
T012791,C036658,Feature,Medium,15,No
T012792,C025981,Feature,High,5,No
T012793,C042643,Login,Low,6,Yes
T012794,C032728,Cancellation,High,15,No
T012795,C009372,Billing,Low,8,No
T012796,C014094,Bug,High,14,No
T012797,C027223,Bug,Medium,8,Yes
T012798,C031641,Feature,Low,9,No
T012799,C048771,Login,Low,14,Yes
T012800,C021050,Login,Medium,8,No
T012801,C043848,Billing,Low,5,Yes
T012802,C011190,Bug,High,3,No
T012803,C037225,Bug,Low,6,Yes
T012804,C047679,Feature,High,4,Yes
T012805,C040324,Billing,High,14,No
T012806,C018443,Cancellation,High,0,Yes
T012807,C031723,Cancellation,Medium,13,Yes
T012808,C002195,Cancellation,Low,2,No
T012809,C037126,Feature,Low,1,No
T012810,C011114,Billing,Low,4,No
T012811,C001255,Feature,High,5,No
T012812,C043148,Login,High,5,Yes
T012813,C018461,Billing,High,15,No
T012814,C044076,Feature,Medium,10,Yes
T012815,C011728,Billing,High,2,No
T012816,C001508,Feature,Medium,4,Yes
T012817,C037468,Login,Low,11,Yes
T012818,C004618,Feature,Low,11,No
T012819,C025906,Login,Low,8,No
T012820,C003583,Cancellation,High,10,No
T012821,C035682,Billing,Low,0,Yes
T012822,C045320,Feature,Medium,2,No
T012823,C028448,Billing,Medium,7,No
T012824,C024366,Bug,Medium,3,No
T012825,C012351,Feature,High,2,No
T012826,C037420,Feature,Medium,2,Yes
T012827,C004564,Cancellation,High,1,Yes
T012828,C020672,Cancellation,Medium,3,Yes
T012829,C006324,Billing,High,5,No
T012830,C002389,Billing,High,5,No
T012831,C044072,Cancellation,Low,13,No
T012832,C021968,Bug,High,11,Yes
T012833,C040034,Bug,Low,12,Yes
T012834,C001386,Billing,Low,14,Yes
T012835,C014684,Feature,Low,12,Yes
T012836,C022451,Billing,High,10,No
T012837,C008005,Billing,High,11,Yes
T012838,C026526,Cancellation,Low,12,Yes
T012839,C008879,Bug,Low,1,No
T012840,C008455,Bug,Medium,5,No
T012841,C019595,Billing,Medium,1,Yes
T012842,C048588,Cancellation,Medium,10,Yes
T012843,C003580,Cancellation,Low,3,Yes
T012844,C040157,Login,High,4,No
T012845,C045230,Login,High,3,No
T012846,C000835,Feature,Low,0,No
T012847,C001125,Feature,Low,15,Yes
T012848,C000223,Feature,Low,5,Yes
T012849,C017374,Bug,High,2,Yes
T012850,C000515,Billing,High,0,Yes
T012851,C022516,Billing,Low,12,Yes
T012852,C007611,Cancellation,Medium,10,No
T012853,C027764,Bug,Low,11,Yes
T012854,C020827,Bug,High,14,Yes
T012855,C031458,Feature,High,5,No
T012856,C022945,Cancellation,Medium,2,Yes
T012857,C023082,Feature,Medium,0,Yes
T012858,C033153,Billing,Medium,13,No
T012859,C029593,Billing,High,2,No
T012860,C042269,Feature,Medium,1,No
T012861,C041528,Billing,Low,14,No
T012862,C006459,Login,Low,1,Yes
T012863,C039253,Bug,Medium,10,No
T012864,C030263,Feature,Medium,14,No
T012865,C012315,Billing,High,2,No
T012866,C001461,Feature,Medium,2,No
T012867,C033267,Feature,High,4,Yes
T012868,C040183,Login,Low,11,Yes
T012869,C005784,Feature,Low,3,No
T012870,C006494,Login,Medium,4,No
T012871,C017306,Bug,High,10,Yes
T012872,C005607,Cancellation,High,4,No
T012873,C033901,Feature,Low,6,Yes
T012874,C042738,Cancellation,High,6,Yes
T012875,C047809,Bug,Low,5,No
T012876,C004797,Billing,High,7,No
T012877,C049525,Bug,Medium,15,No
T012878,C041486,Feature,Low,15,No
T012879,C001869,Feature,High,12,Yes
T012880,C037436,Billing,Medium,1,No
T012881,C007158,Billing,High,15,No
T012882,C014579,Feature,Medium,14,No
T012883,C012835,Bug,High,14,No
T012884,C000913,Cancellation,Medium,5,No
T012885,C002655,Feature,Low,10,No
T012886,C002607,Billing,Low,8,Yes
T012887,C048130,Billing,High,14,No
T012888,C022747,Bug,Low,7,No
T012889,C007458,Bug,Medium,14,Yes
T012890,C037382,Bug,Low,9,Yes
T012891,C029644,Login,Medium,1,Yes
T012892,C006744,Login,High,3,No
T012893,C003273,Bug,Low,0,Yes
T012894,C039523,Billing,High,12,No
T012895,C017985,Cancellation,Medium,10,Yes
T012896,C002822,Billing,Medium,4,Yes
T012897,C029059,Cancellation,High,8,No
T012898,C024150,Feature,Medium,2,No
T012899,C024592,Billing,Low,10,Yes
T012900,C047892,Cancellation,Low,14,Yes
T012901,C038737,Cancellation,Medium,12,Yes
T012902,C048424,Cancellation,Medium,3,No
T012903,C021063,Billing,High,15,No
T012904,C020045,Bug,High,10,Yes
T012905,C020230,Billing,Medium,3,No
T012906,C026498,Cancellation,Medium,5,No
T012907,C035072,Cancellation,Low,4,Yes
T012908,C034423,Bug,High,3,No
T012909,C000800,Bug,High,6,Yes
T012910,C048804,Feature,Low,4,Yes
T012911,C022844,Feature,Medium,14,No
T012912,C040025,Cancellation,Medium,12,Yes
T012913,C018792,Billing,High,8,Yes
T012914,C034887,Cancellation,High,5,No
T012915,C022428,Bug,High,11,No
T012916,C012296,Billing,High,9,No
T012917,C018525,Cancellation,High,12,Yes
T012918,C023875,Cancellation,Medium,15,Yes
T012919,C001917,Billing,High,7,Yes
T012920,C049980,Bug,Low,5,Yes
T012921,C030786,Login,Low,12,No
T012922,C047804,Feature,Low,2,No
T012923,C025879,Feature,Medium,6,No
T012924,C031845,Cancellation,Low,9,No
T012925,C041426,Login,Low,14,No
T012926,C022343,Bug,Medium,6,Yes
T012927,C019305,Billing,Medium,2,Yes
T012928,C029488,Cancellation,High,0,No
T012929,C002077,Billing,High,8,No
T012930,C034283,Cancellation,Medium,8,No
T012931,C045143,Login,High,5,Yes
T012932,C040811,Billing,High,4,Yes
T012933,C043637,Billing,High,13,No
T012934,C008620,Cancellation,High,6,No
T012935,C033547,Feature,High,2,No
T012936,C024175,Feature,Low,14,Yes
T012937,C028984,Feature,Medium,2,Yes
T012938,C039656,Billing,Low,10,Yes
T012939,C048276,Cancellation,Medium,12,No
T012940,C004354,Bug,Low,13,No
T012941,C025961,Login,Low,6,No
T012942,C014533,Bug,High,12,No
T012943,C009750,Billing,High,5,No
T012944,C010547,Cancellation,Medium,1,No
T012945,C023108,Feature,High,8,No
T012946,C042262,Billing,Low,7,No
T012947,C009782,Login,High,15,Yes
T012948,C008545,Bug,Medium,4,No
T012949,C006571,Cancellation,Medium,7,Yes
T012950,C006970,Login,High,4,No
T012951,C045371,Billing,Low,12,No
T012952,C049386,Bug,High,11,Yes
T012953,C043618,Cancellation,Medium,5,Yes
T012954,C004129,Login,High,5,Yes
T012955,C015158,Billing,Low,0,Yes
T012956,C008749,Login,Low,12,No
T012957,C027676,Billing,Medium,4,Yes
T012958,C004053,Cancellation,Medium,12,No
T012959,C021600,Bug,Medium,3,No
T012960,C010265,Feature,Medium,1,No
T012961,C036833,Cancellation,High,12,No
T012962,C005516,Bug,High,0,Yes
T012963,C009522,Billing,Medium,10,No
T012964,C036452,Bug,High,6,Yes
T012965,C004089,Billing,High,15,Yes
T012966,C000151,Feature,Low,15,No
T012967,C015291,Billing,High,14,Yes
T012968,C039123,Login,Low,8,Yes
T012969,C030138,Bug,High,14,No
T012970,C009119,Cancellation,High,6,Yes
T012971,C007445,Cancellation,Low,12,Yes
T012972,C006222,Billing,Low,2,No
T012973,C049932,Feature,Medium,14,No
T012974,C036391,Cancellation,High,9,Yes
T012975,C043622,Feature,Low,9,No
T012976,C040999,Cancellation,Medium,6,Yes
T012977,C020937,Cancellation,High,2,No
T012978,C044976,Billing,Low,10,No
T012979,C001094,Bug,High,2,No
T012980,C015175,Bug,Low,13,Yes
T012981,C010166,Feature,Medium,6,No
T012982,C007243,Cancellation,Medium,5,No
T012983,C029914,Login,Medium,4,No
T012984,C004876,Billing,High,13,Yes
T012985,C015580,Bug,Low,7,No
T012986,C002027,Bug,Medium,1,Yes
T012987,C046236,Billing,Low,5,No
T012988,C039438,Bug,Low,7,No
T012989,C013725,Cancellation,Medium,11,Yes
T012990,C016592,Feature,Medium,0,Yes
T012991,C001850,Login,High,8,No
T012992,C036799,Bug,High,5,Yes
T012993,C030043,Login,High,5,Yes
T012994,C016908,Bug,Low,7,Yes
T012995,C035029,Billing,High,10,Yes
T012996,C025991,Billing,High,7,Yes
T012997,C011899,Cancellation,Medium,0,Yes
T012998,C000760,Cancellation,High,5,No
T012999,C049399,Login,Low,13,Yes
T013000,C037340,Cancellation,Low,11,Yes
T013001,C037809,Cancellation,Low,7,Yes
T013002,C010324,Login,Low,14,Yes
T013003,C024370,Feature,Medium,12,No
T013004,C030919,Billing,Medium,6,No
T013005,C009094,Login,Low,6,Yes
T013006,C044740,Login,Medium,3,Yes
T013007,C022058,Login,High,1,No
T013008,C040030,Bug,Medium,9,No
T013009,C041924,Bug,Medium,6,No
T013010,C015889,Billing,High,14,No
T013011,C047717,Login,Low,4,No
T013012,C000317,Bug,High,10,No
T013013,C038523,Bug,High,2,Yes
T013014,C035881,Bug,Low,15,Yes
T013015,C046666,Login,Low,10,Yes
T013016,C008600,Bug,Medium,11,No
T013017,C039262,Feature,Medium,12,Yes
T013018,C046052,Login,Medium,15,No
T013019,C034599,Feature,Low,7,No
T013020,C041790,Feature,Low,9,Yes
T013021,C044836,Bug,Medium,7,Yes
T013022,C048145,Bug,Low,4,No
T013023,C025595,Bug,Medium,6,Yes
T013024,C038894,Cancellation,Medium,6,No
T013025,C024963,Billing,Low,12,No
T013026,C048588,Cancellation,Medium,0,No
T013027,C024565,Login,Low,4,No
T013028,C009453,Bug,High,1,Yes
T013029,C045293,Billing,Low,15,No
T013030,C032982,Billing,High,11,No
T013031,C049759,Billing,Low,14,No
T013032,C026594,Bug,Medium,8,Yes
T013033,C021814,Bug,Low,3,Yes
T013034,C003888,Feature,High,7,Yes
T013035,C037966,Login,High,10,No
T013036,C046317,Bug,High,12,Yes
T013037,C040627,Feature,Medium,4,No
T013038,C048078,Cancellation,Medium,14,No
T013039,C048249,Billing,Medium,8,No
T013040,C008140,Cancellation,Medium,0,Yes
T013041,C024353,Login,Medium,13,No
T013042,C025207,Login,Low,1,Yes
T013043,C004606,Bug,Medium,9,Yes
T013044,C025762,Bug,Low,10,Yes
T013045,C045051,Cancellation,High,1,No
T013046,C036316,Cancellation,Medium,0,Yes
T013047,C025068,Billing,Medium,8,Yes
T013048,C049738,Bug,Low,5,Yes
T013049,C011936,Cancellation,Low,9,Yes
T013050,C034955,Bug,Low,8,No
T013051,C013849,Feature,Low,3,Yes
T013052,C019469,Feature,Medium,4,No
T013053,C023929,Feature,High,2,No
T013054,C023310,Cancellation,High,6,Yes
T013055,C040538,Billing,Medium,9,No
T013056,C022519,Bug,High,2,No
T013057,C018751,Login,High,7,Yes
T013058,C005204,Billing,Low,8,Yes
T013059,C040663,Feature,Low,11,No
T013060,C043940,Cancellation,Low,5,No
T013061,C016164,Billing,Medium,3,No
T013062,C034287,Billing,High,13,Yes
T013063,C033227,Feature,High,11,Yes
T013064,C025212,Cancellation,High,3,No
T013065,C033532,Cancellation,High,8,Yes
T013066,C031230,Feature,Low,1,Yes
T013067,C012893,Bug,High,0,No
T013068,C001816,Bug,High,5,Yes
T013069,C037810,Login,Low,5,Yes
T013070,C002629,Login,Low,1,No
T013071,C025588,Login,Low,14,Yes
T013072,C007295,Bug,Medium,12,No
T013073,C023502,Cancellation,Medium,7,Yes
T013074,C018318,Login,High,9,No
T013075,C023054,Billing,Low,15,Yes
T013076,C006489,Feature,Low,4,No
T013077,C008158,Feature,Low,7,No
T013078,C037488,Bug,Low,12,No
T013079,C042701,Cancellation,Medium,10,Yes
T013080,C048600,Cancellation,Medium,7,No
T013081,C020318,Billing,High,13,Yes
T013082,C029008,Billing,High,12,No
T013083,C001929,Billing,Medium,15,Yes
T013084,C046888,Billing,High,15,No
T013085,C007939,Login,High,9,Yes
T013086,C012476,Bug,Low,2,No
T013087,C037245,Bug,Medium,7,No
T013088,C003157,Bug,Low,8,Yes
T013089,C003683,Bug,Low,5,Yes
T013090,C008091,Bug,Low,2,No
T013091,C046015,Bug,High,13,No
T013092,C041226,Bug,High,5,No
T013093,C009699,Billing,High,5,Yes
T013094,C021154,Login,Low,5,Yes
T013095,C030954,Bug,Low,8,No
T013096,C045287,Login,Low,12,No
T013097,C027593,Billing,Medium,12,No
T013098,C027114,Login,High,1,Yes
T013099,C029010,Login,High,6,No
T013100,C005634,Bug,Medium,8,Yes
T013101,C017044,Feature,Low,6,No
T013102,C044093,Login,Low,0,No
T013103,C005070,Billing,Medium,4,No
T013104,C048142,Bug,Medium,14,No
T013105,C029725,Login,High,15,Yes
T013106,C035704,Billing,High,14,No
T013107,C002917,Billing,High,10,No
T013108,C028292,Cancellation,High,13,Yes
T013109,C033206,Bug,Low,12,Yes
T013110,C011215,Billing,Low,8,No
T013111,C013389,Billing,Low,8,No
T013112,C030863,Login,High,3,No
T013113,C004034,Cancellation,Low,15,No
T013114,C011915,Login,Medium,10,No
T013115,C031003,Login,Low,4,No
T013116,C008235,Cancellation,Medium,0,Yes
T013117,C017554,Bug,High,7,No
T013118,C037826,Cancellation,Low,5,No
T013119,C008369,Cancellation,High,2,No
T013120,C019979,Bug,Medium,0,Yes
T013121,C028980,Feature,Medium,6,Yes
T013122,C028719,Billing,Low,7,Yes
T013123,C031009,Feature,High,3,Yes
T013124,C041044,Bug,High,3,No
T013125,C002021,Bug,High,0,No
T013126,C038288,Bug,High,7,Yes
T013127,C049025,Cancellation,Medium,3,No
T013128,C030025,Cancellation,Low,7,Yes
T013129,C039481,Bug,High,9,Yes
T013130,C005608,Feature,High,7,Yes
T013131,C026981,Login,Medium,3,Yes
T013132,C027666,Login,Medium,15,No
T013133,C007618,Feature,Medium,6,Yes
T013134,C006258,Bug,Medium,6,No
T013135,C007057,Feature,Medium,11,Yes
T013136,C035687,Billing,High,14,No
T013137,C041198,Login,Medium,1,Yes
T013138,C024469,Bug,Medium,3,No
T013139,C020922,Billing,Medium,6,No
T013140,C041968,Bug,High,4,No
T013141,C048710,Feature,Low,15,No
T013142,C025756,Bug,Medium,13,Yes
T013143,C019420,Cancellation,Medium,3,Yes
T013144,C037421,Cancellation,High,4,No
T013145,C019158,Bug,Medium,7,Yes
T013146,C029660,Feature,Medium,15,Yes
T013147,C018631,Billing,Low,3,Yes
T013148,C007876,Billing,High,15,No
T013149,C025180,Billing,Low,10,No
T013150,C024484,Bug,Low,9,No
T013151,C013586,Cancellation,High,14,No
T013152,C012893,Login,Low,11,Yes
T013153,C024566,Login,High,2,No
T013154,C038373,Cancellation,Medium,7,No
T013155,C036880,Bug,Medium,13,No
T013156,C021901,Feature,Medium,3,Yes
T013157,C024189,Billing,Low,13,No
T013158,C037969,Feature,Low,1,Yes
T013159,C041636,Cancellation,High,0,Yes
T013160,C028622,Bug,Low,0,No
T013161,C027690,Cancellation,Low,15,Yes
T013162,C045032,Billing,Medium,5,No
T013163,C049853,Cancellation,Medium,6,No
T013164,C044098,Login,High,11,No
T013165,C048027,Cancellation,Low,14,Yes
T013166,C021092,Billing,High,8,Yes
T013167,C039699,Billing,Low,1,No
T013168,C013485,Billing,High,10,No
T013169,C025865,Cancellation,Low,6,No
T013170,C026314,Login,Low,9,Yes
T013171,C026156,Bug,High,4,Yes
T013172,C007780,Cancellation,Medium,6,No
T013173,C015988,Bug,Low,10,No
T013174,C039535,Feature,Low,6,Yes
T013175,C043122,Billing,Medium,3,No
T013176,C003847,Feature,Low,6,No
T013177,C010165,Bug,Low,4,Yes
T013178,C019166,Cancellation,Low,15,No
T013179,C019091,Bug,Low,1,No
T013180,C032673,Bug,High,8,No
T013181,C019718,Billing,Medium,12,Yes
T013182,C000030,Bug,Medium,1,Yes
T013183,C001699,Login,Medium,14,No
T013184,C029014,Feature,Medium,7,Yes
T013185,C041300,Billing,High,14,Yes
T013186,C010630,Login,Low,5,No
T013187,C006062,Login,Medium,13,No
T013188,C029622,Billing,High,4,Yes
T013189,C026405,Bug,Medium,3,Yes
T013190,C012848,Login,Low,11,Yes
T013191,C040254,Bug,High,10,No
T013192,C007654,Feature,Low,12,Yes
T013193,C001489,Billing,Low,3,No
T013194,C025636,Bug,Low,15,No
T013195,C038395,Billing,Low,0,Yes
T013196,C017794,Feature,Medium,5,No
T013197,C044467,Bug,Medium,7,Yes
T013198,C021713,Billing,Low,3,No
T013199,C028144,Login,High,13,Yes
T013200,C032352,Cancellation,Low,3,Yes
T013201,C030451,Billing,Low,0,No
T013202,C047628,Cancellation,Medium,9,Yes
T013203,C038677,Cancellation,Low,13,No
T013204,C039472,Bug,Low,7,No
T013205,C031701,Billing,Low,14,No
T013206,C007118,Feature,High,8,No
T013207,C032825,Billing,Medium,1,Yes
T013208,C031189,Feature,High,6,No
T013209,C019646,Billing,High,15,No
T013210,C015878,Billing,Medium,1,Yes
T013211,C047030,Cancellation,Medium,6,No
T013212,C008468,Login,High,15,Yes
T013213,C000623,Bug,High,0,No
T013214,C007073,Billing,Medium,5,Yes
T013215,C034786,Cancellation,High,14,Yes
T013216,C042032,Login,Medium,13,No
T013217,C006423,Cancellation,Low,11,Yes
T013218,C036608,Bug,High,7,No
T013219,C037280,Bug,High,3,Yes
T013220,C029464,Feature,High,10,Yes
T013221,C019000,Feature,High,15,Yes
T013222,C040895,Billing,Low,15,No
T013223,C024718,Billing,Low,3,No
T013224,C038038,Billing,Low,12,No
T013225,C035147,Login,Medium,12,Yes
T013226,C006889,Cancellation,High,10,Yes
T013227,C013050,Login,Medium,11,No
T013228,C006726,Bug,High,12,No
T013229,C024791,Login,Medium,7,No
T013230,C049260,Bug,High,6,No
T013231,C042162,Cancellation,Low,9,No
T013232,C001790,Feature,Low,5,Yes
T013233,C048669,Bug,Low,13,Yes
T013234,C031327,Bug,Medium,2,No
T013235,C002950,Bug,High,14,No
T013236,C044938,Login,Low,8,No
T013237,C015061,Billing,Medium,1,Yes
T013238,C000314,Bug,High,6,Yes
T013239,C002877,Bug,High,3,No
T013240,C005212,Billing,Medium,12,Yes
T013241,C004885,Billing,Low,15,Yes
T013242,C008141,Feature,Low,4,No
T013243,C045566,Feature,Low,6,Yes
T013244,C031836,Bug,High,1,No
T013245,C024155,Login,Medium,5,No
T013246,C039334,Feature,Low,8,No
T013247,C045510,Bug,Low,8,No
T013248,C044163,Billing,Medium,1,No
T013249,C007714,Feature,High,12,No
T013250,C047549,Bug,Medium,9,No
T013251,C040919,Feature,Medium,11,Yes
T013252,C045353,Cancellation,Low,2,No
T013253,C010015,Cancellation,High,10,Yes
T013254,C028855,Cancellation,Medium,9,No
T013255,C019255,Login,Medium,6,No
T013256,C031329,Bug,High,2,No
T013257,C017001,Cancellation,Low,8,No
T013258,C016003,Billing,Low,15,No
T013259,C024022,Bug,Medium,15,Yes
T013260,C016085,Login,Medium,1,Yes
T013261,C019836,Billing,Medium,0,Yes
T013262,C039149,Login,Medium,5,No
T013263,C037716,Billing,High,8,No
T013264,C015440,Billing,High,9,No
T013265,C007211,Bug,High,13,No
T013266,C027069,Feature,Low,11,No
T013267,C046054,Cancellation,High,4,No
T013268,C046730,Bug,High,11,Yes
T013269,C020267,Login,Low,6,Yes
T013270,C007364,Cancellation,Medium,4,Yes
T013271,C015327,Billing,Medium,6,No
T013272,C010418,Cancellation,High,6,Yes
T013273,C011869,Cancellation,Medium,12,Yes
T013274,C005014,Login,Medium,6,Yes
T013275,C007006,Cancellation,High,12,No
T013276,C029226,Login,Medium,13,Yes
T013277,C010646,Feature,Medium,4,Yes
T013278,C049951,Feature,Low,11,No
T013279,C040914,Login,Low,7,No
T013280,C038404,Cancellation,High,12,Yes
T013281,C030010,Bug,Medium,8,Yes
T013282,C029013,Cancellation,Medium,13,No
T013283,C038606,Cancellation,Low,14,Yes
T013284,C010211,Cancellation,High,9,No
T013285,C037382,Bug,Low,3,Yes
T013286,C036624,Login,Low,9,No
T013287,C029067,Feature,High,4,No
T013288,C011943,Billing,Medium,2,Yes
T013289,C033349,Feature,High,12,No
T013290,C026795,Cancellation,Medium,2,Yes
T013291,C001645,Billing,Medium,5,No
T013292,C034666,Login,High,14,Yes
T013293,C018504,Login,Low,11,No
T013294,C003882,Cancellation,High,14,Yes
T013295,C044561,Billing,Medium,15,Yes
T013296,C017306,Billing,Low,15,No
T013297,C032714,Bug,Medium,6,No
T013298,C011785,Cancellation,Low,4,Yes
T013299,C034741,Bug,Low,2,Yes
T013300,C007707,Login,Low,2,No
T013301,C029583,Cancellation,High,6,Yes
T013302,C025639,Cancellation,Low,6,No
T013303,C020421,Cancellation,Medium,0,Yes
T013304,C011643,Login,Medium,2,No
T013305,C047939,Login,Low,11,Yes
T013306,C028305,Cancellation,Low,0,Yes
T013307,C036650,Cancellation,High,10,No
T013308,C049576,Billing,Low,14,No
T013309,C038169,Billing,Low,12,Yes
T013310,C007713,Login,Low,8,Yes
T013311,C047851,Login,High,12,No
T013312,C049825,Billing,High,10,Yes
T013313,C046560,Cancellation,Medium,15,Yes
T013314,C000080,Feature,High,4,Yes
T013315,C038953,Billing,Low,3,No
T013316,C003768,Bug,Low,6,No
T013317,C022692,Feature,Medium,11,Yes
T013318,C046887,Bug,Low,10,No
T013319,C036684,Cancellation,High,15,No
T013320,C010322,Login,Medium,11,Yes
T013321,C047049,Billing,Medium,7,Yes
T013322,C035438,Cancellation,High,10,Yes
T013323,C009574,Login,High,11,Yes
T013324,C047053,Billing,Low,8,No
T013325,C045916,Login,Low,13,Yes
T013326,C037591,Cancellation,Medium,3,Yes
T013327,C028054,Cancellation,Low,4,No
T013328,C009864,Feature,High,6,Yes
T013329,C012978,Login,Medium,1,Yes
T013330,C045986,Login,Medium,3,Yes
T013331,C032660,Login,Low,4,Yes
T013332,C027867,Billing,Medium,3,Yes
T013333,C002048,Login,Low,5,Yes
T013334,C006142,Feature,High,8,Yes
T013335,C032224,Login,Medium,10,Yes
T013336,C006398,Feature,Medium,15,No
T013337,C019964,Bug,Medium,4,Yes
T013338,C045624,Bug,Medium,12,No
T013339,C018311,Bug,Medium,12,Yes
T013340,C003447,Cancellation,High,8,No
T013341,C012237,Bug,High,4,Yes
T013342,C010639,Cancellation,Medium,11,Yes
T013343,C049297,Billing,Medium,5,Yes
T013344,C009080,Bug,Medium,11,Yes
T013345,C016352,Login,Medium,2,Yes
T013346,C028685,Bug,Medium,4,Yes
T013347,C007326,Login,Medium,2,Yes
T013348,C000698,Login,High,0,No
T013349,C044796,Billing,High,12,Yes
T013350,C018953,Billing,High,2,No
T013351,C040905,Feature,High,8,No
T013352,C039425,Login,Low,14,No
T013353,C008716,Billing,Low,12,No
T013354,C039036,Login,High,6,No
T013355,C014516,Feature,Medium,6,No
T013356,C038476,Login,Low,1,Yes
T013357,C037137,Feature,High,15,Yes
T013358,C029343,Cancellation,Low,9,No
T013359,C031211,Bug,Medium,7,Yes
T013360,C022648,Bug,High,9,No
T013361,C036908,Bug,Medium,10,Yes
T013362,C030098,Cancellation,Medium,7,No
T013363,C007785,Bug,High,6,Yes
T013364,C013816,Feature,Medium,1,No
T013365,C030552,Cancellation,Low,13,No
T013366,C046429,Login,Low,12,Yes
T013367,C042173,Bug,Medium,9,Yes
T013368,C010234,Login,High,0,No
T013369,C023951,Login,High,4,Yes
T013370,C037124,Login,Low,15,Yes
T013371,C043563,Feature,Medium,2,Yes
T013372,C018625,Billing,Medium,12,Yes
T013373,C040475,Feature,Low,10,No
T013374,C029069,Bug,Low,10,Yes
T013375,C031811,Login,High,14,Yes
T013376,C003304,Login,Medium,5,No
T013377,C029223,Feature,High,3,Yes
T013378,C028280,Billing,Medium,2,No
T013379,C024247,Bug,High,5,No
T013380,C027408,Bug,High,15,Yes
T013381,C004273,Login,Medium,6,No
T013382,C031987,Billing,Low,7,Yes
T013383,C016999,Login,High,9,No
T013384,C040671,Login,High,1,Yes
T013385,C029748,Feature,Medium,4,No
T013386,C016608,Bug,Medium,3,No
T013387,C033102,Bug,High,11,Yes
T013388,C019361,Login,High,3,Yes
T013389,C034490,Cancellation,Low,8,No
T013390,C004676,Feature,High,7,Yes
T013391,C009233,Bug,High,4,Yes
T013392,C033351,Bug,Low,8,No
T013393,C045464,Login,High,2,Yes
T013394,C020718,Feature,High,11,Yes
T013395,C021454,Feature,Low,15,Yes
T013396,C039717,Feature,Low,12,No
T013397,C039761,Login,Medium,1,No
T013398,C029957,Bug,High,7,No
T013399,C033610,Cancellation,Medium,11,Yes
T013400,C004572,Cancellation,High,14,No
T013401,C016874,Login,High,3,No
T013402,C044391,Cancellation,Low,15,Yes
T013403,C024908,Billing,Low,2,Yes
T013404,C016665,Cancellation,High,7,No
T013405,C008725,Login,Low,5,Yes
T013406,C013534,Feature,Low,6,Yes
T013407,C044673,Billing,Low,9,Yes
T013408,C019064,Cancellation,Low,14,No
T013409,C005204,Cancellation,Low,9,Yes
T013410,C019786,Billing,Medium,3,Yes
T013411,C041296,Login,High,1,Yes
T013412,C030850,Login,High,3,Yes
T013413,C047059,Feature,High,2,No
T013414,C003790,Feature,Low,11,No
T013415,C015815,Login,Medium,3,Yes
T013416,C017444,Feature,Medium,5,No
T013417,C044020,Login,Medium,3,No
T013418,C016707,Login,Low,8,Yes
T013419,C014465,Feature,High,3,Yes
T013420,C018441,Billing,Medium,12,Yes
T013421,C044956,Login,Low,4,Yes
T013422,C020710,Feature,High,13,Yes
T013423,C003393,Feature,High,12,No
T013424,C038058,Feature,Medium,1,Yes
T013425,C020497,Login,High,8,No
T013426,C012266,Billing,Medium,9,Yes
T013427,C005211,Cancellation,Low,3,No
T013428,C013524,Billing,High,5,Yes
T013429,C032158,Billing,High,6,No
T013430,C010436,Cancellation,High,1,Yes
T013431,C006334,Cancellation,Medium,10,No
T013432,C039825,Billing,Medium,4,Yes
T013433,C037598,Billing,High,12,No
T013434,C047394,Bug,Low,10,No
T013435,C011879,Feature,Medium,11,No
T013436,C030058,Billing,High,3,Yes
T013437,C041491,Cancellation,Low,4,Yes
T013438,C010052,Billing,Medium,15,No
T013439,C042235,Billing,High,10,Yes
T013440,C004615,Bug,Medium,6,No
T013441,C042496,Feature,Medium,3,No
T013442,C045328,Login,Medium,1,No
T013443,C013267,Cancellation,High,3,No
T013444,C017211,Billing,Medium,7,Yes
T013445,C040886,Billing,High,10,No
T013446,C042779,Billing,Medium,5,Yes
T013447,C005791,Feature,Low,8,Yes
T013448,C029204,Login,Low,14,No
T013449,C024631,Feature,Low,13,Yes
T013450,C007887,Login,Low,7,Yes
T013451,C026137,Billing,Medium,7,Yes
T013452,C018591,Billing,High,5,No
T013453,C035697,Login,High,1,Yes
T013454,C025456,Bug,High,0,No
T013455,C025073,Billing,High,11,No
T013456,C040709,Login,High,1,Yes
T013457,C017517,Login,Low,0,Yes
T013458,C029614,Billing,Medium,6,Yes
T013459,C036074,Feature,Low,5,No
T013460,C032638,Login,High,5,No
T013461,C046926,Cancellation,High,10,No
T013462,C017368,Login,Medium,13,No
T013463,C043688,Bug,Medium,9,No
T013464,C023113,Bug,High,3,No
T013465,C039397,Bug,Medium,6,No
T013466,C010108,Bug,Medium,9,Yes
T013467,C005783,Bug,High,3,Yes
T013468,C002721,Bug,Low,0,No
T013469,C033016,Bug,Low,9,No
T013470,C041596,Billing,High,9,Yes
T013471,C036340,Bug,High,13,Yes
T013472,C030170,Login,Medium,12,Yes
T013473,C018139,Billing,High,2,No
T013474,C000614,Login,High,0,Yes
T013475,C036316,Bug,Low,13,No
T013476,C021047,Cancellation,Medium,6,No
T013477,C004224,Billing,Low,0,Yes
T013478,C016333,Login,Medium,13,No
T013479,C037745,Billing,Medium,6,Yes
T013480,C017137,Feature,Medium,11,No
T013481,C019572,Login,Low,0,Yes
T013482,C048793,Bug,High,7,Yes
T013483,C036385,Billing,Low,5,Yes
T013484,C011864,Login,High,5,No
T013485,C015820,Billing,Low,1,Yes
T013486,C013513,Cancellation,High,15,Yes
T013487,C033300,Cancellation,Low,4,Yes
T013488,C033434,Bug,Low,12,No
T013489,C024223,Feature,High,10,Yes
T013490,C001083,Login,Medium,13,No
T013491,C003424,Feature,Medium,14,No
T013492,C017375,Bug,High,12,Yes
T013493,C001453,Bug,Low,7,Yes
T013494,C020257,Feature,High,3,Yes
T013495,C012486,Bug,High,13,Yes
T013496,C019778,Bug,High,6,No
T013497,C002137,Cancellation,High,4,No
T013498,C034017,Feature,Medium,11,Yes
T013499,C005533,Billing,High,6,No
T013500,C005929,Cancellation,High,15,No
T013501,C012704,Feature,Medium,3,Yes
T013502,C017166,Cancellation,High,13,Yes
T013503,C004113,Bug,Low,0,No
T013504,C034581,Cancellation,Low,15,No
T013505,C005745,Bug,High,2,Yes
T013506,C025090,Feature,High,2,Yes
T013507,C014064,Cancellation,High,1,No
T013508,C032269,Bug,Medium,15,Yes
T013509,C035818,Cancellation,High,14,No
T013510,C032628,Feature,High,10,Yes
T013511,C046276,Login,Low,15,Yes
T013512,C038670,Billing,Low,0,Yes
T013513,C011003,Feature,Low,12,Yes
T013514,C030586,Cancellation,Low,12,Yes
T013515,C044162,Cancellation,Low,14,Yes
T013516,C022005,Billing,Low,1,No
T013517,C041459,Login,Medium,10,No
T013518,C018047,Login,Low,12,Yes
T013519,C003806,Login,High,15,Yes
T013520,C006402,Login,Medium,4,No
T013521,C034410,Login,High,4,No
T013522,C005641,Cancellation,Medium,5,No
T013523,C017440,Cancellation,High,7,Yes
T013524,C030997,Cancellation,Low,4,No
T013525,C015549,Cancellation,Medium,4,Yes
T013526,C035579,Billing,Low,5,No
T013527,C019285,Billing,Low,1,Yes
T013528,C049471,Login,Low,7,No
T013529,C020950,Bug,Low,1,Yes
T013530,C043839,Bug,Medium,2,Yes
T013531,C033613,Bug,Medium,14,No
T013532,C014903,Bug,Low,14,Yes
T013533,C019397,Bug,Medium,15,Yes
T013534,C012668,Cancellation,High,2,Yes
T013535,C029709,Feature,Medium,4,Yes
T013536,C042749,Billing,High,11,Yes
T013537,C015751,Bug,High,10,No
T013538,C007436,Feature,High,6,Yes
T013539,C004372,Bug,Low,2,No
T013540,C025869,Login,Low,15,No
T013541,C007501,Feature,High,14,No
T013542,C033522,Login,Low,10,No
T013543,C022105,Feature,Low,1,Yes
T013544,C006991,Login,Medium,8,No
T013545,C005030,Cancellation,Medium,10,No
T013546,C035828,Billing,High,10,No
T013547,C035093,Cancellation,Low,5,Yes
T013548,C029338,Feature,Medium,0,No
T013549,C004947,Login,Low,6,Yes
T013550,C028147,Billing,High,13,No
T013551,C045590,Cancellation,High,10,Yes
T013552,C025670,Login,Medium,10,No
T013553,C010135,Bug,Medium,1,No
T013554,C009149,Feature,Low,3,Yes
T013555,C031860,Billing,High,10,Yes
T013556,C045406,Cancellation,Medium,3,No
T013557,C010985,Cancellation,Low,8,Yes
T013558,C041675,Cancellation,Medium,3,No
T013559,C045058,Billing,Medium,1,Yes
T013560,C040076,Cancellation,Medium,1,No
T013561,C027900,Bug,High,2,Yes
T013562,C034348,Feature,High,15,No
T013563,C004224,Cancellation,Low,5,Yes
T013564,C001902,Cancellation,Low,8,Yes
T013565,C036411,Login,High,9,No
T013566,C013598,Bug,Low,4,Yes
T013567,C049186,Bug,Medium,11,Yes
T013568,C030433,Cancellation,Medium,3,Yes
T013569,C035078,Feature,High,2,Yes
T013570,C035621,Bug,Low,5,Yes
T013571,C042021,Bug,Medium,4,No
T013572,C004079,Billing,Low,4,Yes
T013573,C046755,Feature,High,13,No
T013574,C032557,Feature,High,10,No
T013575,C008787,Login,High,14,Yes
T013576,C035864,Cancellation,Low,10,Yes
T013577,C007586,Billing,High,0,Yes
T013578,C034066,Feature,High,4,No
T013579,C048412,Billing,High,0,No
T013580,C018402,Cancellation,High,8,No
T013581,C049782,Feature,Medium,1,Yes
T013582,C018196,Bug,Medium,4,No
T013583,C016786,Login,Medium,5,Yes
T013584,C028383,Login,Medium,9,No
T013585,C043380,Bug,Medium,13,Yes
T013586,C016440,Feature,High,13,Yes
T013587,C042151,Bug,High,0,No
T013588,C003146,Feature,Low,14,No
T013589,C024365,Login,High,11,No
T013590,C013467,Billing,High,0,Yes
T013591,C047119,Cancellation,Low,3,Yes
T013592,C001995,Bug,High,10,Yes
T013593,C004714,Billing,High,0,No
T013594,C027488,Login,Medium,3,No
T013595,C029341,Billing,Medium,1,No
T013596,C028248,Bug,Medium,11,No
T013597,C001808,Feature,Low,1,No
T013598,C041369,Bug,Medium,9,Yes
T013599,C032700,Billing,Low,11,No
T013600,C029414,Feature,Medium,1,Yes
T013601,C010691,Feature,High,3,Yes
T013602,C026332,Billing,Low,15,No
T013603,C049789,Cancellation,High,14,Yes
T013604,C024421,Feature,Medium,9,Yes
T013605,C016645,Login,High,9,Yes
T013606,C026888,Bug,Low,1,No
T013607,C016932,Feature,High,9,No
T013608,C043595,Bug,Low,3,Yes
T013609,C013859,Login,Medium,5,No
T013610,C033709,Bug,High,9,Yes
T013611,C035523,Cancellation,Low,7,No
T013612,C048109,Login,Medium,13,Yes
T013613,C046864,Cancellation,Medium,5,No
T013614,C015606,Cancellation,Medium,9,Yes
T013615,C007923,Billing,Low,12,No
T013616,C003333,Bug,Low,14,Yes
T013617,C007442,Billing,Medium,5,No
T013618,C036265,Login,High,4,Yes
T013619,C011321,Feature,High,11,Yes
T013620,C015767,Login,Low,10,Yes
T013621,C019500,Billing,High,13,No
T013622,C002077,Login,High,4,No
T013623,C015805,Feature,Medium,3,No
T013624,C022765,Login,Low,9,Yes
T013625,C025261,Login,Low,5,Yes
T013626,C021469,Billing,Low,9,No
T013627,C017593,Login,Low,4,Yes
T013628,C008456,Login,Medium,10,Yes
T013629,C047915,Billing,Medium,0,Yes
T013630,C030256,Login,Low,11,No
T013631,C021755,Login,High,14,Yes
T013632,C003292,Bug,High,11,No
T013633,C039660,Cancellation,High,0,Yes
T013634,C029946,Cancellation,High,2,Yes
T013635,C037638,Login,High,12,Yes
T013636,C021020,Bug,Medium,3,Yes
T013637,C015128,Login,Medium,7,No
T013638,C041338,Billing,Medium,5,No
T013639,C011172,Cancellation,Medium,6,No
T013640,C003690,Bug,Low,12,No
T013641,C049479,Cancellation,Low,5,No
T013642,C021659,Billing,Low,5,No
T013643,C000326,Billing,Medium,3,Yes
T013644,C034152,Feature,Medium,13,Yes
T013645,C038799,Bug,Medium,12,Yes
T013646,C012789,Bug,Medium,1,No
T013647,C002620,Cancellation,High,8,Yes
T013648,C025023,Feature,High,10,No
T013649,C042458,Bug,Low,3,Yes
T013650,C001252,Cancellation,Low,2,Yes
T013651,C038908,Bug,Medium,7,Yes
T013652,C018402,Bug,Medium,8,No
T013653,C031099,Feature,Medium,1,No
T013654,C026975,Billing,Medium,8,Yes
T013655,C008697,Login,High,5,Yes
T013656,C000163,Bug,Low,14,No
T013657,C044314,Billing,High,8,Yes
T013658,C019282,Login,Medium,10,No
T013659,C041775,Login,Medium,14,Yes
T013660,C028143,Bug,Low,15,Yes
T013661,C047165,Bug,Low,10,No
T013662,C033732,Bug,Low,14,Yes
T013663,C046692,Billing,Medium,4,No
T013664,C012918,Bug,Low,3,No
T013665,C000586,Feature,Low,11,Yes
T013666,C000642,Billing,Low,14,Yes
T013667,C039341,Billing,Medium,10,Yes
T013668,C049067,Login,Low,14,Yes
T013669,C037474,Bug,Low,8,No
T013670,C036880,Login,Low,13,No
T013671,C042311,Login,High,8,Yes
T013672,C041781,Login,Medium,13,No
T013673,C048233,Login,Medium,13,Yes
T013674,C042117,Feature,High,5,No
T013675,C006658,Cancellation,Low,2,No
T013676,C019043,Bug,Medium,9,Yes
T013677,C044110,Bug,High,11,Yes
T013678,C044747,Feature,Medium,3,Yes
T013679,C041689,Login,Low,6,Yes
T013680,C040000,Cancellation,Low,14,No
T013681,C024696,Bug,High,12,Yes
T013682,C019651,Bug,Low,0,No
T013683,C030134,Cancellation,Medium,4,No
T013684,C000067,Feature,High,6,Yes
T013685,C033322,Login,Low,6,Yes
T013686,C044867,Bug,Medium,5,No
T013687,C023785,Bug,Medium,13,Yes
T013688,C021110,Bug,Low,3,No
T013689,C009638,Feature,Low,3,No
T013690,C036943,Billing,High,6,No
T013691,C038093,Login,High,10,No
T013692,C030805,Login,Low,2,Yes
T013693,C011491,Feature,Low,9,Yes
T013694,C047731,Login,Low,0,Yes
T013695,C038243,Bug,Medium,3,Yes
T013696,C035609,Login,High,2,No
T013697,C014424,Bug,High,13,No
T013698,C021926,Bug,High,2,No
T013699,C030829,Bug,Medium,2,Yes
T013700,C032967,Login,High,1,Yes
T013701,C027612,Feature,High,7,Yes
T013702,C033627,Billing,Low,0,No
T013703,C029383,Bug,Medium,0,No
T013704,C011826,Login,Medium,4,Yes
T013705,C043371,Bug,High,10,No
T013706,C021121,Login,High,11,Yes
T013707,C044049,Login,Medium,9,No
T013708,C002838,Bug,Low,6,No
T013709,C035461,Login,Medium,9,Yes
T013710,C024084,Cancellation,Medium,0,No
T013711,C041524,Cancellation,High,10,Yes
T013712,C003421,Bug,Low,11,Yes
T013713,C041778,Feature,Medium,3,No
T013714,C045042,Login,Low,14,No
T013715,C016462,Feature,Low,7,Yes
T013716,C009520,Login,High,11,Yes
T013717,C011270,Cancellation,Low,13,No
T013718,C031044,Cancellation,High,1,No
T013719,C014060,Cancellation,Medium,15,No
T013720,C019495,Cancellation,Low,4,No
T013721,C004989,Cancellation,High,11,Yes
T013722,C006080,Login,Low,9,Yes
T013723,C040943,Billing,High,1,No
T013724,C003331,Cancellation,High,9,Yes
T013725,C006923,Billing,Medium,7,Yes
T013726,C040730,Cancellation,Medium,12,Yes
T013727,C022669,Login,Medium,3,No
T013728,C022303,Billing,Medium,3,Yes
T013729,C007476,Bug,Medium,14,No
T013730,C047458,Bug,High,3,No
T013731,C047533,Bug,Low,12,Yes
T013732,C033018,Billing,Low,12,No
T013733,C028643,Billing,Low,5,Yes
T013734,C034791,Feature,Low,10,No
T013735,C004303,Billing,Medium,6,No
T013736,C032561,Cancellation,Low,13,Yes
T013737,C044881,Bug,High,7,Yes
T013738,C004079,Feature,High,15,No
T013739,C039933,Bug,High,6,No
T013740,C032222,Bug,Low,14,No
T013741,C015132,Cancellation,Low,1,Yes
T013742,C022486,Feature,Low,1,Yes
T013743,C028580,Feature,Medium,6,Yes
T013744,C028493,Bug,High,14,Yes
T013745,C002065,Feature,Low,2,No
T013746,C030413,Login,Medium,9,Yes
T013747,C044157,Billing,Medium,2,Yes
T013748,C008552,Feature,Medium,3,Yes
T013749,C033642,Feature,High,2,Yes
T013750,C042365,Login,Medium,4,No
T013751,C030207,Bug,Medium,0,No
T013752,C036225,Bug,Medium,4,No
T013753,C036671,Feature,Medium,15,Yes
T013754,C041680,Bug,Medium,5,No
T013755,C035361,Login,High,1,No
T013756,C012182,Bug,Medium,5,No
T013757,C003903,Bug,Low,6,Yes
T013758,C049659,Cancellation,Low,9,Yes
T013759,C043326,Feature,Low,5,No
T013760,C002683,Cancellation,High,10,No
T013761,C032692,Cancellation,High,6,No
T013762,C016869,Bug,High,12,Yes
T013763,C042238,Feature,Low,15,Yes
T013764,C041133,Cancellation,High,1,No
T013765,C006947,Billing,Medium,0,Yes
T013766,C030518,Bug,Low,0,No
T013767,C025146,Feature,Medium,4,No
T013768,C036738,Cancellation,Medium,11,Yes
T013769,C006811,Bug,Medium,6,Yes
T013770,C011587,Cancellation,Low,8,No
T013771,C029003,Billing,High,12,Yes
T013772,C027609,Billing,Low,14,No
T013773,C048994,Bug,High,12,Yes
T013774,C021962,Bug,Low,1,No
T013775,C030290,Billing,Low,14,Yes
T013776,C007515,Login,Low,4,No
T013777,C033530,Bug,Low,6,No
T013778,C023055,Login,Low,7,Yes
T013779,C000960,Login,Low,6,No
T013780,C002681,Feature,Low,8,No
T013781,C022535,Bug,Medium,6,Yes
T013782,C039613,Bug,High,10,Yes
T013783,C041150,Cancellation,High,1,Yes
T013784,C004161,Bug,High,4,No
T013785,C013634,Cancellation,High,7,No
T013786,C012284,Bug,High,4,No
T013787,C025811,Billing,Low,12,Yes
T013788,C032782,Feature,High,7,No
T013789,C049398,Billing,Low,9,No
T013790,C024981,Feature,Medium,11,No
T013791,C048821,Bug,High,13,Yes
T013792,C033923,Login,High,10,Yes
T013793,C007354,Login,Medium,1,No
T013794,C046054,Feature,Low,7,Yes
T013795,C028245,Cancellation,High,5,No
T013796,C031494,Cancellation,High,1,No
T013797,C048142,Feature,Low,15,Yes
T013798,C000892,Feature,Low,0,No
T013799,C007081,Feature,Low,11,Yes
T013800,C008795,Login,High,2,No
T013801,C041106,Login,Medium,10,No
T013802,C005031,Login,High,11,No
T013803,C025095,Feature,Medium,6,Yes
T013804,C008964,Login,Low,11,Yes
T013805,C037355,Bug,Medium,8,No
T013806,C037892,Cancellation,Medium,4,Yes
T013807,C018503,Feature,High,14,No
T013808,C027370,Billing,Medium,7,Yes
T013809,C028405,Bug,High,2,Yes
T013810,C014978,Bug,High,12,No
T013811,C037896,Billing,Medium,5,No
T013812,C022378,Feature,Medium,8,Yes
T013813,C038567,Feature,Low,3,Yes
T013814,C048222,Billing,Low,8,No
T013815,C033097,Bug,Medium,15,No
T013816,C019231,Login,Low,4,No
T013817,C025569,Bug,Medium,11,No
T013818,C049403,Login,Low,5,No
T013819,C003401,Billing,Medium,3,Yes
T013820,C012358,Feature,High,14,Yes
T013821,C023182,Billing,Low,10,No
T013822,C047658,Feature,High,13,Yes
T013823,C003535,Feature,Medium,12,Yes
T013824,C007649,Billing,High,5,No
T013825,C018710,Bug,Low,3,No
T013826,C029191,Login,Medium,6,No
T013827,C015429,Cancellation,High,6,No
T013828,C004215,Bug,High,0,No
T013829,C042607,Login,Low,11,No
T013830,C018521,Feature,Medium,5,No
T013831,C004653,Feature,Low,14,No
T013832,C047038,Login,Low,14,Yes
T013833,C028505,Login,Medium,2,No
T013834,C005199,Bug,High,0,No
T013835,C037267,Login,High,6,Yes
T013836,C020711,Billing,Low,13,Yes
T013837,C031661,Cancellation,Medium,15,Yes
T013838,C019844,Login,Low,14,No
T013839,C026478,Billing,High,4,No
T013840,C017055,Login,Medium,11,No
T013841,C014158,Billing,High,3,No
T013842,C032997,Bug,Medium,14,No
T013843,C001147,Feature,Low,7,No
T013844,C042241,Bug,High,8,Yes
T013845,C048120,Cancellation,High,3,No
T013846,C045108,Cancellation,Medium,1,No
T013847,C021849,Bug,Medium,3,No
T013848,C011564,Billing,High,3,Yes
T013849,C014063,Login,Low,5,No
T013850,C044815,Bug,Low,10,No
T013851,C009042,Cancellation,High,8,No
T013852,C030391,Login,Medium,3,No
T013853,C028436,Login,High,8,Yes
T013854,C022327,Bug,Low,14,Yes
T013855,C001420,Feature,Low,4,Yes
T013856,C049112,Bug,Medium,10,No
T013857,C016224,Login,High,10,Yes
T013858,C008202,Feature,High,3,Yes
T013859,C027764,Login,Low,4,Yes
T013860,C015546,Cancellation,High,15,No
T013861,C041236,Bug,High,4,No
T013862,C018955,Billing,Low,9,No
T013863,C012384,Bug,Low,4,No
T013864,C034507,Bug,Low,4,No
T013865,C044545,Cancellation,Low,4,Yes
T013866,C037589,Login,Medium,6,No
T013867,C010894,Billing,High,10,No
T013868,C044186,Bug,Low,9,Yes
T013869,C047728,Cancellation,Medium,14,No
T013870,C015175,Login,Medium,15,Yes
T013871,C017772,Cancellation,Low,12,No
T013872,C018099,Feature,High,1,No
T013873,C035523,Bug,Medium,0,Yes
T013874,C049570,Cancellation,High,5,Yes
T013875,C005827,Billing,Medium,15,Yes
T013876,C015923,Login,Medium,3,Yes
T013877,C039045,Billing,Medium,13,No
T013878,C022356,Billing,Low,7,Yes
T013879,C039283,Login,High,10,Yes
T013880,C045336,Login,High,1,Yes
T013881,C012927,Cancellation,High,2,No
T013882,C013372,Login,Low,0,No
T013883,C032322,Bug,Medium,9,No
T013884,C034472,Bug,Medium,12,No
T013885,C000617,Feature,Medium,13,No
T013886,C014488,Bug,Medium,11,No
T013887,C033973,Cancellation,High,7,Yes
T013888,C002924,Billing,Low,11,No
T013889,C040446,Billing,High,1,Yes
T013890,C002675,Cancellation,Low,2,Yes
T013891,C015614,Cancellation,High,4,Yes
T013892,C039797,Feature,Low,7,No
T013893,C008185,Cancellation,Low,5,No
T013894,C008724,Cancellation,Medium,12,Yes
T013895,C006681,Feature,Medium,13,No
T013896,C041298,Feature,Medium,5,No
T013897,C034638,Bug,Medium,14,No
T013898,C034207,Cancellation,Low,14,No
T013899,C011622,Billing,High,9,Yes
T013900,C004127,Feature,Low,8,No
T013901,C031737,Login,Medium,4,Yes
T013902,C014819,Billing,High,10,Yes
T013903,C033566,Billing,High,14,No
T013904,C008846,Bug,Medium,5,No
T013905,C024749,Cancellation,Low,15,Yes
T013906,C027118,Cancellation,Low,9,Yes
T013907,C024753,Feature,Low,8,Yes
T013908,C012454,Billing,High,2,Yes
T013909,C030879,Bug,Low,15,Yes
T013910,C010815,Bug,Low,2,No
T013911,C030719,Cancellation,Low,4,No
T013912,C008491,Billing,High,6,No
T013913,C024766,Login,Medium,1,No
T013914,C010468,Billing,Low,15,No
T013915,C028101,Login,Low,6,No
T013916,C011943,Billing,Low,0,Yes
T013917,C002667,Billing,High,5,Yes
T013918,C044141,Feature,High,2,No
T013919,C031023,Bug,Medium,8,Yes
T013920,C027729,Cancellation,High,13,Yes
T013921,C039464,Billing,Low,12,Yes
T013922,C045192,Feature,Medium,2,No
T013923,C010135,Cancellation,High,2,No
T013924,C004276,Feature,High,4,No
T013925,C004361,Cancellation,Medium,5,No
T013926,C042882,Billing,Medium,14,No
T013927,C008470,Login,Medium,11,Yes
T013928,C007808,Billing,Medium,5,Yes
T013929,C025897,Bug,Medium,3,No
T013930,C037262,Feature,Low,6,Yes
T013931,C035859,Feature,Low,6,Yes
T013932,C030514,Cancellation,Low,13,Yes
T013933,C046561,Feature,High,0,No
T013934,C015548,Bug,Medium,6,No
T013935,C006874,Cancellation,High,12,Yes
T013936,C019986,Billing,Low,0,No
T013937,C004423,Bug,Medium,13,Yes
T013938,C032051,Billing,High,15,Yes
T013939,C046803,Cancellation,Low,6,No
T013940,C025271,Login,Low,12,No
T013941,C037730,Bug,Medium,10,Yes
T013942,C027227,Login,Low,2,Yes
T013943,C017303,Feature,High,13,Yes
T013944,C024289,Bug,High,14,No
T013945,C022904,Login,Low,9,No
T013946,C010745,Feature,Low,5,No
T013947,C049992,Cancellation,High,5,No
T013948,C017335,Feature,Medium,15,Yes
T013949,C003595,Billing,Low,5,Yes
T013950,C043686,Login,Low,13,Yes
T013951,C006170,Billing,High,0,No
T013952,C036881,Feature,Low,1,No
T013953,C002320,Feature,High,2,Yes
T013954,C042049,Login,Low,13,No
T013955,C013626,Feature,High,15,Yes
T013956,C000240,Feature,High,8,Yes
T013957,C019137,Cancellation,Low,4,No
T013958,C021273,Feature,Medium,0,No
T013959,C034271,Feature,Medium,0,Yes
T013960,C016122,Cancellation,Medium,13,No
T013961,C015574,Feature,High,13,Yes
T013962,C012938,Login,Low,5,No
T013963,C007722,Cancellation,Medium,3,No
T013964,C031147,Login,High,8,Yes
T013965,C019168,Bug,Medium,3,Yes
T013966,C018327,Billing,Low,14,Yes
T013967,C019844,Feature,Medium,15,Yes
T013968,C046400,Bug,Low,5,Yes
T013969,C038031,Login,Low,3,Yes
T013970,C014814,Feature,Low,4,Yes
T013971,C005150,Billing,High,15,No
T013972,C031416,Login,High,14,No
T013973,C028243,Bug,Medium,9,No
T013974,C048053,Bug,High,1,Yes
T013975,C038355,Feature,Medium,1,Yes
T013976,C031563,Bug,Low,1,No
T013977,C037017,Cancellation,Low,6,No
T013978,C037792,Bug,Low,0,No
T013979,C009895,Login,Low,14,Yes
T013980,C005610,Billing,High,6,No
T013981,C026724,Login,Low,3,No
T013982,C042592,Billing,Low,6,Yes
T013983,C042103,Bug,Low,3,Yes
T013984,C027019,Cancellation,High,6,Yes
T013985,C007713,Bug,Low,9,Yes
T013986,C024077,Bug,Medium,1,Yes
T013987,C022726,Login,High,2,No
T013988,C033579,Bug,Medium,11,Yes
T013989,C028241,Login,Medium,0,No
T013990,C001753,Feature,Low,6,Yes
T013991,C031561,Billing,High,10,No
T013992,C048932,Feature,Medium,14,Yes
T013993,C013575,Billing,Low,0,No
T013994,C037540,Cancellation,Low,10,No
T013995,C028098,Bug,High,11,Yes
T013996,C001181,Bug,Medium,15,No
T013997,C037080,Feature,Medium,5,No
T013998,C002013,Bug,Medium,2,Yes
T013999,C017737,Billing,Medium,0,No
T014000,C015350,Billing,Medium,15,Yes
T014001,C028542,Billing,High,5,Yes
T014002,C037576,Bug,Medium,6,No
T014003,C034583,Bug,High,13,Yes
T014004,C044346,Cancellation,Medium,2,No
T014005,C041159,Login,Medium,4,No
T014006,C037374,Cancellation,Low,1,Yes
T014007,C049601,Cancellation,High,8,Yes
T014008,C044469,Login,Low,8,Yes
T014009,C000704,Login,High,13,No
T014010,C034442,Login,Low,8,No
T014011,C035070,Billing,Medium,8,Yes
T014012,C041300,Billing,Medium,6,Yes
T014013,C026465,Bug,Low,4,No
T014014,C044441,Bug,High,8,No
T014015,C007049,Cancellation,Low,8,No
T014016,C012987,Login,Low,8,Yes
T014017,C041317,Login,Low,12,Yes
T014018,C002502,Cancellation,High,0,No
T014019,C013940,Cancellation,Medium,1,No
T014020,C013401,Feature,Low,11,Yes
T014021,C009457,Feature,Medium,10,No
T014022,C013463,Bug,Low,9,Yes
T014023,C042696,Login,Low,3,Yes
T014024,C006146,Bug,Medium,1,No
T014025,C002386,Login,High,12,Yes
T014026,C031439,Cancellation,Medium,11,No
T014027,C034215,Feature,Medium,6,Yes
T014028,C017364,Bug,High,13,Yes
T014029,C049285,Login,Low,9,Yes
T014030,C049627,Login,High,13,Yes
T014031,C026381,Login,Medium,12,No
T014032,C022239,Billing,Low,2,No
T014033,C014453,Cancellation,High,6,Yes
T014034,C010619,Bug,Low,14,No
T014035,C040706,Feature,High,8,Yes
T014036,C045469,Login,Medium,13,Yes
T014037,C005533,Cancellation,High,8,No
T014038,C020240,Login,Medium,8,Yes
T014039,C044284,Login,Medium,15,No
T014040,C002193,Billing,Low,14,Yes
T014041,C007195,Feature,Medium,15,No
T014042,C041308,Billing,Low,13,Yes
T014043,C009732,Cancellation,Low,5,No
T014044,C020362,Bug,Medium,7,No
T014045,C044302,Login,Low,7,No
T014046,C025466,Cancellation,Medium,7,No
T014047,C042553,Cancellation,Low,1,Yes
T014048,C004214,Feature,Low,14,Yes
T014049,C000726,Login,Medium,0,Yes
T014050,C021569,Login,Low,15,Yes
T014051,C044243,Cancellation,Medium,8,Yes
T014052,C038746,Login,Medium,2,No
T014053,C027019,Bug,Low,4,No
T014054,C049526,Billing,Low,4,No
T014055,C013464,Bug,Medium,13,Yes
T014056,C048576,Login,High,14,No
T014057,C030811,Bug,High,4,No
T014058,C022115,Bug,High,11,Yes
T014059,C005767,Cancellation,Medium,7,Yes
T014060,C048474,Feature,High,0,No
T014061,C008893,Cancellation,Low,10,No
T014062,C003266,Bug,Low,5,Yes
T014063,C028178,Bug,Medium,2,No
T014064,C016236,Feature,High,6,Yes
T014065,C027682,Bug,High,5,No
T014066,C043402,Cancellation,Low,1,No
T014067,C020413,Feature,Medium,4,Yes
T014068,C001442,Billing,Low,8,No
T014069,C045276,Feature,Low,6,Yes
T014070,C040187,Bug,Low,2,Yes
T014071,C022236,Billing,High,4,No
T014072,C032817,Bug,Medium,14,Yes
T014073,C042275,Login,Low,8,Yes
T014074,C030599,Billing,High,12,No
T014075,C022323,Cancellation,Medium,2,No
T014076,C037134,Billing,Low,6,Yes
T014077,C041450,Billing,High,4,Yes
T014078,C049273,Login,Low,14,No
T014079,C030883,Billing,Medium,0,No
T014080,C039295,Cancellation,High,3,No
T014081,C048154,Feature,Low,4,No
T014082,C027893,Cancellation,Medium,9,Yes
T014083,C028161,Feature,High,2,No
T014084,C036280,Bug,High,15,Yes
T014085,C036112,Billing,Low,1,No
T014086,C004472,Feature,High,11,Yes
T014087,C044187,Login,Medium,8,No
T014088,C048266,Bug,Medium,13,No
T014089,C026657,Feature,High,11,Yes
T014090,C048314,Feature,High,6,Yes
T014091,C017293,Feature,Low,7,Yes
T014092,C049952,Billing,Medium,7,Yes
T014093,C005424,Cancellation,Medium,8,Yes
T014094,C017311,Feature,Medium,15,No
T014095,C026354,Login,Low,0,Yes
T014096,C040704,Cancellation,High,0,No
T014097,C023209,Feature,High,11,Yes
T014098,C038814,Billing,Medium,6,No
T014099,C022334,Cancellation,Medium,1,No
T014100,C005119,Billing,High,11,Yes
T014101,C000587,Feature,Medium,9,No
T014102,C027348,Billing,High,10,Yes
T014103,C012559,Cancellation,High,9,Yes
T014104,C040178,Cancellation,Low,2,No
T014105,C009018,Login,High,2,No
T014106,C009142,Login,High,3,Yes
T014107,C006954,Cancellation,Medium,6,No
T014108,C011214,Login,Medium,3,Yes
T014109,C029640,Billing,High,0,No
T014110,C049660,Billing,Medium,14,No
T014111,C017793,Bug,Low,9,No
T014112,C035980,Bug,Low,13,Yes
T014113,C040980,Login,Medium,13,No
T014114,C011982,Bug,Low,15,Yes
T014115,C020709,Billing,Low,6,No
T014116,C019303,Feature,Low,3,Yes
T014117,C039546,Login,High,12,Yes
T014118,C022165,Feature,Low,5,No
T014119,C014366,Bug,Low,13,No
T014120,C014142,Feature,Low,9,No
T014121,C042717,Login,Low,3,Yes
T014122,C043352,Billing,High,10,Yes
T014123,C009407,Bug,High,0,Yes
T014124,C047501,Bug,High,5,Yes
T014125,C008457,Bug,Low,10,No
T014126,C022090,Cancellation,Medium,1,Yes
T014127,C005096,Feature,Low,12,Yes
T014128,C029887,Feature,Medium,10,Yes
T014129,C011224,Cancellation,High,14,Yes
T014130,C027814,Billing,High,6,No
T014131,C046442,Bug,Medium,7,No
T014132,C034702,Login,Medium,15,Yes
T014133,C036696,Login,Medium,11,No
T014134,C001139,Cancellation,Low,3,Yes
T014135,C045528,Billing,High,7,Yes
T014136,C043066,Feature,Low,3,Yes
T014137,C030647,Login,Medium,11,No
T014138,C032172,Billing,High,7,Yes
T014139,C011211,Bug,Low,13,Yes
T014140,C008889,Cancellation,High,3,Yes
T014141,C001416,Login,Medium,1,Yes
T014142,C011227,Cancellation,High,2,Yes
T014143,C029898,Feature,High,3,No
T014144,C021217,Login,Medium,9,No
T014145,C047470,Billing,High,13,Yes
T014146,C002757,Billing,Medium,15,No
T014147,C024372,Billing,Medium,1,Yes
T014148,C004772,Bug,High,3,Yes
T014149,C019302,Feature,Low,8,Yes
T014150,C044488,Cancellation,Medium,13,No
T014151,C015415,Bug,High,8,No
T014152,C019101,Login,High,4,Yes
T014153,C048503,Bug,Low,6,Yes
T014154,C007552,Cancellation,Low,3,No
T014155,C005431,Login,High,7,No
T014156,C011563,Cancellation,High,2,Yes
T014157,C006238,Billing,High,10,Yes
T014158,C013832,Feature,Medium,11,Yes
T014159,C025737,Login,High,15,No
T014160,C043121,Billing,Low,12,No
T014161,C002809,Cancellation,Medium,6,No
T014162,C014840,Login,Medium,10,Yes
T014163,C036028,Cancellation,High,4,Yes
T014164,C041390,Bug,High,1,No
T014165,C032669,Cancellation,Low,7,Yes
T014166,C015772,Bug,Medium,9,Yes
T014167,C041829,Login,Low,13,Yes
T014168,C025375,Login,Medium,13,Yes
T014169,C034567,Login,Low,1,Yes
T014170,C016654,Feature,Medium,0,Yes
T014171,C029681,Billing,Low,10,No
T014172,C020642,Login,Medium,14,No
T014173,C005821,Bug,Low,4,No
T014174,C013151,Cancellation,Medium,7,No
T014175,C004915,Feature,Medium,6,No
T014176,C029684,Billing,Low,13,No
T014177,C028207,Cancellation,Low,2,Yes
T014178,C013457,Login,High,2,Yes
T014179,C016277,Login,Medium,8,Yes
T014180,C035608,Cancellation,High,12,Yes
T014181,C030751,Cancellation,Medium,14,Yes
T014182,C004391,Bug,Medium,13,No
T014183,C042369,Billing,High,5,No
T014184,C019121,Feature,High,14,Yes
T014185,C048973,Bug,Medium,14,Yes
T014186,C034015,Login,Low,8,No
T014187,C037784,Feature,Medium,14,Yes
T014188,C013977,Feature,Medium,6,No
T014189,C005352,Cancellation,Low,1,No
T014190,C047555,Cancellation,Medium,15,No
T014191,C046519,Login,Medium,5,No
T014192,C013415,Login,High,10,Yes
T014193,C031063,Feature,Medium,5,No
T014194,C041115,Login,Medium,7,Yes
T014195,C025038,Feature,Low,7,Yes
T014196,C009691,Bug,Medium,0,No
T014197,C024705,Billing,Low,4,Yes
T014198,C014604,Login,Low,10,No
T014199,C031652,Login,High,13,Yes
T014200,C024368,Cancellation,Low,12,No
T014201,C036462,Login,High,3,No
T014202,C026775,Bug,High,11,No
T014203,C035224,Cancellation,Low,15,Yes
T014204,C004367,Bug,Low,6,No
T014205,C005267,Feature,High,9,Yes
T014206,C009332,Billing,High,3,No
T014207,C039878,Feature,Medium,7,No
T014208,C044545,Bug,Medium,13,No
T014209,C044304,Feature,Medium,5,Yes
T014210,C004813,Login,High,15,No
T014211,C033392,Cancellation,Medium,8,No
T014212,C026674,Feature,Medium,2,Yes
T014213,C001318,Cancellation,Medium,5,Yes
T014214,C003866,Cancellation,Low,13,No
T014215,C048809,Login,High,14,Yes
T014216,C017754,Login,Low,6,Yes
T014217,C028958,Login,High,9,No
T014218,C039782,Cancellation,High,15,Yes
T014219,C003068,Bug,High,2,No
T014220,C018227,Bug,Low,7,Yes
T014221,C020438,Billing,Medium,2,No
T014222,C001655,Cancellation,Low,1,No
T014223,C046033,Bug,Medium,10,Yes
T014224,C026953,Login,Medium,5,No
T014225,C016480,Login,Medium,5,Yes
T014226,C019626,Cancellation,Low,9,Yes
T014227,C036853,Billing,High,1,Yes
T014228,C023730,Feature,High,4,No
T014229,C027318,Login,Medium,11,No
T014230,C038274,Bug,Low,3,No
T014231,C034515,Login,Low,6,No
T014232,C004527,Cancellation,High,5,Yes
T014233,C002607,Cancellation,High,0,Yes
T014234,C029947,Bug,Low,0,Yes
T014235,C001610,Login,High,1,Yes
T014236,C038012,Bug,High,8,No
T014237,C033122,Login,Medium,15,Yes
T014238,C003142,Billing,Low,5,No
T014239,C024230,Feature,Medium,5,Yes
T014240,C015748,Feature,Medium,10,No
T014241,C034581,Login,Medium,1,No
T014242,C006598,Feature,Medium,15,No
T014243,C007818,Login,Medium,5,Yes
T014244,C016591,Bug,Low,3,No
T014245,C039659,Feature,Medium,13,No
T014246,C016271,Feature,High,12,No
T014247,C048124,Bug,Medium,7,Yes
T014248,C011795,Login,Medium,7,No
T014249,C015329,Billing,Low,15,No
T014250,C007067,Feature,High,1,No
T014251,C020012,Billing,Medium,12,Yes
T014252,C042707,Cancellation,High,2,Yes
T014253,C049160,Login,High,12,No
T014254,C049251,Billing,Medium,13,No
T014255,C013437,Feature,Medium,0,Yes
T014256,C026760,Feature,High,0,No
T014257,C014610,Feature,Low,9,Yes
T014258,C023165,Bug,High,2,Yes
T014259,C030578,Bug,Medium,2,Yes
T014260,C030572,Feature,Low,9,Yes
T014261,C001359,Login,Low,5,No
T014262,C036102,Login,High,3,Yes
T014263,C034922,Cancellation,Low,4,Yes
T014264,C011795,Login,High,15,Yes
T014265,C019032,Login,Medium,13,Yes
T014266,C039116,Login,Medium,12,No
T014267,C018969,Billing,High,2,No
T014268,C019498,Login,Medium,14,Yes
T014269,C001468,Cancellation,Low,1,Yes
T014270,C042561,Billing,High,12,Yes
T014271,C032014,Feature,High,1,No
T014272,C043270,Feature,Medium,2,No
T014273,C024418,Bug,Low,9,No
T014274,C013470,Cancellation,High,12,Yes
T014275,C023016,Feature,Low,2,Yes
T014276,C028838,Feature,Low,14,No
T014277,C001144,Billing,Low,4,Yes
T014278,C023852,Feature,Low,13,No
T014279,C027453,Cancellation,Low,10,No
T014280,C012188,Billing,Low,1,No
T014281,C014313,Login,High,12,Yes
T014282,C039241,Bug,Medium,8,No
T014283,C007122,Feature,Medium,6,Yes
T014284,C042132,Bug,High,0,Yes
T014285,C027161,Cancellation,Medium,11,Yes
T014286,C017715,Bug,High,8,Yes
T014287,C028082,Bug,High,15,Yes
T014288,C040614,Bug,Medium,11,No
T014289,C030417,Login,High,11,No
T014290,C017793,Billing,Low,11,No
T014291,C015008,Login,Medium,11,Yes
T014292,C023030,Feature,Low,15,No
T014293,C049727,Cancellation,Low,15,No
T014294,C020895,Billing,Low,8,No
T014295,C010251,Login,High,14,Yes
T014296,C031454,Feature,Low,13,Yes
T014297,C017084,Bug,Low,6,Yes
T014298,C023809,Billing,Medium,8,Yes
T014299,C016600,Feature,Medium,3,Yes
T014300,C006112,Billing,Medium,14,Yes
T014301,C012409,Cancellation,Low,15,No
T014302,C006470,Cancellation,High,8,Yes
T014303,C032564,Bug,Low,4,No
T014304,C039532,Bug,High,1,Yes
T014305,C006891,Login,High,0,No
T014306,C032538,Bug,Medium,6,Yes
T014307,C023331,Feature,Low,13,Yes
T014308,C009489,Login,High,15,No
T014309,C032011,Feature,Medium,13,Yes
T014310,C022571,Bug,High,4,Yes
T014311,C001274,Billing,Low,7,No
T014312,C048247,Login,High,9,No
T014313,C011199,Feature,High,11,Yes
T014314,C005369,Billing,Medium,7,Yes
T014315,C037658,Billing,Low,13,Yes
T014316,C043705,Cancellation,Medium,7,Yes
T014317,C001067,Feature,Low,6,Yes
T014318,C019070,Login,Low,1,No
T014319,C025965,Login,Medium,1,Yes
T014320,C048306,Feature,High,7,No
T014321,C047045,Billing,High,4,No
T014322,C001745,Login,Medium,13,Yes
T014323,C045318,Cancellation,Medium,7,Yes
T014324,C048111,Bug,High,1,Yes
T014325,C015868,Cancellation,High,3,No
T014326,C012213,Bug,High,2,Yes
T014327,C004977,Feature,High,3,No
T014328,C047248,Login,Medium,3,No
T014329,C040576,Feature,Medium,10,Yes
T014330,C009700,Feature,High,7,No
T014331,C049317,Bug,Medium,1,No
T014332,C012030,Login,Low,0,No
T014333,C023223,Billing,Low,1,No
T014334,C021278,Billing,High,10,Yes
T014335,C030176,Billing,Low,13,No
T014336,C021161,Bug,Medium,6,Yes
T014337,C018952,Bug,High,2,Yes
T014338,C003174,Bug,Medium,1,No
T014339,C012520,Bug,High,11,No
T014340,C009915,Login,Low,3,Yes
T014341,C008354,Feature,High,10,Yes
T014342,C008309,Login,Medium,10,Yes
T014343,C048614,Cancellation,High,2,Yes
T014344,C024436,Cancellation,Low,3,Yes
T014345,C007930,Login,Medium,6,Yes
T014346,C035134,Feature,Low,0,No
T014347,C033131,Bug,Low,5,No
T014348,C049378,Cancellation,Medium,8,Yes
T014349,C047834,Feature,Medium,1,Yes
T014350,C048855,Bug,Low,12,No
T014351,C021224,Cancellation,High,0,No
T014352,C001561,Billing,High,0,No
T014353,C011884,Bug,Low,5,Yes
T014354,C027579,Cancellation,Medium,13,No
T014355,C004156,Cancellation,High,15,No
T014356,C009597,Login,Low,2,Yes
T014357,C037813,Billing,High,7,Yes
T014358,C021901,Billing,Medium,8,No
T014359,C006833,Cancellation,Low,1,No
T014360,C001797,Feature,Low,7,No
T014361,C008222,Billing,High,0,Yes
T014362,C009819,Bug,Low,2,No
T014363,C045041,Billing,High,12,No
T014364,C044719,Billing,Low,15,Yes
T014365,C044048,Feature,High,10,Yes
T014366,C034473,Bug,High,8,Yes
T014367,C036207,Feature,Low,13,No
T014368,C034365,Cancellation,Medium,1,Yes
T014369,C040225,Cancellation,High,1,No
T014370,C033736,Cancellation,Low,11,No
T014371,C016684,Bug,High,2,No
T014372,C010156,Login,High,6,No
T014373,C022251,Cancellation,High,12,No
T014374,C035417,Bug,High,8,Yes
T014375,C028322,Billing,Low,10,Yes
T014376,C049710,Billing,High,13,No
T014377,C015407,Bug,High,6,No
T014378,C019782,Cancellation,Medium,12,Yes
T014379,C006385,Cancellation,Low,5,Yes
T014380,C030381,Bug,Low,6,Yes
T014381,C033777,Feature,Low,0,Yes
T014382,C024203,Bug,Low,8,Yes
T014383,C041716,Bug,Medium,4,No
T014384,C039747,Login,High,15,No
T014385,C021024,Feature,Medium,3,Yes
T014386,C044389,Bug,High,12,No
T014387,C045502,Cancellation,High,11,No
T014388,C000917,Cancellation,High,15,No
T014389,C025377,Cancellation,High,0,Yes
T014390,C009038,Login,High,13,No
T014391,C031416,Login,Medium,3,Yes
T014392,C039995,Bug,Low,12,Yes
T014393,C010176,Billing,Medium,5,No
T014394,C007728,Billing,High,8,Yes
T014395,C042012,Bug,Medium,3,No
T014396,C025994,Login,High,14,Yes
T014397,C031300,Billing,Low,6,No
T014398,C027055,Billing,High,15,Yes
T014399,C046367,Bug,High,2,No
T014400,C022961,Login,Medium,11,No
T014401,C005133,Billing,Medium,5,No
T014402,C046062,Login,High,10,No
T014403,C046573,Feature,Low,0,Yes
T014404,C009465,Login,Low,10,Yes
T014405,C016196,Cancellation,Low,6,Yes
T014406,C036018,Feature,Low,3,Yes
T014407,C022049,Login,Low,13,Yes
T014408,C006317,Bug,Medium,8,No
T014409,C032219,Login,Low,5,No
T014410,C013701,Bug,Medium,5,No
T014411,C006518,Cancellation,Medium,12,No
T014412,C037363,Bug,Low,14,No
T014413,C033237,Login,Medium,6,No
T014414,C010990,Bug,Medium,14,No
T014415,C049628,Bug,High,7,Yes
T014416,C024239,Billing,High,10,No
T014417,C033366,Billing,Medium,14,No
T014418,C020528,Bug,Medium,14,Yes
T014419,C025968,Billing,High,0,Yes
T014420,C034576,Bug,Medium,13,No
T014421,C037258,Feature,Medium,11,Yes
T014422,C010854,Cancellation,Medium,0,Yes
T014423,C040384,Cancellation,Low,14,Yes
T014424,C039149,Feature,Low,6,Yes
T014425,C005526,Billing,High,12,No
T014426,C048580,Feature,Low,4,Yes
T014427,C014146,Bug,Low,14,No
T014428,C007117,Cancellation,High,4,Yes
T014429,C040176,Bug,Low,7,Yes
T014430,C017786,Billing,High,14,No
T014431,C024220,Login,High,10,Yes
T014432,C042527,Feature,Low,10,No
T014433,C007617,Billing,Low,3,No
T014434,C035321,Login,High,0,No
T014435,C046993,Feature,Low,9,Yes
T014436,C011612,Cancellation,Medium,13,Yes
T014437,C002130,Login,High,12,No
T014438,C045071,Cancellation,Low,7,Yes
T014439,C022315,Feature,High,14,Yes
T014440,C031468,Feature,Medium,15,No
T014441,C047081,Cancellation,High,12,Yes
T014442,C003987,Login,Low,8,Yes
T014443,C042640,Bug,Medium,14,Yes
T014444,C015468,Bug,Low,13,No
T014445,C042687,Bug,Medium,14,No
T014446,C019168,Billing,Medium,15,No
T014447,C013514,Login,Medium,10,No
T014448,C042916,Login,High,9,Yes
T014449,C031500,Billing,Low,12,No
T014450,C012649,Bug,Low,0,Yes
T014451,C022955,Bug,High,8,Yes
T014452,C029825,Bug,Medium,3,No
T014453,C049666,Billing,Low,2,No
T014454,C019174,Cancellation,Low,11,No
T014455,C038312,Billing,High,7,Yes
T014456,C000332,Bug,High,2,No
T014457,C012874,Bug,Low,6,No
T014458,C034086,Bug,High,3,Yes
T014459,C016952,Feature,Medium,6,Yes
T014460,C011035,Login,Low,13,Yes
T014461,C030738,Login,Low,15,Yes
T014462,C014114,Cancellation,Low,6,No
T014463,C001945,Bug,Medium,15,Yes
T014464,C020136,Cancellation,Medium,6,Yes
T014465,C009864,Login,High,8,No
T014466,C043530,Feature,Low,12,Yes
T014467,C009527,Cancellation,High,6,No
T014468,C042193,Feature,Low,4,No
T014469,C040878,Feature,Medium,1,Yes
T014470,C028777,Feature,Low,9,No
T014471,C009923,Bug,Low,6,Yes
T014472,C015766,Cancellation,Low,11,No
T014473,C025538,Cancellation,High,7,No
T014474,C046551,Feature,Medium,14,No
T014475,C046684,Bug,High,1,No
T014476,C000552,Bug,Medium,2,No
T014477,C047749,Billing,High,13,No
T014478,C021363,Cancellation,Medium,0,No
T014479,C023407,Cancellation,High,14,Yes
T014480,C017904,Login,Low,10,No
T014481,C040036,Feature,High,3,No
T014482,C012832,Billing,Low,11,No
T014483,C009538,Billing,Medium,7,Yes
T014484,C035060,Bug,High,15,No
T014485,C010678,Login,High,15,Yes
T014486,C035379,Login,Medium,12,No
T014487,C004104,Cancellation,High,14,No
T014488,C009513,Login,Medium,14,No
T014489,C040145,Cancellation,High,13,Yes
T014490,C015937,Cancellation,High,8,Yes
T014491,C022018,Feature,Low,1,No
T014492,C018237,Login,Medium,9,No
T014493,C014512,Billing,Medium,14,No
T014494,C000958,Billing,Medium,6,Yes
T014495,C031078,Billing,Low,3,Yes
T014496,C013829,Login,Medium,3,No
T014497,C042199,Bug,Medium,3,Yes
T014498,C034553,Bug,High,14,Yes
T014499,C047471,Billing,High,13,No
T014500,C000942,Bug,Low,4,Yes
T014501,C011518,Login,Medium,1,No
T014502,C008070,Feature,Medium,9,Yes
T014503,C009084,Billing,Low,5,No
T014504,C040003,Login,High,14,No
T014505,C007810,Cancellation,High,4,No
T014506,C008219,Login,Low,10,Yes
T014507,C002153,Bug,Low,7,Yes
T014508,C009337,Billing,Low,0,No
T014509,C004741,Cancellation,High,2,No
T014510,C004791,Bug,Low,15,No
T014511,C046340,Billing,High,5,Yes
T014512,C017868,Cancellation,Low,2,No
T014513,C020691,Bug,Low,15,No
T014514,C030233,Billing,High,10,No
T014515,C011646,Billing,Medium,5,No
T014516,C043878,Feature,Medium,11,No
T014517,C009575,Billing,Medium,2,No
T014518,C013679,Login,Medium,8,No
T014519,C009970,Cancellation,Low,7,Yes
T014520,C015330,Feature,Medium,1,No
T014521,C001235,Cancellation,Low,14,No
T014522,C034152,Billing,Low,7,No
T014523,C001429,Bug,Medium,12,Yes
T014524,C049456,Feature,Low,2,No
T014525,C010578,Login,High,4,No
T014526,C019699,Billing,Medium,2,Yes
T014527,C034658,Billing,Low,7,Yes
T014528,C023945,Login,High,5,Yes
T014529,C021109,Bug,Low,4,No
T014530,C023071,Feature,Low,10,No
T014531,C026273,Feature,High,0,Yes
T014532,C018290,Billing,Low,4,No
T014533,C038498,Login,Medium,12,Yes
T014534,C020090,Cancellation,Low,7,No
T014535,C046820,Bug,Low,8,Yes
T014536,C036121,Login,High,3,Yes
T014537,C027239,Bug,Medium,12,Yes
T014538,C039317,Login,Medium,3,No
T014539,C010519,Login,Medium,4,Yes
T014540,C042676,Login,High,14,Yes
T014541,C012605,Login,Medium,5,Yes
T014542,C009703,Cancellation,Low,13,Yes
T014543,C000591,Cancellation,Low,6,Yes
T014544,C038257,Billing,Low,8,Yes
T014545,C040085,Bug,Medium,13,Yes
T014546,C008242,Feature,High,0,No
T014547,C021808,Feature,Low,14,Yes
T014548,C039428,Bug,Low,11,No
T014549,C028590,Bug,High,8,No
T014550,C028935,Bug,High,1,Yes
T014551,C035872,Bug,High,15,No
T014552,C029571,Bug,Medium,9,No
T014553,C008848,Cancellation,Medium,15,Yes
T014554,C043998,Login,High,9,Yes
T014555,C038535,Bug,Medium,6,No
T014556,C038788,Feature,High,4,Yes
T014557,C028225,Billing,High,13,Yes
T014558,C007251,Billing,High,10,Yes
T014559,C005909,Feature,High,1,Yes
T014560,C012948,Login,Low,7,No
T014561,C004829,Login,High,13,No
T014562,C004567,Bug,High,2,No
T014563,C031898,Login,Medium,12,Yes
T014564,C048934,Bug,Medium,2,Yes
T014565,C035709,Billing,High,1,No
T014566,C022513,Cancellation,High,3,No
T014567,C026921,Login,Low,8,No
T014568,C019632,Cancellation,High,15,No
T014569,C010205,Cancellation,Low,0,Yes
T014570,C033794,Bug,Medium,8,Yes
T014571,C005888,Bug,High,2,No
T014572,C017375,Billing,High,10,Yes
T014573,C006977,Feature,High,9,Yes
T014574,C010886,Login,Low,9,Yes
T014575,C025927,Login,High,2,No
T014576,C015133,Login,Medium,6,No
T014577,C037539,Feature,Medium,2,No
T014578,C004788,Billing,Low,7,No
T014579,C042163,Bug,High,12,No
T014580,C035451,Billing,Low,6,No
T014581,C034458,Billing,High,11,Yes
T014582,C047158,Bug,Medium,14,Yes
T014583,C014861,Login,Medium,15,Yes
T014584,C008050,Login,Medium,14,Yes
T014585,C020176,Cancellation,Medium,15,No
T014586,C009076,Cancellation,Low,2,No
T014587,C029619,Billing,Medium,1,No
T014588,C022267,Cancellation,Medium,8,Yes
T014589,C042050,Billing,High,11,Yes
T014590,C015569,Billing,High,13,Yes
T014591,C028477,Billing,Medium,15,Yes
T014592,C048960,Cancellation,Medium,8,Yes
T014593,C043572,Feature,Low,0,No
T014594,C014371,Billing,Low,8,No
T014595,C040541,Cancellation,Low,10,Yes
T014596,C030933,Cancellation,High,10,Yes
T014597,C041918,Bug,Medium,11,Yes
T014598,C047824,Bug,High,3,No
T014599,C044892,Bug,Low,10,Yes
T014600,C012138,Bug,Low,5,Yes
T014601,C005530,Billing,High,11,Yes
T014602,C048051,Bug,High,14,Yes
T014603,C021330,Login,Low,13,No
T014604,C007117,Feature,High,14,Yes
T014605,C023581,Cancellation,Medium,11,Yes
T014606,C032746,Billing,High,4,No
T014607,C049319,Cancellation,Medium,15,Yes
T014608,C008957,Cancellation,High,3,Yes
T014609,C022333,Feature,Low,9,Yes
T014610,C031429,Cancellation,Medium,5,No
T014611,C042260,Bug,Medium,8,Yes
T014612,C011884,Feature,Medium,13,No
T014613,C032720,Login,High,1,No
T014614,C033285,Billing,High,6,Yes
T014615,C027363,Billing,High,7,Yes
T014616,C020636,Cancellation,Low,15,No
T014617,C000183,Login,Medium,0,Yes
T014618,C003455,Feature,Low,0,No
T014619,C032891,Cancellation,High,15,Yes
T014620,C043688,Cancellation,Medium,5,No
T014621,C029108,Login,Low,1,No
T014622,C030402,Feature,High,3,No
T014623,C015729,Bug,Low,2,Yes
T014624,C005091,Login,Low,13,No
T014625,C030565,Feature,Medium,9,No
T014626,C038687,Login,High,4,No
T014627,C024121,Bug,Medium,9,No
T014628,C039772,Billing,High,1,Yes
T014629,C014701,Bug,Medium,10,Yes
T014630,C022836,Bug,High,12,Yes
T014631,C024371,Feature,High,11,Yes
T014632,C017584,Billing,High,1,No
T014633,C042961,Feature,High,3,Yes
T014634,C019234,Feature,Medium,13,Yes
T014635,C045859,Billing,Medium,7,Yes
T014636,C037223,Cancellation,Low,4,No
T014637,C030561,Login,High,8,Yes
T014638,C012091,Billing,Low,6,Yes
T014639,C038049,Cancellation,Low,7,No
T014640,C044965,Billing,Low,11,No
T014641,C038436,Feature,High,10,Yes
T014642,C048599,Billing,Medium,2,No
T014643,C000691,Bug,Medium,11,Yes
T014644,C048320,Billing,Medium,3,Yes
T014645,C037976,Cancellation,High,4,Yes
T014646,C020667,Feature,High,10,Yes
T014647,C016311,Login,Low,3,No
T014648,C006269,Feature,Low,5,Yes
T014649,C002125,Login,Medium,14,Yes
T014650,C044568,Login,High,6,Yes
T014651,C020133,Bug,High,12,Yes
T014652,C044873,Login,High,11,Yes
T014653,C023486,Cancellation,Low,3,No
T014654,C017437,Login,High,14,Yes
T014655,C032007,Bug,Low,10,Yes
T014656,C042826,Feature,Medium,15,Yes
T014657,C027191,Login,Low,5,No
T014658,C000868,Login,Low,8,No
T014659,C010422,Bug,High,6,No
T014660,C043342,Bug,Low,10,Yes
T014661,C041412,Cancellation,Medium,3,Yes
T014662,C015106,Feature,Low,15,Yes
T014663,C023050,Bug,Low,13,No
T014664,C038866,Login,Low,6,No
T014665,C042394,Login,Medium,5,No
T014666,C019766,Bug,High,2,Yes
T014667,C047035,Billing,High,0,Yes
T014668,C036865,Bug,High,8,No
T014669,C032828,Feature,Low,15,Yes
T014670,C035016,Login,High,10,Yes
T014671,C037673,Cancellation,Low,8,No
T014672,C022048,Login,Low,9,No
T014673,C024420,Billing,Low,13,Yes
T014674,C017186,Feature,Medium,13,No
T014675,C041557,Bug,Low,4,Yes
T014676,C033896,Feature,Low,12,No
T014677,C023798,Feature,Low,14,Yes
T014678,C008565,Cancellation,Low,3,No
T014679,C038077,Cancellation,High,0,Yes
T014680,C035831,Bug,Medium,1,Yes
T014681,C025905,Feature,High,2,Yes
T014682,C010260,Billing,Low,13,Yes
T014683,C045762,Feature,High,13,Yes
T014684,C026612,Feature,Medium,3,No
T014685,C013171,Login,Medium,4,Yes
T014686,C024192,Billing,Medium,13,Yes
T014687,C005019,Login,Medium,13,No
T014688,C013868,Bug,Medium,2,No
T014689,C024102,Bug,High,3,Yes
T014690,C002883,Feature,High,1,Yes
T014691,C038482,Feature,High,11,No
T014692,C047425,Billing,Low,13,Yes
T014693,C004009,Billing,Medium,13,Yes
T014694,C005462,Billing,High,11,Yes
T014695,C038751,Login,Low,9,No
T014696,C033594,Login,Medium,14,No
T014697,C002928,Cancellation,Low,1,Yes
T014698,C020927,Bug,Low,6,Yes
T014699,C037651,Billing,Medium,14,No
T014700,C018926,Feature,High,5,No
T014701,C002776,Billing,High,1,Yes
T014702,C022275,Login,Low,3,Yes
T014703,C040385,Bug,Low,3,Yes
T014704,C001200,Feature,High,5,No
T014705,C000650,Billing,Medium,11,No
T014706,C036716,Feature,High,9,No
T014707,C021865,Login,High,13,No
T014708,C010135,Login,Low,6,No
T014709,C048139,Feature,High,6,Yes
T014710,C029339,Login,Low,1,Yes
T014711,C008895,Login,Medium,9,No
T014712,C011018,Login,High,13,Yes
T014713,C026317,Feature,High,15,Yes
T014714,C013843,Login,Low,1,No
T014715,C047616,Login,Medium,11,Yes
T014716,C043522,Feature,High,3,No
T014717,C036406,Cancellation,High,12,No
T014718,C029771,Cancellation,Medium,9,Yes
T014719,C035346,Cancellation,Medium,5,Yes
T014720,C035999,Feature,Medium,12,Yes
T014721,C036215,Login,High,13,Yes
T014722,C028169,Cancellation,Medium,2,Yes
T014723,C046970,Feature,High,7,No
T014724,C010593,Billing,Low,2,No
T014725,C013404,Bug,High,12,No
T014726,C031975,Feature,High,6,Yes
T014727,C023698,Login,High,8,Yes
T014728,C049417,Cancellation,High,13,Yes
T014729,C028094,Billing,Low,0,No
T014730,C023870,Billing,Low,7,No
T014731,C049591,Feature,Low,10,Yes
T014732,C036700,Feature,High,7,No
T014733,C025593,Bug,Medium,6,Yes
T014734,C027560,Billing,Low,12,Yes
T014735,C020093,Login,Low,3,Yes
T014736,C048443,Feature,Medium,3,No
T014737,C017373,Cancellation,Medium,7,No
T014738,C043823,Cancellation,Medium,14,Yes
T014739,C008058,Feature,Low,2,No
T014740,C033845,Cancellation,High,7,Yes
T014741,C048716,Cancellation,Low,12,Yes
T014742,C036257,Billing,Low,15,Yes
T014743,C035896,Feature,Low,13,Yes
T014744,C035029,Login,High,6,Yes
T014745,C028830,Feature,Low,15,No
T014746,C014683,Cancellation,Low,0,No
T014747,C020382,Login,Low,1,No
T014748,C013129,Bug,High,14,No
T014749,C040397,Feature,Medium,6,Yes
T014750,C015418,Cancellation,Medium,9,Yes
T014751,C032221,Cancellation,High,14,No
T014752,C009797,Bug,Low,2,Yes
T014753,C033682,Billing,High,9,No
T014754,C038214,Cancellation,High,6,Yes
T014755,C041242,Bug,Medium,8,Yes
T014756,C038906,Cancellation,High,8,No
T014757,C039646,Bug,Medium,11,Yes
T014758,C022919,Billing,Low,1,No
T014759,C017039,Bug,Medium,0,Yes
T014760,C005932,Cancellation,High,5,No
T014761,C020804,Billing,High,12,No
T014762,C043680,Feature,High,8,No
T014763,C014489,Billing,Low,4,Yes
T014764,C040505,Bug,High,4,No
T014765,C047468,Feature,Low,7,No
T014766,C048344,Feature,Medium,1,Yes
T014767,C027652,Feature,Low,2,Yes
T014768,C039000,Billing,High,2,No
T014769,C040243,Login,High,14,No
T014770,C025423,Login,Medium,1,Yes
T014771,C047916,Login,Low,5,No
T014772,C000335,Feature,High,10,Yes
T014773,C045929,Bug,High,10,No
T014774,C036207,Bug,Medium,13,Yes
T014775,C033247,Bug,Medium,15,Yes
T014776,C005479,Bug,Medium,12,No
T014777,C044396,Login,Low,6,Yes
T014778,C001432,Cancellation,Low,14,No
T014779,C044865,Cancellation,High,2,No
T014780,C044750,Bug,High,1,Yes
T014781,C004402,Cancellation,High,1,Yes
T014782,C004535,Login,Medium,7,No
T014783,C043630,Cancellation,Low,10,Yes
T014784,C035661,Login,Low,5,No
T014785,C022003,Login,Low,9,No
T014786,C020507,Feature,Medium,4,No
T014787,C009626,Feature,High,4,Yes
T014788,C047623,Feature,Low,7,Yes
T014789,C000198,Bug,Low,1,Yes
T014790,C045294,Feature,Low,7,No
T014791,C017314,Cancellation,Medium,9,Yes
T014792,C043136,Feature,Medium,8,No
T014793,C046566,Bug,Low,12,Yes
T014794,C001788,Feature,High,9,Yes
T014795,C029770,Bug,Low,8,No
T014796,C002382,Feature,Low,14,Yes
T014797,C028317,Feature,Medium,13,No
T014798,C022650,Login,Low,0,Yes
T014799,C043907,Billing,Medium,0,Yes
T014800,C011475,Login,High,2,Yes
T014801,C009125,Bug,Medium,5,No
T014802,C037350,Billing,Medium,13,Yes
T014803,C032855,Cancellation,Medium,11,Yes
T014804,C015410,Feature,High,13,No
T014805,C020922,Billing,High,15,No
T014806,C033132,Bug,High,8,No
T014807,C010913,Bug,Low,4,Yes
T014808,C048638,Login,High,11,No
T014809,C033724,Bug,Low,12,Yes
T014810,C040603,Bug,Low,1,No
T014811,C000859,Bug,Low,9,Yes
T014812,C022577,Bug,Medium,13,No
T014813,C033115,Login,High,7,No
T014814,C037526,Bug,High,4,Yes
T014815,C045051,Bug,High,15,Yes
T014816,C041238,Feature,Low,15,No
T014817,C039861,Login,Low,11,Yes
T014818,C046230,Billing,High,13,Yes
T014819,C048859,Bug,High,10,Yes
T014820,C017499,Feature,Medium,2,No
T014821,C011874,Billing,Medium,12,No
T014822,C041711,Cancellation,Medium,10,Yes
T014823,C008730,Cancellation,Low,10,No
T014824,C034514,Bug,High,4,Yes
T014825,C044418,Billing,High,1,No
T014826,C021773,Login,Medium,9,No
T014827,C010162,Cancellation,High,13,Yes
T014828,C016981,Feature,Medium,12,Yes
T014829,C019878,Feature,High,14,Yes
T014830,C007829,Billing,Medium,10,Yes
T014831,C036383,Billing,High,8,No
T014832,C000353,Login,Low,11,No
T014833,C024101,Login,Low,5,Yes
T014834,C044678,Billing,Medium,13,Yes
T014835,C042950,Bug,Low,3,Yes
T014836,C040357,Bug,Medium,10,Yes
T014837,C030983,Login,Medium,14,Yes
T014838,C048675,Cancellation,High,15,No
T014839,C000687,Login,Low,8,No
T014840,C032920,Login,Medium,7,No
T014841,C013937,Bug,High,4,Yes
T014842,C017629,Login,High,5,Yes
T014843,C032982,Feature,High,14,Yes
T014844,C045199,Bug,Low,3,Yes
T014845,C002444,Cancellation,Low,2,Yes
T014846,C006749,Feature,Low,15,No
T014847,C020770,Login,Medium,2,No
T014848,C041628,Billing,Medium,11,No
T014849,C034413,Cancellation,Low,12,No
T014850,C022916,Bug,Low,0,Yes
T014851,C028330,Billing,Medium,5,Yes
T014852,C034590,Bug,Low,4,Yes
T014853,C000917,Bug,High,12,No
T014854,C033107,Bug,Low,0,No
T014855,C001057,Cancellation,Low,1,Yes
T014856,C047063,Bug,High,3,No
T014857,C035866,Feature,Low,5,Yes
T014858,C026295,Bug,High,0,No
T014859,C025799,Feature,High,14,Yes
T014860,C004585,Login,Low,7,Yes
T014861,C021014,Billing,Low,0,No
T014862,C047247,Cancellation,High,5,No
T014863,C007783,Bug,High,6,Yes
T014864,C049295,Feature,Medium,11,Yes
T014865,C041599,Feature,High,1,No
T014866,C031631,Bug,Low,13,Yes
T014867,C004355,Cancellation,High,15,Yes
T014868,C000340,Bug,Low,9,No
T014869,C048356,Login,Medium,10,No
T014870,C017614,Login,Low,3,No
T014871,C023044,Cancellation,Medium,12,No
T014872,C010974,Feature,High,15,Yes
T014873,C047413,Feature,High,14,No
T014874,C022256,Login,Low,3,No
T014875,C004051,Billing,High,15,No
T014876,C021626,Billing,High,13,Yes
T014877,C025860,Cancellation,High,2,No
T014878,C038159,Feature,High,0,Yes
T014879,C024864,Feature,High,3,Yes
T014880,C037150,Feature,Low,13,No
T014881,C016079,Feature,High,11,Yes
T014882,C020444,Feature,Low,10,No
T014883,C014360,Billing,High,3,Yes
T014884,C005228,Cancellation,Low,2,Yes
T014885,C040768,Login,Low,13,No
T014886,C010383,Login,Medium,9,No
T014887,C028987,Feature,High,13,No
T014888,C030877,Billing,Medium,7,Yes
T014889,C004884,Bug,Low,5,No
T014890,C006337,Billing,Medium,5,Yes
T014891,C046489,Cancellation,Low,7,Yes
T014892,C031655,Feature,Medium,3,No
T014893,C020543,Billing,High,2,No
T014894,C047548,Billing,High,13,Yes
T014895,C013994,Cancellation,Medium,10,No
T014896,C001813,Billing,High,0,Yes
T014897,C033799,Feature,Low,12,Yes
T014898,C017276,Cancellation,High,8,Yes
T014899,C010210,Login,High,11,Yes
T014900,C031037,Feature,High,4,Yes
T014901,C041938,Login,High,14,No
T014902,C013796,Feature,Medium,1,Yes
T014903,C026086,Cancellation,Medium,12,Yes
T014904,C040328,Bug,Low,3,Yes
T014905,C028372,Login,High,12,No
T014906,C041786,Feature,High,2,Yes
T014907,C026147,Billing,High,8,Yes
T014908,C031340,Feature,High,3,Yes
T014909,C030635,Feature,High,3,No
T014910,C008037,Bug,High,5,No
T014911,C010311,Bug,Low,9,No
T014912,C015704,Bug,High,2,No
T014913,C025291,Login,Medium,2,No
T014914,C048925,Feature,Low,0,No
T014915,C032290,Login,Medium,6,No
T014916,C034905,Bug,Low,8,No
T014917,C049156,Cancellation,High,13,Yes
T014918,C016578,Cancellation,Low,7,Yes
T014919,C021854,Cancellation,Medium,8,No
T014920,C025606,Login,Low,11,Yes
T014921,C013285,Cancellation,Low,9,Yes
T014922,C024186,Login,High,12,Yes
T014923,C034866,Cancellation,Low,13,No
T014924,C009210,Bug,Low,1,No
T014925,C002816,Cancellation,Medium,13,No
T014926,C009623,Billing,High,14,No
T014927,C002047,Billing,Low,10,No
T014928,C028507,Feature,Low,5,Yes
T014929,C017355,Feature,Medium,9,Yes
T014930,C038818,Bug,Medium,6,Yes
T014931,C030975,Bug,High,7,No
T014932,C026473,Billing,Medium,10,No
T014933,C005075,Login,Medium,6,Yes
T014934,C040009,Billing,Medium,0,Yes
T014935,C027528,Cancellation,Medium,13,No
T014936,C038074,Bug,Low,12,Yes
T014937,C027087,Login,High,5,No
T014938,C041231,Feature,Medium,10,Yes
T014939,C031137,Cancellation,Medium,3,Yes
T014940,C045359,Cancellation,High,14,Yes
T014941,C044144,Feature,Medium,6,No
T014942,C030653,Feature,High,12,No
T014943,C037784,Billing,Medium,7,Yes
T014944,C046519,Feature,High,2,No
T014945,C019089,Cancellation,High,2,No
T014946,C012193,Bug,Medium,2,Yes
T014947,C033389,Bug,Medium,13,Yes
T014948,C036744,Cancellation,Low,6,Yes
T014949,C039793,Bug,Medium,2,No
T014950,C007230,Billing,High,9,Yes
T014951,C001749,Cancellation,High,9,Yes
T014952,C032078,Login,High,4,No
T014953,C007991,Cancellation,Low,5,Yes
T014954,C046967,Billing,Medium,13,No
T014955,C044737,Cancellation,High,4,Yes
T014956,C021152,Billing,Low,14,Yes
T014957,C046017,Cancellation,Low,11,No
T014958,C044991,Billing,High,5,Yes
T014959,C001411,Login,Medium,2,Yes
T014960,C048622,Login,Medium,7,Yes
T014961,C035547,Billing,Low,14,No
T014962,C026512,Bug,Medium,2,Yes
T014963,C003353,Bug,Medium,10,No
T014964,C038926,Bug,Medium,11,No
T014965,C040666,Feature,High,12,No
T014966,C032465,Login,High,2,Yes
T014967,C038548,Feature,High,7,No
T014968,C016810,Bug,Medium,10,Yes
T014969,C014198,Bug,Medium,3,Yes
T014970,C029347,Login,Medium,8,No
T014971,C014878,Bug,Low,1,No
T014972,C015462,Cancellation,High,2,No
T014973,C036424,Bug,High,1,Yes
T014974,C031608,Feature,Medium,4,No
T014975,C002583,Bug,Low,11,No
T014976,C016040,Bug,Medium,13,No
T014977,C031752,Login,Low,8,No
T014978,C026170,Cancellation,Low,4,Yes
T014979,C016904,Bug,Low,8,Yes
T014980,C043285,Cancellation,Medium,10,No
T014981,C005749,Billing,Medium,1,Yes
T014982,C017131,Login,High,5,Yes
T014983,C007764,Cancellation,Medium,15,No
T014984,C047669,Billing,Low,2,Yes
T014985,C029304,Feature,High,6,No
T014986,C019086,Cancellation,Low,3,Yes
T014987,C017509,Feature,Medium,13,No
T014988,C034639,Billing,High,8,Yes
T014989,C008359,Billing,High,2,Yes
T014990,C033865,Feature,High,5,No
T014991,C041957,Cancellation,Low,9,Yes
T014992,C042431,Login,Low,6,No
T014993,C019915,Bug,Low,0,Yes
T014994,C012486,Login,Medium,4,Yes
T014995,C006629,Feature,Medium,3,Yes
T014996,C045268,Login,High,8,Yes
T014997,C010996,Billing,High,9,Yes
T014998,C020220,Bug,Low,11,Yes
T014999,C002578,Cancellation,Low,13,Yes
T015000,C006898,Bug,Medium,13,Yes
T015001,C022681,Billing,Medium,3,No
T015002,C007997,Billing,Medium,7,Yes
T015003,C013019,Billing,Low,15,Yes
T015004,C043698,Billing,Medium,15,Yes
T015005,C037214,Bug,High,12,Yes
T015006,C034412,Billing,High,5,No
T015007,C026840,Cancellation,Low,3,Yes
T015008,C001514,Bug,Medium,14,No
T015009,C021599,Login,Medium,9,No
T015010,C007891,Billing,Low,0,No
T015011,C033299,Billing,Low,5,No
T015012,C018872,Login,Medium,2,No
T015013,C034109,Feature,Medium,1,No
T015014,C005227,Feature,Low,11,Yes
T015015,C014630,Billing,High,13,Yes
T015016,C004250,Billing,High,4,Yes
T015017,C008459,Feature,High,7,Yes
T015018,C046663,Billing,Low,0,No
T015019,C045079,Login,High,4,Yes
T015020,C001740,Feature,Low,4,No
T015021,C023628,Login,Low,11,Yes
T015022,C015016,Billing,Medium,0,No
T015023,C021959,Bug,Medium,8,No
T015024,C008189,Bug,Medium,10,No
T015025,C014669,Feature,Medium,9,Yes
T015026,C032919,Feature,Medium,2,No
T015027,C030663,Feature,High,2,Yes
T015028,C030489,Cancellation,Medium,15,Yes
T015029,C007566,Feature,Low,15,Yes
T015030,C018341,Cancellation,Medium,3,Yes
T015031,C048071,Billing,Medium,2,No
T015032,C001804,Billing,Medium,10,Yes
T015033,C026298,Bug,Low,5,No
T015034,C048653,Login,High,15,No
T015035,C019150,Billing,Low,12,No
T015036,C037974,Feature,Low,7,No
T015037,C041497,Feature,Low,4,Yes
T015038,C004002,Feature,Medium,14,Yes
T015039,C038151,Feature,Low,0,No
T015040,C048885,Cancellation,Low,2,Yes
T015041,C049445,Cancellation,High,9,Yes
T015042,C009555,Cancellation,High,11,Yes
T015043,C023715,Feature,Medium,4,Yes
T015044,C002650,Cancellation,Medium,5,Yes
T015045,C025961,Bug,Medium,1,Yes
T015046,C030429,Billing,Medium,12,Yes
T015047,C014282,Cancellation,Low,10,No
T015048,C032276,Feature,Medium,1,No
T015049,C003810,Bug,Low,11,Yes
T015050,C036168,Feature,High,5,No
T015051,C037941,Billing,Low,3,No
T015052,C038633,Feature,Low,10,Yes
T015053,C005735,Login,High,6,Yes
T015054,C024456,Billing,High,5,Yes
T015055,C035401,Login,Medium,7,No
T015056,C012024,Billing,High,2,Yes
T015057,C030772,Cancellation,Medium,12,Yes
T015058,C048767,Feature,Low,1,No
T015059,C027725,Login,Medium,10,Yes
T015060,C003391,Feature,Low,12,Yes
T015061,C011243,Cancellation,Low,15,No
T015062,C044383,Cancellation,Medium,5,No
T015063,C035611,Bug,Medium,15,No
T015064,C025661,Cancellation,Low,14,No
T015065,C020009,Login,Medium,5,Yes
T015066,C006443,Bug,Medium,3,Yes
T015067,C041792,Login,High,0,No
T015068,C036400,Cancellation,Medium,1,No
T015069,C035400,Login,High,11,No
T015070,C016856,Feature,Low,5,No
T015071,C037852,Login,High,2,Yes
T015072,C031637,Bug,Low,10,No
T015073,C009679,Bug,Low,7,Yes
T015074,C018659,Feature,Low,7,Yes
T015075,C030099,Billing,High,10,Yes
T015076,C002641,Login,High,12,No
T015077,C019148,Bug,High,2,Yes
T015078,C004786,Login,High,10,Yes
T015079,C031514,Login,Medium,3,Yes
T015080,C032502,Bug,High,9,No
T015081,C042309,Feature,Low,4,Yes
T015082,C049845,Billing,Low,9,No
T015083,C031934,Feature,High,15,No
T015084,C009142,Bug,Medium,8,No
T015085,C030278,Billing,High,13,Yes
T015086,C034728,Bug,Medium,12,No
T015087,C021540,Feature,Low,14,Yes
T015088,C035822,Billing,High,13,Yes
T015089,C049682,Cancellation,Medium,7,No
T015090,C024753,Login,High,1,Yes
T015091,C039592,Feature,Medium,10,Yes
T015092,C040631,Login,High,0,Yes
T015093,C003895,Login,Medium,15,No
T015094,C002885,Bug,Medium,9,Yes
T015095,C003265,Cancellation,Low,12,No
T015096,C030021,Feature,Medium,11,No
T015097,C048124,Billing,High,8,No
T015098,C008221,Login,Low,11,Yes
T015099,C029570,Billing,Medium,0,Yes
T015100,C019539,Cancellation,High,8,Yes
T015101,C049752,Bug,Medium,5,No
T015102,C019279,Bug,Low,11,No
T015103,C024979,Billing,Low,14,Yes
T015104,C028459,Cancellation,High,11,No
T015105,C046538,Bug,Medium,8,Yes
T015106,C010267,Billing,Medium,8,Yes
T015107,C009497,Cancellation,Medium,5,No
T015108,C049511,Feature,Medium,14,No
T015109,C023853,Cancellation,Medium,7,Yes
T015110,C003353,Login,High,15,Yes
T015111,C011941,Bug,High,15,No
T015112,C041616,Feature,High,15,Yes
T015113,C007652,Billing,Medium,6,No
T015114,C027225,Bug,Medium,12,No
T015115,C000262,Feature,Medium,6,Yes
T015116,C010250,Billing,High,5,Yes
T015117,C019399,Billing,Low,11,Yes
T015118,C025919,Cancellation,Low,1,Yes
T015119,C036142,Bug,Medium,12,Yes
T015120,C012044,Cancellation,High,13,No
T015121,C004409,Bug,High,2,No
T015122,C026474,Feature,Medium,7,Yes
T015123,C024123,Login,Medium,11,Yes
T015124,C042234,Login,High,10,Yes
T015125,C031832,Login,Low,4,Yes
T015126,C012152,Billing,Medium,3,No
T015127,C028689,Cancellation,High,13,Yes
T015128,C037161,Bug,High,7,Yes
T015129,C043396,Billing,High,2,No
T015130,C047037,Billing,Low,9,Yes
T015131,C030962,Cancellation,High,11,Yes
T015132,C019583,Billing,High,7,Yes
T015133,C040338,Cancellation,Medium,9,Yes
T015134,C018261,Feature,Low,3,Yes
T015135,C012772,Feature,Medium,3,Yes
T015136,C039577,Feature,Low,6,Yes
T015137,C022239,Login,Low,8,Yes
T015138,C004134,Bug,High,7,No
T015139,C042400,Login,High,6,No
T015140,C035359,Cancellation,High,10,No
T015141,C013536,Cancellation,High,14,No
T015142,C046193,Bug,Medium,2,No
T015143,C019167,Cancellation,Medium,1,No
T015144,C028720,Billing,Low,4,Yes
T015145,C036173,Cancellation,Low,12,Yes
T015146,C039954,Cancellation,Low,14,Yes
T015147,C026705,Bug,Medium,3,Yes
T015148,C039193,Cancellation,Medium,2,No
T015149,C043891,Billing,Low,13,Yes
T015150,C031631,Cancellation,Low,15,No
T015151,C014826,Feature,Medium,5,Yes
T015152,C040156,Bug,High,7,Yes
T015153,C003710,Login,High,11,No
T015154,C004251,Login,Low,11,No
T015155,C042317,Cancellation,High,7,Yes
T015156,C045557,Cancellation,Low,9,Yes
T015157,C037453,Login,Medium,11,Yes
T015158,C019941,Cancellation,Low,8,Yes
T015159,C010422,Billing,High,3,Yes
T015160,C030579,Login,High,3,No
T015161,C039408,Cancellation,High,8,Yes
T015162,C046138,Feature,Medium,14,No
T015163,C019873,Billing,Low,0,Yes
T015164,C008759,Bug,Medium,2,No
T015165,C017951,Feature,Medium,7,Yes
T015166,C023157,Feature,Low,2,No
T015167,C045879,Bug,Medium,15,No
T015168,C001740,Cancellation,High,1,Yes
T015169,C021485,Cancellation,Medium,6,Yes
T015170,C047493,Cancellation,Low,3,Yes
T015171,C006876,Cancellation,Medium,0,No
T015172,C013703,Bug,High,10,Yes
T015173,C033138,Bug,High,14,No
T015174,C031005,Feature,Medium,13,No
T015175,C044478,Bug,Medium,2,Yes
T015176,C034931,Login,Medium,13,Yes
T015177,C028843,Bug,High,5,Yes
T015178,C007582,Bug,High,5,Yes
T015179,C006030,Bug,Medium,4,Yes
T015180,C017182,Login,High,0,No
T015181,C030099,Billing,Low,5,Yes
T015182,C045786,Billing,Medium,5,Yes
T015183,C008949,Cancellation,Medium,2,No
T015184,C032953,Feature,High,13,Yes
T015185,C024288,Feature,Low,4,No
T015186,C026955,Bug,High,10,No
T015187,C040914,Billing,High,8,Yes
T015188,C034996,Cancellation,Low,11,No
T015189,C010880,Cancellation,Medium,6,Yes
T015190,C002025,Bug,Low,1,Yes
T015191,C043178,Cancellation,High,12,No
T015192,C007632,Feature,Low,12,Yes
T015193,C028683,Login,High,4,No
T015194,C013540,Feature,Low,3,No
T015195,C004349,Billing,High,12,No
T015196,C009823,Feature,Medium,15,Yes
T015197,C008831,Feature,Low,5,No
T015198,C020229,Billing,Low,1,Yes
T015199,C009057,Feature,High,9,No
T015200,C028991,Cancellation,Medium,7,No
T015201,C007381,Cancellation,Low,4,No
T015202,C017414,Login,Low,3,Yes
T015203,C003375,Cancellation,Medium,0,Yes
T015204,C007774,Feature,Low,8,Yes
T015205,C025802,Feature,High,13,Yes
T015206,C041866,Cancellation,Low,2,Yes
T015207,C005495,Feature,Medium,13,No
T015208,C033734,Login,Medium,3,No
T015209,C025212,Cancellation,Medium,12,Yes
T015210,C020867,Cancellation,Low,0,Yes
T015211,C005352,Bug,High,0,Yes
T015212,C010477,Feature,Low,5,Yes
T015213,C005716,Cancellation,Medium,0,Yes
T015214,C014371,Feature,Low,4,No
T015215,C027488,Billing,Low,10,No
T015216,C036818,Login,Low,14,Yes
T015217,C015074,Feature,Low,9,No
T015218,C048065,Cancellation,High,6,Yes
T015219,C024825,Billing,Low,5,Yes
T015220,C014411,Login,Medium,9,No
T015221,C001698,Feature,Medium,15,No
T015222,C004706,Bug,High,6,Yes
T015223,C040498,Billing,Low,1,No
T015224,C006744,Bug,Low,9,No
T015225,C039458,Bug,High,8,No
T015226,C037866,Login,High,14,Yes
T015227,C038911,Bug,Low,14,No
T015228,C049053,Cancellation,Low,11,No
T015229,C040795,Bug,High,4,No
T015230,C049804,Bug,Low,4,No
T015231,C047848,Feature,Low,3,Yes
T015232,C007404,Feature,Low,15,Yes
T015233,C040133,Billing,High,0,Yes
T015234,C042382,Cancellation,Low,15,No
T015235,C023842,Billing,Low,9,No
T015236,C012328,Login,Low,2,No
T015237,C017219,Cancellation,High,7,No
T015238,C009736,Cancellation,Medium,4,Yes
T015239,C013618,Billing,Medium,7,No
T015240,C034956,Cancellation,High,9,No
T015241,C009479,Billing,Medium,15,No
T015242,C049234,Billing,Low,2,Yes
T015243,C035083,Cancellation,High,7,Yes
T015244,C021227,Bug,High,15,Yes
T015245,C002517,Login,High,12,No
T015246,C038422,Feature,Low,13,No
T015247,C039940,Billing,Medium,1,Yes
T015248,C038418,Bug,Medium,3,No
T015249,C004510,Bug,Low,7,No
T015250,C031880,Feature,High,5,Yes
T015251,C037321,Feature,High,0,No
T015252,C043211,Billing,High,15,No
T015253,C024399,Login,Low,14,No
T015254,C010295,Login,Low,13,Yes
T015255,C029662,Cancellation,High,14,No
T015256,C019905,Cancellation,Medium,5,Yes
T015257,C003306,Login,Low,0,Yes
T015258,C032165,Feature,Low,11,Yes
T015259,C011964,Login,High,4,Yes
T015260,C007272,Bug,Medium,8,No
T015261,C037931,Login,Medium,11,No
T015262,C047550,Billing,High,9,Yes
T015263,C012590,Bug,Medium,12,Yes
T015264,C000905,Billing,Medium,1,Yes
T015265,C005500,Login,Low,9,Yes
T015266,C009692,Cancellation,High,10,Yes
T015267,C043835,Bug,Low,8,Yes
T015268,C016483,Bug,Low,11,Yes
T015269,C021787,Bug,High,7,Yes
T015270,C035702,Login,Medium,10,Yes
T015271,C020390,Cancellation,Low,9,No
T015272,C009897,Bug,Low,10,No
T015273,C014549,Bug,Low,12,Yes
T015274,C046339,Cancellation,High,14,No
T015275,C048860,Login,Medium,10,Yes
T015276,C037162,Bug,Medium,4,Yes
T015277,C043982,Cancellation,Low,8,No
T015278,C023969,Cancellation,Medium,5,No
T015279,C025225,Feature,Medium,3,Yes
T015280,C049296,Cancellation,High,10,Yes
T015281,C039136,Cancellation,Medium,5,No
T015282,C044803,Bug,Medium,5,No
T015283,C005902,Cancellation,High,1,No
T015284,C003273,Cancellation,High,10,No
T015285,C044699,Bug,Medium,2,Yes
T015286,C048323,Billing,Medium,14,No
T015287,C017346,Feature,Medium,15,No
T015288,C031761,Bug,Medium,3,Yes
T015289,C003500,Feature,Medium,3,Yes
T015290,C035910,Billing,Medium,6,No
T015291,C047552,Cancellation,Medium,14,Yes
T015292,C017434,Login,Low,1,Yes
T015293,C005462,Billing,Medium,10,Yes
T015294,C027646,Cancellation,High,7,Yes
T015295,C026355,Login,Low,7,Yes
T015296,C028602,Bug,Low,11,No
T015297,C020232,Billing,Medium,11,No
T015298,C047178,Cancellation,Low,6,Yes
T015299,C003330,Feature,High,6,Yes
T015300,C015977,Bug,Medium,1,Yes
T015301,C049203,Bug,High,5,No
T015302,C032098,Bug,High,5,Yes
T015303,C024203,Feature,Medium,5,No
T015304,C020202,Billing,Low,14,No
T015305,C031773,Bug,Medium,12,Yes
T015306,C019436,Login,Medium,7,Yes
T015307,C031988,Cancellation,Low,11,Yes
T015308,C035567,Feature,Medium,15,Yes
T015309,C005308,Billing,Low,13,Yes
T015310,C033236,Bug,High,6,No
T015311,C018835,Feature,Medium,0,No
T015312,C032692,Login,Low,7,No
T015313,C025858,Login,Low,11,Yes
T015314,C027783,Billing,Low,15,Yes
T015315,C025193,Feature,Medium,3,No
T015316,C002510,Billing,Medium,10,Yes
T015317,C029420,Billing,Medium,12,Yes
T015318,C049436,Bug,Low,1,Yes
T015319,C016990,Login,Low,6,No
T015320,C017052,Feature,Low,8,No
T015321,C004261,Feature,High,12,No
T015322,C039263,Billing,Medium,8,Yes
T015323,C033287,Feature,Medium,5,No
T015324,C043132,Cancellation,Low,15,Yes
T015325,C026437,Billing,Medium,7,Yes
T015326,C021261,Login,Low,7,No
T015327,C031722,Billing,Medium,11,No
T015328,C034225,Login,Low,13,No
T015329,C032556,Bug,Low,0,No
T015330,C037650,Feature,High,2,Yes
T015331,C003367,Billing,Low,12,Yes
T015332,C009110,Feature,Low,14,Yes
T015333,C019051,Bug,Low,12,No
T015334,C044696,Cancellation,Low,3,Yes
T015335,C024325,Login,Low,12,Yes
T015336,C034656,Bug,Medium,8,No
T015337,C031096,Cancellation,Low,0,Yes
T015338,C009228,Billing,High,2,No
T015339,C001134,Cancellation,High,6,No
T015340,C040769,Bug,Medium,13,Yes
T015341,C029335,Feature,Medium,15,No
T015342,C020047,Login,Medium,11,No
T015343,C040202,Login,High,12,Yes
T015344,C036707,Login,High,4,No
T015345,C014501,Cancellation,Low,7,No
T015346,C000742,Login,High,15,No
T015347,C037699,Billing,High,8,Yes
T015348,C037056,Login,Medium,14,No
T015349,C014801,Cancellation,Medium,9,Yes
T015350,C031560,Cancellation,Low,8,Yes
T015351,C035074,Login,High,15,Yes
T015352,C031098,Login,Medium,12,Yes
T015353,C008167,Bug,Low,3,No
T015354,C012880,Cancellation,High,4,No
T015355,C019420,Cancellation,Medium,12,Yes
T015356,C016666,Login,Medium,14,Yes
T015357,C030597,Feature,Medium,2,No
T015358,C022314,Bug,Medium,10,No
T015359,C004433,Bug,High,15,No
T015360,C007408,Login,High,8,No
T015361,C030643,Billing,Low,14,Yes
T015362,C020409,Feature,Medium,2,Yes
T015363,C013111,Feature,Low,3,Yes
T015364,C043348,Bug,Low,8,No
T015365,C037035,Cancellation,Medium,7,No
T015366,C005776,Billing,High,4,Yes
T015367,C045146,Login,Low,8,Yes
T015368,C017593,Billing,Low,0,Yes
T015369,C022696,Billing,Low,3,No
T015370,C015788,Login,High,6,Yes
T015371,C046944,Bug,Low,9,Yes
T015372,C034443,Feature,High,11,Yes
T015373,C036468,Feature,High,2,Yes
T015374,C028702,Feature,High,0,No
T015375,C039231,Bug,High,1,No
T015376,C042805,Login,Low,5,Yes
T015377,C018939,Feature,Low,4,Yes
T015378,C040348,Login,Medium,8,Yes
T015379,C014439,Billing,Medium,13,No
T015380,C020081,Feature,Low,13,No
T015381,C046123,Feature,Medium,10,No
T015382,C047606,Bug,Medium,2,No
T015383,C040730,Bug,High,13,No
T015384,C026810,Feature,Medium,9,No
T015385,C041404,Bug,Medium,9,Yes
T015386,C030710,Feature,High,5,No
T015387,C017347,Bug,Medium,0,Yes
T015388,C015165,Login,Medium,9,No
T015389,C004496,Bug,High,7,Yes
T015390,C010975,Cancellation,Low,2,Yes
T015391,C009255,Feature,Low,6,Yes
T015392,C040402,Cancellation,High,12,No
T015393,C016222,Cancellation,Low,7,Yes
T015394,C041107,Bug,High,6,Yes
T015395,C035373,Cancellation,Low,4,No
T015396,C028491,Login,Medium,0,No
T015397,C025583,Login,High,3,Yes
T015398,C036629,Bug,Low,5,Yes
T015399,C013095,Feature,Medium,3,Yes
T015400,C025749,Cancellation,High,11,No
T015401,C006404,Cancellation,High,15,Yes
T015402,C029790,Bug,High,5,No
T015403,C012085,Login,Medium,3,Yes
T015404,C027705,Bug,Medium,9,Yes
T015405,C020244,Login,Low,0,No
T015406,C012673,Bug,Low,7,Yes
T015407,C042144,Login,High,14,Yes
T015408,C037543,Login,High,6,Yes
T015409,C019810,Billing,Low,9,No
T015410,C003833,Feature,Medium,6,Yes
T015411,C024345,Bug,Medium,2,No
T015412,C004295,Cancellation,High,4,No
T015413,C045413,Login,Low,5,Yes
T015414,C011791,Bug,Low,1,No
T015415,C025984,Feature,Medium,7,Yes
T015416,C006424,Login,Low,0,Yes
T015417,C034941,Cancellation,Medium,4,Yes
T015418,C002233,Login,Low,2,No
T015419,C034829,Feature,Medium,7,No
T015420,C048754,Feature,Medium,0,No
T015421,C016642,Feature,Low,6,Yes
T015422,C038445,Billing,High,3,Yes
T015423,C034844,Bug,High,15,No
T015424,C006581,Bug,Low,14,Yes
T015425,C006896,Billing,High,3,No
T015426,C043936,Login,High,13,No
T015427,C006143,Billing,High,7,Yes
T015428,C044042,Billing,Low,7,Yes
T015429,C035494,Feature,Low,0,No
T015430,C045304,Billing,High,0,No
T015431,C047650,Cancellation,Medium,7,No
T015432,C003211,Bug,Medium,2,Yes
T015433,C018367,Billing,Low,9,No
T015434,C048135,Bug,Medium,1,Yes
T015435,C042142,Feature,Low,7,Yes
T015436,C038334,Cancellation,High,4,No
T015437,C049654,Cancellation,Low,3,Yes
T015438,C022123,Cancellation,Low,10,Yes
T015439,C028288,Cancellation,Medium,0,Yes
T015440,C024733,Billing,Low,15,Yes
T015441,C021494,Billing,Medium,4,Yes
T015442,C005071,Login,High,15,No
T015443,C000757,Feature,Medium,2,No
T015444,C013260,Billing,Low,7,Yes
T015445,C046358,Cancellation,Medium,5,Yes
T015446,C020859,Billing,Medium,8,No
T015447,C020269,Feature,Low,7,Yes
T015448,C036681,Feature,Low,0,No
T015449,C042698,Cancellation,Low,2,No
T015450,C006108,Login,Medium,8,No
T015451,C043009,Billing,Medium,0,No
T015452,C042702,Login,Medium,10,Yes
T015453,C040368,Billing,Low,10,Yes
T015454,C039237,Cancellation,High,13,Yes
T015455,C018256,Billing,Medium,14,No
T015456,C038822,Billing,Low,9,Yes
T015457,C028702,Login,Medium,9,No
T015458,C028676,Feature,High,3,Yes
T015459,C005561,Feature,Medium,12,No
T015460,C017935,Login,High,13,Yes
T015461,C031424,Feature,High,9,No
T015462,C028499,Billing,High,0,No
T015463,C026384,Feature,Medium,9,No
T015464,C016839,Bug,Low,7,No
T015465,C006109,Cancellation,Medium,5,Yes
T015466,C036015,Billing,Low,7,Yes
T015467,C001117,Bug,Low,8,Yes
T015468,C037117,Billing,Low,10,No
T015469,C033000,Login,High,11,No
T015470,C002403,Bug,Medium,7,Yes
T015471,C039207,Feature,Medium,0,Yes
T015472,C006882,Login,Low,15,Yes
T015473,C046115,Feature,Medium,0,No
T015474,C037701,Login,Medium,3,No
T015475,C018264,Feature,High,8,Yes
T015476,C037434,Feature,Low,14,No
T015477,C016342,Bug,Medium,1,Yes
T015478,C026821,Login,Low,1,No
T015479,C044268,Billing,High,6,No
T015480,C002812,Login,High,7,No
T015481,C019005,Billing,High,6,No
T015482,C010789,Feature,Low,14,Yes
T015483,C039122,Billing,Medium,7,No
T015484,C030965,Bug,Medium,12,Yes
T015485,C029144,Cancellation,Medium,8,Yes
T015486,C041975,Feature,Medium,5,No
T015487,C040523,Cancellation,Medium,0,Yes
T015488,C036523,Feature,Medium,1,No
T015489,C044917,Login,Medium,15,No
T015490,C009835,Cancellation,Medium,15,No
T015491,C019237,Login,High,7,Yes
T015492,C024529,Billing,Medium,4,Yes
T015493,C001324,Login,High,15,No
T015494,C035841,Feature,Low,7,Yes
T015495,C030472,Bug,High,4,No
T015496,C005871,Feature,Medium,15,No
T015497,C049752,Cancellation,High,14,No
T015498,C046704,Bug,High,1,Yes
T015499,C034410,Billing,Low,12,No
T015500,C004417,Feature,High,13,No
T015501,C013176,Login,High,12,Yes
T015502,C016203,Login,High,12,No
T015503,C037677,Login,High,5,No
T015504,C027423,Billing,Medium,1,No
T015505,C022603,Bug,Medium,2,No
T015506,C037124,Cancellation,High,0,No
T015507,C047456,Login,Low,6,Yes
T015508,C000178,Login,High,2,No
T015509,C046288,Bug,Low,14,No
T015510,C011113,Bug,Medium,9,Yes
T015511,C049939,Billing,High,7,No
T015512,C028331,Billing,High,12,Yes
T015513,C030528,Cancellation,Medium,2,No
T015514,C005987,Cancellation,High,2,No
T015515,C013524,Login,Medium,8,No
T015516,C001372,Cancellation,High,12,No
T015517,C033186,Bug,Low,3,Yes
T015518,C012144,Login,High,9,Yes
T015519,C044172,Billing,Medium,9,Yes
T015520,C033804,Bug,Medium,4,Yes
T015521,C013960,Billing,Medium,13,No
T015522,C021306,Billing,Low,7,Yes
T015523,C042884,Cancellation,Low,9,Yes
T015524,C021971,Cancellation,Low,14,Yes
T015525,C028322,Cancellation,High,4,Yes
T015526,C020419,Cancellation,High,12,No
T015527,C029031,Login,High,14,Yes
T015528,C022853,Cancellation,Low,7,No
T015529,C026503,Login,Medium,2,No
T015530,C003139,Bug,Low,11,Yes
T015531,C043163,Feature,High,5,No
T015532,C047844,Cancellation,Medium,2,Yes
T015533,C017031,Cancellation,High,3,No
T015534,C045494,Feature,Medium,7,No
T015535,C047207,Login,High,5,Yes
T015536,C010259,Billing,High,7,No
T015537,C014569,Feature,High,10,Yes
T015538,C023261,Feature,Low,9,Yes
T015539,C044706,Cancellation,High,11,No
T015540,C040271,Feature,Medium,4,No
T015541,C044520,Bug,Medium,8,Yes
T015542,C035545,Cancellation,High,8,No
T015543,C015134,Login,Low,12,No
T015544,C025238,Bug,Low,14,Yes
T015545,C024646,Bug,Low,15,Yes
T015546,C041008,Feature,Low,9,No
T015547,C014563,Bug,Medium,14,No
T015548,C002190,Login,Low,2,Yes
T015549,C006930,Feature,Medium,14,No
T015550,C015955,Billing,Low,12,Yes
T015551,C003798,Bug,Low,4,No
T015552,C017007,Feature,High,12,Yes
T015553,C028703,Login,Medium,1,No
T015554,C015070,Login,Low,10,Yes
T015555,C047528,Feature,High,0,No
T015556,C045487,Login,Medium,12,Yes
T015557,C017614,Feature,Low,7,Yes
T015558,C044186,Cancellation,Medium,11,No
T015559,C004015,Bug,High,8,No
T015560,C040206,Feature,Medium,5,Yes
T015561,C042029,Bug,High,15,Yes
T015562,C021487,Feature,Medium,6,No
T015563,C042639,Cancellation,Low,8,No
T015564,C029630,Cancellation,Medium,8,Yes
T015565,C032150,Login,Medium,15,No
T015566,C020421,Feature,High,4,No
T015567,C012620,Feature,Low,13,No
T015568,C011740,Billing,Low,7,No
T015569,C013324,Cancellation,Medium,1,Yes
T015570,C020766,Bug,Low,15,No
T015571,C047317,Billing,High,12,Yes
T015572,C043610,Login,Medium,4,No
T015573,C001921,Cancellation,Medium,0,Yes
T015574,C034647,Billing,Low,14,No
T015575,C029742,Billing,Low,7,No
T015576,C046326,Feature,Medium,8,Yes
T015577,C040868,Cancellation,Low,0,No
T015578,C018343,Login,Medium,7,No
T015579,C027091,Billing,High,9,No
T015580,C006546,Cancellation,Medium,6,Yes
T015581,C020791,Login,Low,7,Yes
T015582,C016204,Billing,Low,13,No
T015583,C018069,Billing,Medium,1,No
T015584,C049347,Feature,High,7,No
T015585,C034282,Cancellation,Low,11,No
T015586,C005787,Billing,Medium,13,No
T015587,C032156,Cancellation,Medium,14,Yes
T015588,C041383,Login,Medium,1,No
T015589,C008298,Feature,Medium,2,Yes
T015590,C000589,Bug,Low,4,No
T015591,C009587,Login,High,11,Yes
T015592,C023063,Billing,Medium,7,Yes
T015593,C005007,Bug,Low,14,Yes
T015594,C000931,Cancellation,High,8,Yes
T015595,C036581,Billing,High,13,No
T015596,C007247,Login,High,15,No
T015597,C029503,Bug,Medium,8,Yes
T015598,C021684,Billing,Medium,1,No
T015599,C029506,Billing,High,3,Yes
T015600,C002319,Cancellation,High,15,Yes
T015601,C045347,Bug,Medium,12,Yes
T015602,C026617,Cancellation,Medium,5,Yes
T015603,C013698,Bug,Medium,5,No
T015604,C040048,Billing,Low,15,Yes
T015605,C020220,Cancellation,High,9,Yes
T015606,C017547,Login,Low,14,No
T015607,C011008,Cancellation,Low,2,Yes
T015608,C043325,Feature,Medium,12,Yes
T015609,C039250,Feature,Low,4,Yes
T015610,C037782,Login,Medium,9,No
T015611,C021496,Login,Medium,15,Yes
T015612,C042843,Billing,Low,9,Yes
T015613,C024628,Billing,Low,11,No
T015614,C004840,Feature,Medium,12,Yes
T015615,C025488,Bug,High,9,Yes
T015616,C025584,Bug,Medium,10,No
T015617,C021095,Cancellation,Medium,6,No
T015618,C012529,Cancellation,High,12,No
T015619,C024458,Cancellation,Low,15,No
T015620,C015692,Cancellation,Low,4,Yes
T015621,C027981,Billing,Medium,15,No
T015622,C024435,Feature,Low,11,No
T015623,C029586,Feature,Medium,13,Yes
T015624,C044666,Bug,Low,13,Yes
T015625,C033632,Login,High,10,No
T015626,C025880,Login,High,2,No
T015627,C030618,Login,High,14,No
T015628,C025208,Bug,Low,15,Yes
T015629,C020273,Bug,Low,7,Yes
T015630,C047553,Billing,Low,11,No
T015631,C018460,Feature,Medium,14,Yes
T015632,C000109,Bug,Low,3,No
T015633,C021699,Feature,Medium,10,Yes
T015634,C017761,Login,Medium,7,Yes
T015635,C011536,Cancellation,Medium,2,No
T015636,C034925,Cancellation,High,9,Yes
T015637,C006483,Login,Low,0,Yes
T015638,C010080,Feature,High,9,Yes
T015639,C043326,Feature,Medium,8,No
T015640,C013744,Billing,High,1,Yes
T015641,C024077,Feature,Medium,13,Yes
T015642,C025972,Billing,Medium,9,Yes
T015643,C035879,Cancellation,High,11,Yes
T015644,C027189,Feature,High,7,Yes
T015645,C009297,Cancellation,Medium,11,Yes
T015646,C007054,Billing,Medium,12,No
T015647,C024663,Bug,High,8,Yes
T015648,C010372,Feature,Low,4,No
T015649,C016484,Billing,Medium,6,No
T015650,C022876,Login,High,8,Yes
T015651,C008455,Login,Medium,0,Yes
T015652,C027636,Login,Low,5,No
T015653,C025252,Cancellation,High,12,No
T015654,C005088,Bug,High,9,No
T015655,C020360,Bug,Medium,15,Yes
T015656,C046059,Feature,Low,3,No
T015657,C018887,Cancellation,Low,1,No
T015658,C023909,Login,Medium,2,Yes
T015659,C035602,Cancellation,Medium,6,Yes
T015660,C018042,Login,High,2,Yes
T015661,C048486,Feature,Low,13,Yes
T015662,C041548,Feature,Low,13,No
T015663,C004228,Feature,Medium,7,No
T015664,C040911,Bug,Low,13,No
T015665,C022547,Feature,High,6,Yes
T015666,C037002,Billing,Low,5,Yes
T015667,C047719,Cancellation,Medium,8,Yes
T015668,C013570,Billing,Medium,6,Yes
T015669,C018048,Login,High,2,No
T015670,C004072,Login,High,5,Yes
T015671,C008846,Login,Medium,5,No
T015672,C042683,Billing,High,3,Yes
T015673,C045481,Feature,Low,11,Yes
T015674,C036565,Bug,Low,12,Yes
T015675,C049743,Feature,Low,15,No
T015676,C006127,Cancellation,Medium,1,Yes
T015677,C009592,Billing,Medium,12,No
T015678,C031141,Cancellation,Low,4,Yes
T015679,C025817,Billing,High,0,No
T015680,C018959,Cancellation,Low,14,Yes
T015681,C009755,Billing,High,13,Yes
T015682,C002761,Bug,High,1,Yes
T015683,C038120,Bug,High,9,No
T015684,C007169,Login,Medium,15,Yes
T015685,C032318,Bug,Low,7,Yes
T015686,C049069,Feature,Medium,5,No
T015687,C041328,Billing,Low,7,No
T015688,C000052,Feature,High,0,No
T015689,C008327,Billing,Medium,4,Yes
T015690,C004111,Billing,High,5,No
T015691,C010655,Cancellation,Medium,8,No
T015692,C039181,Billing,High,6,No
T015693,C048969,Login,Medium,1,Yes
T015694,C012736,Login,Medium,3,Yes
T015695,C015999,Feature,Medium,8,Yes
T015696,C031626,Feature,High,2,Yes
T015697,C036494,Feature,Medium,4,No
T015698,C018088,Feature,High,4,Yes
T015699,C046165,Login,Low,11,No
T015700,C013395,Cancellation,Low,6,Yes
T015701,C029998,Bug,Low,14,Yes
T015702,C013555,Bug,High,15,No
T015703,C014590,Bug,Medium,10,Yes
T015704,C049890,Login,Low,7,Yes
T015705,C022838,Bug,Medium,2,Yes
T015706,C023396,Bug,Medium,8,No
T015707,C013343,Billing,Low,9,No
T015708,C010010,Cancellation,Low,10,Yes
T015709,C001155,Cancellation,Medium,5,No
T015710,C022768,Billing,High,2,Yes
T015711,C023384,Cancellation,Medium,11,No
T015712,C013446,Bug,Medium,0,No
T015713,C010882,Feature,Medium,2,Yes
T015714,C029151,Cancellation,High,0,No
T015715,C039805,Feature,Medium,14,Yes
T015716,C031588,Cancellation,High,9,No
T015717,C016033,Bug,Low,2,Yes
T015718,C022220,Cancellation,High,1,Yes
T015719,C043181,Login,Medium,11,No
T015720,C036393,Login,Medium,2,No
T015721,C005439,Cancellation,High,11,Yes
T015722,C012339,Feature,Low,10,No
T015723,C025667,Cancellation,Low,14,Yes
T015724,C029160,Billing,Medium,5,Yes
T015725,C032262,Bug,Low,2,Yes
T015726,C046602,Login,High,1,No
T015727,C024254,Billing,High,6,Yes
T015728,C017935,Feature,High,3,No
T015729,C003527,Feature,High,2,No
T015730,C000563,Bug,Low,1,No
T015731,C044160,Login,Medium,4,No
T015732,C029294,Feature,High,5,Yes
T015733,C041945,Login,Medium,11,Yes
T015734,C002248,Login,High,10,No
T015735,C027513,Billing,Medium,9,No
T015736,C024568,Feature,High,8,Yes
T015737,C007446,Feature,Low,0,Yes
T015738,C048028,Cancellation,Medium,0,No
T015739,C011498,Billing,High,4,No
T015740,C007078,Billing,High,6,Yes
T015741,C025712,Feature,Medium,12,Yes
T015742,C017703,Feature,Low,7,No
T015743,C047432,Bug,Low,0,Yes
T015744,C004048,Feature,Medium,15,No
T015745,C015485,Billing,High,7,No
T015746,C035736,Cancellation,Low,15,No
T015747,C022327,Billing,Low,0,No
T015748,C042426,Feature,High,13,No
T015749,C045186,Billing,High,10,Yes
T015750,C037031,Cancellation,Medium,12,No
T015751,C030040,Bug,High,8,Yes
T015752,C013097,Billing,Low,12,No
T015753,C025004,Login,Medium,14,No
T015754,C013904,Bug,High,12,Yes
T015755,C041098,Billing,High,10,Yes
T015756,C036479,Billing,High,14,No
T015757,C041825,Billing,Medium,4,Yes
T015758,C022712,Bug,Low,6,No
T015759,C001627,Cancellation,Low,3,Yes
T015760,C049569,Login,Low,13,Yes
T015761,C029780,Login,High,13,Yes
T015762,C035366,Login,Low,11,Yes
T015763,C032235,Feature,Medium,1,No
T015764,C037392,Bug,Low,6,Yes
T015765,C032774,Billing,Medium,4,No
T015766,C028196,Cancellation,Low,13,Yes
T015767,C049750,Billing,High,5,No
T015768,C022046,Billing,High,6,Yes
T015769,C022751,Bug,Medium,9,No
T015770,C003835,Feature,Low,9,No
T015771,C006234,Billing,Medium,2,No
T015772,C032480,Bug,Low,9,No
T015773,C045197,Bug,Medium,7,Yes
T015774,C007733,Login,Low,12,No
T015775,C031494,Billing,Low,2,Yes
T015776,C045430,Feature,Medium,15,Yes
T015777,C015563,Feature,Medium,0,No
T015778,C021279,Login,Low,9,Yes
T015779,C043253,Cancellation,Low,6,No
T015780,C005053,Login,Medium,7,Yes
T015781,C036469,Billing,Medium,9,Yes
T015782,C041988,Login,High,7,Yes
T015783,C013047,Feature,Low,1,Yes
T015784,C012649,Billing,High,2,Yes
T015785,C045747,Feature,Medium,2,Yes
T015786,C033944,Bug,Medium,15,No
T015787,C016601,Cancellation,High,6,No
T015788,C015490,Login,Low,11,Yes
T015789,C046822,Bug,High,9,Yes
T015790,C030479,Cancellation,High,8,No
T015791,C029474,Billing,High,11,No
T015792,C041117,Feature,Medium,15,Yes
T015793,C000307,Feature,Low,9,No
T015794,C000004,Bug,High,2,Yes
T015795,C012485,Billing,High,8,No
T015796,C004852,Feature,Medium,3,Yes
T015797,C021422,Feature,High,3,Yes
T015798,C045708,Login,Low,14,Yes
T015799,C023270,Billing,High,8,Yes
T015800,C038597,Feature,Low,11,Yes
T015801,C010491,Login,High,10,Yes
T015802,C019372,Feature,Low,7,Yes
T015803,C023389,Feature,Medium,11,Yes
T015804,C015120,Login,Low,12,No
T015805,C019096,Feature,Medium,5,No
T015806,C038655,Cancellation,Low,12,Yes
T015807,C031216,Feature,Medium,8,No
T015808,C047699,Login,Low,0,Yes
T015809,C026347,Feature,High,13,Yes
T015810,C022023,Feature,Low,11,No
T015811,C021442,Cancellation,High,7,Yes
T015812,C001334,Cancellation,High,0,Yes
T015813,C030912,Feature,Medium,9,Yes
T015814,C043416,Billing,Low,4,No
T015815,C012477,Feature,Low,2,Yes
T015816,C019757,Feature,Low,8,Yes
T015817,C045973,Cancellation,Medium,8,Yes
T015818,C018358,Bug,Medium,14,Yes
T015819,C029234,Billing,Low,10,No
T015820,C034958,Cancellation,Medium,8,No
T015821,C043882,Cancellation,High,14,Yes
T015822,C017302,Billing,Medium,4,No
T015823,C016380,Feature,High,5,No
T015824,C007133,Feature,High,14,Yes
T015825,C003048,Bug,Medium,10,No
T015826,C014915,Login,Low,7,Yes
T015827,C032821,Cancellation,High,3,No
T015828,C023204,Login,Low,12,Yes
T015829,C019882,Bug,Medium,3,Yes
T015830,C038294,Feature,Low,14,No
T015831,C014670,Bug,Medium,0,Yes
T015832,C005472,Bug,Medium,13,No
T015833,C042377,Cancellation,Low,8,No
T015834,C034563,Feature,Low,8,Yes
T015835,C044653,Login,High,13,No
T015836,C003811,Billing,Low,13,Yes
T015837,C028633,Login,Low,0,No
T015838,C031443,Login,High,6,Yes
T015839,C000855,Login,Medium,2,No
T015840,C025644,Feature,Low,1,Yes
T015841,C034970,Cancellation,High,14,Yes
T015842,C043127,Login,Low,2,No
T015843,C017828,Login,Medium,9,No
T015844,C032371,Feature,High,15,Yes
T015845,C039524,Cancellation,Low,4,Yes
T015846,C033605,Login,High,12,No
T015847,C011639,Billing,Medium,4,Yes
T015848,C004219,Cancellation,Medium,14,Yes
T015849,C011736,Cancellation,Low,2,No
T015850,C034000,Billing,High,15,No
T015851,C009081,Billing,High,9,No
T015852,C023113,Login,Medium,9,No
T015853,C030032,Cancellation,High,15,Yes
T015854,C049928,Login,Low,6,No
T015855,C047847,Bug,High,1,No
T015856,C006701,Cancellation,Low,6,No
T015857,C046808,Feature,High,6,Yes
T015858,C011078,Bug,Low,10,Yes
T015859,C012102,Cancellation,Low,5,Yes
T015860,C019840,Login,High,3,No
T015861,C025504,Bug,Medium,10,Yes
T015862,C015210,Billing,High,6,Yes
T015863,C042211,Billing,High,10,Yes
T015864,C042648,Feature,Low,11,No
T015865,C009369,Bug,Low,7,Yes
T015866,C012052,Cancellation,Medium,8,No
T015867,C000152,Login,High,2,No
T015868,C039195,Billing,Medium,4,Yes
T015869,C036707,Feature,Low,12,Yes
T015870,C001258,Billing,High,15,Yes
T015871,C045332,Bug,Medium,5,No
T015872,C049926,Billing,High,8,No
T015873,C047874,Cancellation,Medium,7,No
T015874,C037932,Feature,Medium,2,No
T015875,C028014,Login,Low,13,Yes
T015876,C011023,Bug,Medium,9,No
T015877,C032961,Bug,Medium,6,No
T015878,C040328,Login,High,10,No
T015879,C013309,Feature,Low,13,Yes
T015880,C007194,Feature,High,10,Yes
T015881,C032053,Feature,Medium,13,No
T015882,C014474,Bug,Medium,12,No
T015883,C029765,Cancellation,Low,9,No
T015884,C040449,Bug,High,1,Yes
T015885,C045590,Cancellation,Medium,5,Yes
T015886,C008091,Login,High,14,Yes
T015887,C017720,Bug,Medium,4,Yes
T015888,C021818,Billing,Medium,10,Yes
T015889,C032084,Feature,Medium,4,Yes
T015890,C001023,Bug,Medium,12,Yes
T015891,C018528,Billing,Low,4,No
T015892,C014276,Login,High,11,Yes
T015893,C006006,Feature,Medium,2,Yes
T015894,C043855,Feature,Low,14,Yes
T015895,C016621,Bug,Medium,3,Yes
T015896,C047985,Feature,Low,11,No
T015897,C013606,Feature,Low,14,Yes
T015898,C033843,Login,High,10,Yes
T015899,C018155,Cancellation,Medium,14,Yes
T015900,C023285,Billing,Low,11,Yes
T015901,C042152,Bug,Medium,4,Yes
T015902,C033309,Cancellation,Low,8,No
T015903,C022883,Feature,High,0,Yes
T015904,C004593,Login,Low,6,No
T015905,C041256,Login,High,10,No
T015906,C001015,Billing,High,5,No
T015907,C011212,Billing,Medium,10,No
T015908,C036815,Cancellation,Low,5,Yes
T015909,C041629,Bug,Low,2,Yes
T015910,C010458,Bug,Medium,15,No
T015911,C004487,Feature,Low,11,Yes
T015912,C001007,Bug,Medium,10,Yes
T015913,C011902,Billing,Low,5,Yes
T015914,C025261,Feature,Medium,11,Yes
T015915,C047157,Feature,High,5,No
T015916,C031210,Bug,Low,4,Yes
T015917,C032375,Login,High,3,No
T015918,C029901,Cancellation,Medium,9,No
T015919,C020402,Login,Low,7,No
T015920,C034465,Feature,Low,15,Yes
T015921,C020714,Login,Medium,15,No
T015922,C029838,Feature,High,10,Yes
T015923,C008563,Billing,Medium,14,Yes
T015924,C025788,Login,Low,1,Yes
T015925,C009121,Billing,Low,9,No
T015926,C013409,Billing,Medium,10,No
T015927,C035985,Feature,Low,8,Yes
T015928,C032065,Bug,High,5,No
T015929,C045347,Cancellation,Low,1,Yes
T015930,C017188,Bug,High,6,Yes
T015931,C026235,Billing,Low,1,No
T015932,C012339,Login,Medium,8,No
T015933,C036259,Login,Medium,1,Yes
T015934,C000481,Feature,Low,5,No
T015935,C001534,Login,High,1,No
T015936,C015935,Bug,High,2,No
T015937,C026906,Feature,Medium,3,No
T015938,C040756,Cancellation,Low,8,No
T015939,C024212,Bug,Low,4,Yes
T015940,C000457,Cancellation,Low,4,No
T015941,C041947,Cancellation,Low,6,Yes
T015942,C017444,Billing,High,0,No
T015943,C012323,Cancellation,Medium,12,Yes
T015944,C022319,Login,High,6,No
T015945,C033794,Bug,Medium,15,Yes
T015946,C046458,Billing,Medium,8,Yes
T015947,C029991,Cancellation,Medium,6,Yes
T015948,C012407,Cancellation,High,1,No
T015949,C033527,Billing,Medium,8,No
T015950,C008912,Login,Low,10,Yes
T015951,C025213,Login,Low,7,Yes
T015952,C027086,Bug,High,13,Yes
T015953,C033585,Cancellation,Low,5,No
T015954,C030733,Cancellation,Low,4,Yes
T015955,C006560,Login,Medium,6,No
T015956,C006922,Bug,Low,9,Yes
T015957,C036399,Login,Medium,3,No
T015958,C041140,Bug,Low,6,No
T015959,C020493,Cancellation,Medium,13,Yes
T015960,C037347,Cancellation,High,1,No
T015961,C009714,Feature,Medium,4,No
T015962,C027404,Cancellation,Medium,15,Yes
T015963,C010080,Bug,Medium,11,Yes
T015964,C027901,Feature,Medium,4,No
T015965,C023806,Billing,High,1,No
T015966,C024757,Bug,Low,8,Yes
T015967,C043966,Feature,Low,8,Yes
T015968,C034522,Bug,Low,9,Yes
T015969,C043223,Cancellation,Low,11,No
T015970,C047545,Billing,Medium,1,Yes
T015971,C036711,Cancellation,Low,2,Yes
T015972,C037351,Cancellation,High,12,Yes
T015973,C012465,Billing,Medium,10,No
T015974,C037841,Cancellation,Medium,0,No
T015975,C049802,Login,Medium,8,No
T015976,C030849,Billing,High,7,Yes
T015977,C018096,Billing,Low,8,No
T015978,C019723,Feature,High,1,Yes
T015979,C023036,Cancellation,High,14,Yes
T015980,C008013,Feature,Medium,6,No
T015981,C008660,Cancellation,Medium,6,Yes
T015982,C049525,Login,High,12,Yes
T015983,C009591,Bug,High,0,Yes
T015984,C045954,Bug,High,0,No
T015985,C012105,Cancellation,Medium,9,No
T015986,C044394,Billing,High,2,Yes
T015987,C026592,Login,Low,14,Yes
T015988,C009238,Bug,Low,10,No
T015989,C047356,Feature,Medium,10,No
T015990,C027986,Feature,Medium,12,No
T015991,C039424,Login,Low,5,No
T015992,C038455,Bug,Low,5,Yes
T015993,C002549,Feature,High,8,No
T015994,C022748,Login,Medium,9,No
T015995,C037923,Feature,High,4,Yes
T015996,C031512,Login,Medium,3,No
T015997,C042257,Bug,High,5,No
T015998,C029787,Cancellation,High,14,Yes
T015999,C022005,Cancellation,Low,8,No
T016000,C032167,Login,Low,8,Yes
T016001,C007574,Bug,Medium,14,Yes
T016002,C040370,Cancellation,Medium,10,Yes
T016003,C026227,Cancellation,Low,12,Yes
T016004,C039748,Bug,Low,12,No
T016005,C040531,Login,High,1,No
T016006,C040842,Feature,High,3,No
T016007,C000076,Billing,High,3,Yes
T016008,C024889,Cancellation,High,8,No
T016009,C030397,Feature,Medium,14,No
T016010,C003023,Login,Low,13,No
T016011,C025381,Bug,Medium,10,Yes
T016012,C032872,Cancellation,Low,3,No
T016013,C016093,Cancellation,Medium,3,No
T016014,C025359,Billing,Low,13,Yes
T016015,C002507,Bug,High,8,Yes
T016016,C005509,Billing,Low,3,Yes
T016017,C045720,Login,Low,6,No
T016018,C017141,Cancellation,Low,4,No
T016019,C038074,Login,Low,4,No
T016020,C006566,Bug,Low,10,No
T016021,C015427,Billing,Low,7,Yes
T016022,C042624,Login,Medium,2,No
T016023,C008513,Cancellation,Medium,10,Yes
T016024,C008357,Login,Low,15,No
T016025,C031393,Bug,High,14,No
T016026,C031667,Login,High,5,Yes
T016027,C014729,Login,Medium,11,No
T016028,C045490,Cancellation,High,3,Yes
T016029,C019407,Feature,Low,11,Yes
T016030,C029850,Bug,High,8,Yes
T016031,C045042,Login,High,15,No
T016032,C018143,Login,Medium,3,No
T016033,C022940,Login,Medium,15,Yes
T016034,C016237,Cancellation,High,14,Yes
T016035,C043611,Billing,Low,7,Yes
T016036,C036199,Login,High,6,Yes
T016037,C027436,Cancellation,Medium,5,Yes
T016038,C030917,Feature,High,5,Yes
T016039,C001164,Billing,Medium,5,Yes
T016040,C024692,Cancellation,Low,0,Yes
T016041,C041259,Feature,Low,5,No
T016042,C046080,Billing,High,6,No
T016043,C031631,Bug,High,8,Yes
T016044,C024924,Login,High,11,No
T016045,C030722,Feature,High,9,Yes
T016046,C038666,Cancellation,Medium,11,Yes
T016047,C048059,Bug,Medium,7,No
T016048,C048539,Billing,High,14,Yes
T016049,C004003,Login,Low,4,Yes
T016050,C048956,Billing,Medium,2,Yes
T016051,C035742,Cancellation,High,9,Yes
T016052,C022331,Cancellation,Low,7,No
T016053,C034501,Login,Medium,14,Yes
T016054,C026766,Bug,Medium,12,No
T016055,C019743,Feature,Low,9,No
T016056,C046770,Billing,Medium,3,Yes
T016057,C000957,Bug,Medium,9,No
T016058,C046885,Cancellation,Medium,14,No
T016059,C015568,Billing,Low,3,Yes
T016060,C005663,Billing,Low,10,Yes
T016061,C011075,Billing,Low,7,No
T016062,C014026,Billing,Low,2,No
T016063,C003114,Feature,High,3,No
T016064,C011484,Billing,Low,5,Yes
T016065,C000195,Billing,Medium,3,Yes
T016066,C015957,Feature,High,14,Yes
T016067,C036291,Feature,High,13,Yes
T016068,C015215,Bug,Medium,11,Yes
T016069,C035952,Cancellation,High,5,Yes
T016070,C027000,Billing,Low,15,No
T016071,C012092,Bug,Low,14,No
T016072,C039922,Login,High,11,No
T016073,C010307,Login,High,12,Yes
T016074,C039767,Billing,Low,2,Yes
T016075,C039565,Feature,Low,4,No
T016076,C041639,Feature,Medium,13,Yes
T016077,C029874,Cancellation,High,7,No
T016078,C000450,Feature,Medium,3,Yes
T016079,C020821,Login,High,10,No
T016080,C029754,Login,Medium,10,No
T016081,C033056,Bug,Low,13,No
T016082,C037507,Bug,High,5,Yes
T016083,C024380,Feature,Medium,12,No
T016084,C038982,Bug,Low,10,No
T016085,C031224,Billing,Medium,12,Yes
T016086,C030184,Feature,High,5,No
T016087,C027210,Feature,High,8,No
T016088,C009988,Billing,Low,4,No
T016089,C007223,Billing,Medium,10,Yes
T016090,C018558,Cancellation,Low,13,Yes
T016091,C039875,Feature,High,12,No
T016092,C014069,Feature,Low,8,Yes
T016093,C048096,Billing,Low,14,No
T016094,C040560,Feature,High,0,No
T016095,C038401,Feature,Medium,9,Yes
T016096,C023564,Billing,Low,6,No
T016097,C002707,Cancellation,Low,9,No
T016098,C045344,Bug,High,1,Yes
T016099,C011356,Bug,Medium,14,Yes
T016100,C010222,Bug,Medium,13,Yes
T016101,C026369,Bug,High,5,Yes
T016102,C012617,Bug,Low,9,No
T016103,C029704,Login,Medium,13,Yes
T016104,C044015,Billing,Medium,4,No
T016105,C026492,Feature,Medium,12,Yes
T016106,C033832,Login,Medium,11,Yes
T016107,C031358,Bug,Medium,3,No
T016108,C024275,Billing,Low,13,No
T016109,C024985,Feature,High,15,No
T016110,C040759,Billing,High,13,No
T016111,C026355,Cancellation,Medium,6,No
T016112,C043735,Cancellation,Medium,1,No
T016113,C015428,Bug,Medium,9,Yes
T016114,C043570,Feature,Low,0,No
T016115,C049142,Feature,High,15,No
T016116,C021666,Bug,High,3,Yes
T016117,C030391,Bug,Medium,0,No
T016118,C044336,Login,Low,10,Yes
T016119,C034691,Feature,Medium,1,No
T016120,C001643,Feature,Low,10,Yes
T016121,C014458,Feature,Low,6,No
T016122,C031599,Billing,Low,4,Yes
T016123,C035213,Bug,Low,12,Yes
T016124,C033964,Bug,High,4,No
T016125,C036095,Cancellation,Medium,5,Yes
T016126,C000932,Login,Low,12,No
T016127,C020928,Billing,High,3,Yes
T016128,C022761,Cancellation,High,1,Yes
T016129,C031340,Feature,High,3,Yes
T016130,C047565,Cancellation,High,12,Yes
T016131,C047159,Login,Medium,11,No
T016132,C028885,Feature,Medium,0,No
T016133,C019540,Login,Medium,14,No
T016134,C049520,Billing,Low,3,Yes
T016135,C014686,Bug,Low,3,Yes
T016136,C049792,Feature,Low,1,Yes
T016137,C026662,Bug,Medium,2,Yes
T016138,C014032,Billing,High,14,Yes
T016139,C036245,Billing,Low,12,Yes
T016140,C035484,Billing,High,0,Yes
T016141,C025773,Feature,High,12,No
T016142,C007333,Login,High,12,No
T016143,C018380,Billing,High,2,No
T016144,C026956,Billing,Medium,10,No
T016145,C031597,Login,Low,14,Yes
T016146,C046765,Billing,Medium,0,No
T016147,C011972,Feature,High,2,Yes
T016148,C004429,Bug,Low,3,No
T016149,C045829,Login,High,10,Yes
T016150,C048241,Cancellation,Medium,1,Yes
T016151,C003686,Billing,Medium,8,No
T016152,C014393,Bug,Low,8,No
T016153,C002186,Billing,Medium,12,Yes
T016154,C019678,Login,Low,4,No
T016155,C016121,Cancellation,Low,1,No
T016156,C033248,Bug,Medium,5,No
T016157,C021641,Bug,High,1,Yes
T016158,C045894,Bug,Medium,0,No
T016159,C000646,Billing,Low,3,No
T016160,C048863,Feature,Low,8,No
T016161,C048266,Billing,High,2,No
T016162,C038263,Cancellation,Medium,6,Yes
T016163,C027269,Bug,Medium,5,Yes
T016164,C004969,Billing,Medium,14,Yes
T016165,C021187,Feature,High,5,Yes
T016166,C030989,Bug,Medium,15,No
T016167,C030034,Cancellation,High,2,Yes
T016168,C010455,Bug,High,9,No
T016169,C010860,Bug,High,9,No
T016170,C011714,Feature,Medium,4,Yes
T016171,C002390,Login,High,14,No
T016172,C006090,Bug,Low,9,No
T016173,C009266,Bug,High,9,Yes
T016174,C032480,Login,Low,11,Yes
T016175,C005824,Bug,Low,6,Yes
T016176,C012472,Billing,Medium,7,No
T016177,C047522,Bug,Low,12,No
T016178,C019771,Feature,Low,15,Yes
T016179,C037142,Login,Low,13,Yes
T016180,C014554,Billing,High,14,No
T016181,C006050,Login,Low,11,No
T016182,C025998,Login,High,8,Yes
T016183,C017681,Bug,High,4,No
T016184,C019510,Feature,Low,6,Yes
T016185,C013473,Billing,Low,10,No
T016186,C023273,Bug,Medium,6,No
T016187,C039794,Bug,High,5,Yes
T016188,C000222,Login,Medium,3,No
T016189,C038076,Login,Low,6,Yes
T016190,C008910,Bug,Low,3,No
T016191,C025622,Bug,High,4,No
T016192,C021574,Login,High,14,Yes
T016193,C032617,Login,Medium,4,No
T016194,C031113,Cancellation,Medium,0,Yes
T016195,C048231,Bug,High,4,Yes
T016196,C012869,Bug,Low,0,No
T016197,C005313,Login,Low,6,No
T016198,C027844,Cancellation,Medium,10,Yes
T016199,C042134,Bug,Low,2,Yes
T016200,C038996,Billing,Low,6,Yes
T016201,C000195,Bug,Medium,9,No
T016202,C028337,Feature,High,0,No
T016203,C043814,Cancellation,Low,1,No
T016204,C046581,Bug,Low,11,Yes
T016205,C031949,Cancellation,High,15,Yes
T016206,C037301,Feature,High,10,No
T016207,C044346,Feature,High,6,Yes
T016208,C003729,Bug,Medium,7,No
T016209,C020579,Feature,Medium,4,Yes
T016210,C006342,Billing,High,2,Yes
T016211,C000155,Feature,High,12,No
T016212,C042487,Login,Medium,6,Yes
T016213,C003426,Bug,Low,8,No
T016214,C013104,Bug,Medium,6,No
T016215,C020019,Billing,Low,4,No
T016216,C000906,Cancellation,High,13,No
T016217,C017623,Billing,Low,13,Yes
T016218,C025397,Cancellation,High,3,Yes
T016219,C047296,Feature,Medium,5,No
T016220,C010143,Feature,Low,1,Yes
T016221,C010252,Cancellation,High,4,Yes
T016222,C030765,Feature,Low,7,Yes
T016223,C006567,Bug,High,11,No
T016224,C024693,Cancellation,High,7,Yes
T016225,C032541,Bug,Low,8,No
T016226,C041514,Cancellation,High,11,No
T016227,C022570,Billing,Medium,15,No
T016228,C010657,Feature,Medium,9,No
T016229,C042406,Cancellation,Medium,6,Yes
T016230,C008202,Feature,High,4,No
T016231,C005304,Login,Medium,6,No
T016232,C023222,Bug,High,15,No
T016233,C047048,Bug,Medium,12,No
T016234,C037739,Bug,Medium,1,No
T016235,C031359,Login,High,14,Yes
T016236,C040724,Feature,Low,6,No
T016237,C003255,Bug,Low,9,No
T016238,C020220,Billing,High,7,Yes
T016239,C024607,Login,Medium,12,No
T016240,C006192,Bug,Low,7,No
T016241,C010294,Cancellation,Low,4,No
T016242,C017363,Cancellation,High,6,No
T016243,C027388,Feature,High,12,Yes
T016244,C035535,Cancellation,High,14,No
T016245,C021506,Feature,Medium,11,Yes
T016246,C007292,Billing,Medium,4,No
T016247,C028141,Feature,Medium,5,Yes
T016248,C029009,Cancellation,Low,3,Yes
T016249,C004225,Cancellation,High,3,No
T016250,C004405,Bug,Medium,15,Yes
T016251,C006518,Billing,High,13,No
T016252,C022057,Login,High,8,Yes
T016253,C037989,Bug,Medium,15,No
T016254,C048530,Cancellation,Low,10,No
T016255,C041266,Cancellation,Medium,6,No
T016256,C031181,Feature,High,11,Yes
T016257,C045968,Cancellation,High,12,Yes
T016258,C014796,Login,Medium,10,No
T016259,C012067,Billing,Medium,4,Yes
T016260,C025980,Cancellation,Low,1,No
T016261,C027453,Billing,Low,5,Yes
T016262,C045495,Cancellation,High,9,Yes
T016263,C033764,Bug,High,11,Yes
T016264,C033631,Bug,High,6,No
T016265,C041713,Billing,Medium,8,Yes
T016266,C026042,Cancellation,High,13,Yes
T016267,C044682,Bug,High,8,No
T016268,C002175,Billing,High,11,No
T016269,C034093,Feature,Low,3,No
T016270,C027101,Login,High,15,Yes
T016271,C042372,Login,Medium,15,Yes
T016272,C035671,Login,Low,7,Yes
T016273,C017250,Cancellation,Low,7,No
T016274,C006087,Cancellation,High,0,Yes
T016275,C028778,Cancellation,Medium,8,No
T016276,C047410,Billing,Medium,5,Yes
T016277,C048770,Billing,Low,6,Yes
T016278,C004179,Bug,Low,10,Yes
T016279,C016188,Cancellation,Medium,7,No
T016280,C035480,Login,Low,12,No
T016281,C001901,Bug,High,5,No
T016282,C028786,Login,Medium,15,No
T016283,C042708,Login,Low,11,Yes
T016284,C010221,Bug,Medium,0,Yes
T016285,C026413,Billing,Low,13,Yes
T016286,C015687,Bug,Medium,8,No
T016287,C007277,Cancellation,Medium,4,No
T016288,C042083,Bug,Medium,8,No
T016289,C002663,Bug,Low,10,No
T016290,C044111,Billing,High,9,No
T016291,C001354,Cancellation,Low,3,Yes
T016292,C039415,Cancellation,Medium,4,No
T016293,C047766,Feature,Medium,3,No
T016294,C027507,Billing,Low,13,No
T016295,C021090,Bug,High,11,No
T016296,C007628,Feature,High,3,Yes
T016297,C005710,Billing,Medium,6,No
T016298,C031237,Login,High,8,Yes
T016299,C046266,Feature,Low,5,Yes
T016300,C028774,Billing,High,5,No
T016301,C033421,Billing,Medium,9,No
T016302,C013713,Feature,Low,8,Yes
T016303,C039027,Bug,High,6,No
T016304,C043669,Billing,High,8,No
T016305,C011991,Login,Low,15,No
T016306,C001769,Feature,Medium,0,Yes
T016307,C002785,Login,Low,12,No
T016308,C028477,Login,High,7,No
T016309,C035343,Feature,Medium,15,No
T016310,C028969,Cancellation,High,9,No
T016311,C047377,Billing,Medium,7,No
T016312,C016852,Billing,Low,1,Yes
T016313,C001154,Login,High,4,No
T016314,C035259,Cancellation,High,4,No
T016315,C044748,Bug,Low,13,No
T016316,C007507,Bug,High,3,No
T016317,C004625,Billing,Medium,6,No
T016318,C039099,Bug,Low,1,No
T016319,C049249,Login,Low,7,Yes
T016320,C044257,Feature,Medium,8,Yes
T016321,C028794,Cancellation,Low,12,No
T016322,C019881,Billing,High,1,Yes
T016323,C032554,Feature,Low,1,No
T016324,C007212,Billing,High,4,No
T016325,C000453,Billing,Low,10,No
T016326,C015278,Feature,High,14,No
T016327,C024109,Billing,Low,1,No
T016328,C046956,Billing,High,2,No
T016329,C045152,Bug,Low,15,Yes
T016330,C030612,Billing,High,3,Yes
T016331,C034336,Login,High,4,No
T016332,C017988,Bug,Low,6,Yes
T016333,C044230,Billing,Medium,15,Yes
T016334,C000162,Login,Low,11,No
T016335,C027441,Cancellation,High,6,Yes
T016336,C025039,Bug,Low,3,Yes
T016337,C035425,Login,High,10,No
T016338,C027186,Feature,High,0,No
T016339,C020513,Bug,Low,10,Yes
T016340,C012022,Billing,High,7,Yes
T016341,C013548,Billing,Medium,10,Yes
T016342,C038518,Billing,Low,13,No
T016343,C009978,Cancellation,High,9,No
T016344,C025284,Bug,Low,15,No
T016345,C014943,Bug,Medium,9,No
T016346,C026381,Billing,Medium,13,No
T016347,C015947,Billing,Low,4,Yes
T016348,C037839,Feature,High,5,Yes
T016349,C014487,Bug,High,10,Yes
T016350,C039725,Cancellation,Low,5,Yes
T016351,C005793,Bug,Low,14,Yes
T016352,C035289,Login,High,5,No
T016353,C035037,Feature,Low,8,No
T016354,C024358,Cancellation,High,0,No
T016355,C002892,Bug,High,1,Yes
T016356,C010747,Login,High,14,Yes
T016357,C030084,Cancellation,Low,6,Yes
T016358,C018460,Login,Medium,11,No
T016359,C021725,Login,High,9,Yes
T016360,C035482,Feature,High,15,Yes
T016361,C045017,Bug,Low,14,Yes
T016362,C026024,Cancellation,Low,6,Yes
T016363,C027184,Feature,High,4,Yes
T016364,C007901,Login,Medium,4,No
T016365,C010522,Billing,Low,15,Yes
T016366,C046391,Login,High,4,No
T016367,C022748,Billing,Low,8,No
T016368,C043938,Feature,High,5,Yes
T016369,C045440,Feature,Low,6,Yes
T016370,C043367,Billing,Low,8,Yes
T016371,C015913,Billing,High,5,Yes
T016372,C034376,Login,Low,11,No
T016373,C048886,Login,Low,11,Yes
T016374,C002064,Billing,Medium,10,Yes
T016375,C036031,Billing,High,5,Yes
T016376,C031065,Billing,Medium,15,Yes
T016377,C033446,Bug,High,8,Yes
T016378,C017181,Login,Medium,8,Yes
T016379,C023837,Cancellation,Medium,8,No
T016380,C029915,Cancellation,High,11,Yes
T016381,C033564,Bug,Medium,11,Yes
T016382,C001724,Billing,Low,9,Yes
T016383,C017013,Billing,Medium,7,No
T016384,C047612,Feature,Medium,3,No
T016385,C002672,Billing,High,12,No
T016386,C038897,Billing,Low,11,Yes
T016387,C013622,Billing,Low,14,Yes
T016388,C046321,Bug,Low,4,No
T016389,C031805,Billing,Low,3,No
T016390,C047035,Billing,Low,1,Yes
T016391,C012000,Feature,Medium,3,Yes
T016392,C047612,Feature,Low,9,Yes
T016393,C030240,Login,Low,15,No
T016394,C009516,Feature,Low,3,Yes
T016395,C041595,Login,Medium,0,No
T016396,C046433,Feature,High,4,No
T016397,C008177,Bug,Medium,6,No
T016398,C023139,Bug,Low,3,Yes
T016399,C004477,Cancellation,High,10,Yes
T016400,C024300,Feature,High,0,Yes
T016401,C028494,Cancellation,Medium,9,No
T016402,C047192,Bug,High,0,No
T016403,C026525,Billing,High,7,Yes
T016404,C037383,Feature,High,15,Yes
T016405,C049909,Feature,Low,15,No
T016406,C007012,Cancellation,Low,0,Yes
T016407,C023871,Billing,High,2,No
T016408,C048954,Billing,Low,4,Yes
T016409,C042559,Bug,High,5,No
T016410,C027137,Bug,High,14,No
T016411,C044521,Bug,Medium,8,Yes
T016412,C048219,Cancellation,Medium,11,No
T016413,C014210,Bug,Low,6,No
T016414,C048891,Bug,High,4,No
T016415,C002153,Login,High,15,Yes
T016416,C025044,Billing,High,6,No
T016417,C003617,Feature,High,0,Yes
T016418,C041720,Feature,Medium,8,Yes
T016419,C043059,Bug,Medium,6,Yes
T016420,C028286,Billing,Low,0,No
T016421,C013058,Bug,Low,13,No
T016422,C037142,Bug,Low,0,No
T016423,C002205,Feature,Medium,2,No
T016424,C031293,Feature,High,6,No
T016425,C026143,Bug,Low,2,Yes
T016426,C047172,Billing,Medium,11,No
T016427,C010337,Feature,Medium,3,Yes
T016428,C013875,Bug,Medium,7,Yes
T016429,C014466,Login,High,5,Yes
T016430,C011142,Billing,High,9,No
T016431,C042218,Feature,Low,6,Yes
T016432,C038503,Login,Medium,11,Yes
T016433,C035274,Login,Medium,12,No
T016434,C019886,Billing,Medium,10,Yes
T016435,C033967,Cancellation,Low,4,No
T016436,C017522,Bug,High,12,Yes
T016437,C002952,Login,High,12,Yes
T016438,C039150,Billing,High,5,No
T016439,C030606,Feature,High,12,Yes
T016440,C014883,Login,Medium,3,No
T016441,C047195,Billing,High,15,Yes
T016442,C025917,Bug,High,5,Yes
T016443,C011901,Billing,Low,3,No
T016444,C010609,Feature,High,15,Yes
T016445,C026774,Bug,Low,4,No
T016446,C019988,Bug,High,7,Yes
T016447,C002418,Feature,Medium,7,Yes
T016448,C008040,Billing,Low,10,Yes
T016449,C034915,Billing,High,3,No
T016450,C044796,Bug,Medium,4,No
T016451,C031954,Bug,Low,6,Yes
T016452,C035754,Login,Low,10,No
T016453,C031853,Billing,High,8,Yes
T016454,C021099,Feature,Medium,1,No
T016455,C007049,Bug,Low,6,Yes
T016456,C022183,Bug,Low,12,No
T016457,C001309,Bug,Low,3,No
T016458,C032373,Cancellation,Low,8,No
T016459,C024599,Feature,High,3,No
T016460,C048610,Bug,Medium,8,Yes
T016461,C033583,Login,High,8,Yes
T016462,C048439,Billing,Medium,11,No
T016463,C018775,Billing,Medium,14,No
T016464,C015875,Login,Low,2,No
T016465,C034049,Feature,High,8,No
T016466,C037552,Bug,High,11,Yes
T016467,C040643,Login,Medium,2,No
T016468,C029307,Billing,High,5,No
T016469,C037972,Billing,Medium,13,Yes
T016470,C029679,Login,Medium,8,Yes
T016471,C030377,Bug,Low,10,No
T016472,C048451,Billing,High,12,No
T016473,C009867,Feature,Medium,6,No
T016474,C008801,Feature,High,10,Yes
T016475,C015815,Login,Low,8,No
T016476,C023453,Cancellation,Medium,11,Yes
T016477,C046320,Cancellation,Low,0,No
T016478,C026910,Bug,High,9,No
T016479,C003216,Login,Low,9,Yes
T016480,C025073,Login,High,11,No
T016481,C005840,Cancellation,Medium,13,Yes
T016482,C022234,Billing,Low,15,No
T016483,C000076,Bug,Medium,5,No
T016484,C027975,Feature,Medium,11,Yes
T016485,C049836,Login,Medium,13,No
T016486,C004616,Bug,Low,2,No
T016487,C042479,Billing,Medium,10,No
T016488,C008488,Cancellation,High,0,No
T016489,C044830,Bug,Medium,15,Yes
T016490,C008995,Bug,Low,3,Yes
T016491,C020996,Billing,Low,11,Yes
T016492,C049019,Feature,Medium,12,No
T016493,C023878,Feature,High,8,Yes
T016494,C036726,Feature,Medium,12,Yes
T016495,C022465,Cancellation,High,8,No
T016496,C028773,Login,High,11,No
T016497,C032996,Login,Low,0,Yes
T016498,C013564,Bug,Low,1,No
T016499,C020246,Bug,Medium,3,Yes
T016500,C019766,Cancellation,Low,5,Yes
T016501,C040155,Feature,High,1,Yes
T016502,C003558,Billing,Low,12,No
T016503,C000270,Bug,High,6,Yes
T016504,C015269,Bug,High,15,Yes
T016505,C010164,Feature,Low,15,Yes
T016506,C021610,Cancellation,Medium,3,No
T016507,C033247,Login,Low,10,Yes
T016508,C001978,Feature,Medium,11,Yes
T016509,C021734,Login,High,13,No
T016510,C021271,Billing,High,1,No
T016511,C047444,Bug,Low,11,Yes
T016512,C034332,Bug,Medium,8,Yes
T016513,C020085,Cancellation,High,12,Yes
T016514,C034580,Billing,Low,11,Yes
T016515,C017652,Billing,Low,14,No
T016516,C000801,Feature,Medium,0,No
T016517,C023899,Billing,Low,2,No
T016518,C042250,Feature,Medium,9,No
T016519,C042707,Billing,Low,8,No
T016520,C019111,Bug,Low,10,Yes
T016521,C023610,Billing,Low,3,Yes
T016522,C044747,Login,Low,12,No
T016523,C020577,Login,Low,6,Yes
T016524,C027017,Bug,High,11,Yes
T016525,C013963,Billing,Medium,13,Yes
T016526,C001515,Billing,High,8,No
T016527,C007656,Cancellation,Low,5,No
T016528,C033884,Bug,Medium,3,No
T016529,C048847,Feature,Low,12,Yes
T016530,C030605,Login,Medium,11,No
T016531,C040331,Feature,Low,7,Yes
T016532,C029374,Billing,Low,12,No
T016533,C000054,Cancellation,Medium,6,Yes
T016534,C009811,Bug,Medium,1,Yes
T016535,C034378,Cancellation,High,8,No
T016536,C021505,Bug,Low,4,Yes
T016537,C005942,Feature,High,15,Yes
T016538,C013145,Bug,Medium,8,No
T016539,C009299,Feature,Low,13,No
T016540,C004576,Feature,Medium,12,Yes
T016541,C019815,Billing,High,1,Yes
T016542,C020844,Bug,Medium,10,No
T016543,C027812,Bug,High,3,No
T016544,C049212,Feature,Medium,1,Yes
T016545,C049333,Bug,Low,13,Yes
T016546,C012410,Login,High,2,No
T016547,C049943,Feature,Low,5,Yes
T016548,C042174,Login,High,14,No
T016549,C004917,Cancellation,High,15,No
T016550,C024680,Billing,Medium,10,Yes
T016551,C004114,Cancellation,Low,12,Yes
T016552,C003903,Bug,Medium,8,No
T016553,C049980,Cancellation,High,0,No
T016554,C048977,Cancellation,Medium,1,No
T016555,C048548,Feature,Low,7,No
T016556,C007186,Billing,Medium,6,Yes
T016557,C025187,Feature,Medium,4,Yes
T016558,C028317,Login,Medium,11,No
T016559,C037978,Cancellation,Medium,1,Yes
T016560,C015266,Login,High,10,Yes
T016561,C010745,Bug,Low,14,Yes
T016562,C048244,Login,High,11,No
T016563,C040278,Cancellation,Medium,7,Yes
T016564,C037156,Cancellation,High,5,Yes
T016565,C043052,Login,High,1,No
T016566,C034050,Cancellation,Low,11,Yes
T016567,C025192,Login,Low,14,Yes
T016568,C000676,Cancellation,Low,15,No
T016569,C019443,Bug,Low,6,Yes
T016570,C039714,Login,High,8,No
T016571,C005652,Login,High,7,Yes
T016572,C022362,Feature,High,14,No
T016573,C022663,Cancellation,Medium,13,Yes
T016574,C036295,Billing,Low,7,No
T016575,C007666,Bug,Low,7,Yes
T016576,C001284,Feature,High,3,Yes
T016577,C044197,Bug,Medium,11,No
T016578,C026247,Login,Medium,9,No
T016579,C040102,Cancellation,Medium,10,Yes
T016580,C025433,Cancellation,High,10,No
T016581,C038582,Login,Medium,0,Yes
T016582,C037730,Login,Low,8,Yes
T016583,C011001,Cancellation,High,2,No
T016584,C035665,Login,Medium,9,Yes
T016585,C042555,Cancellation,Low,12,No
T016586,C025366,Bug,Low,11,No
T016587,C021218,Login,Medium,11,No
T016588,C020960,Login,Low,4,Yes
T016589,C035762,Billing,High,6,Yes
T016590,C002013,Cancellation,High,8,No
T016591,C004556,Bug,Medium,2,Yes
T016592,C009849,Login,Medium,13,No
T016593,C022036,Bug,Medium,10,Yes
T016594,C003525,Feature,Medium,13,Yes
T016595,C037507,Cancellation,Low,0,Yes
T016596,C010691,Cancellation,Low,11,Yes
T016597,C011486,Bug,High,14,No
T016598,C018288,Cancellation,Medium,11,Yes
T016599,C045849,Cancellation,High,4,No
T016600,C030171,Billing,Medium,15,Yes
T016601,C037932,Billing,Medium,1,Yes
T016602,C022542,Cancellation,Low,10,No
T016603,C045501,Login,Low,12,No
T016604,C020300,Billing,High,10,Yes
T016605,C007164,Cancellation,Medium,15,No
T016606,C033395,Feature,High,11,No
T016607,C019245,Cancellation,Low,14,No
T016608,C028882,Bug,Medium,0,No
T016609,C015606,Cancellation,High,4,Yes
T016610,C009049,Billing,Low,9,Yes
T016611,C037766,Feature,High,11,Yes
T016612,C042822,Feature,Low,4,Yes
T016613,C011111,Bug,High,9,No
T016614,C033930,Cancellation,Low,2,No
T016615,C007440,Feature,Medium,0,Yes
T016616,C024303,Bug,Low,1,Yes
T016617,C040202,Bug,High,14,No
T016618,C007164,Billing,Low,2,Yes
T016619,C011589,Login,High,14,Yes
T016620,C007779,Feature,High,8,No
T016621,C043482,Bug,Medium,0,No
T016622,C046810,Feature,Medium,12,No
T016623,C016297,Billing,Low,6,Yes
T016624,C021113,Feature,High,10,No
T016625,C048669,Billing,Low,6,Yes
T016626,C028196,Billing,Medium,13,No
T016627,C025734,Bug,Medium,15,Yes
T016628,C012399,Cancellation,Low,14,No
T016629,C039978,Bug,High,15,Yes
T016630,C037287,Billing,Medium,3,No
T016631,C016139,Bug,High,10,Yes
T016632,C037813,Billing,Medium,14,Yes
T016633,C010555,Login,Medium,8,No
T016634,C014873,Billing,High,8,No
T016635,C049799,Cancellation,Medium,7,No
T016636,C000116,Bug,High,4,Yes
T016637,C006447,Feature,Medium,2,Yes
T016638,C030141,Login,Medium,8,Yes
T016639,C035584,Cancellation,High,14,Yes
T016640,C014345,Bug,Low,0,Yes
T016641,C048280,Billing,Medium,9,Yes
T016642,C032060,Login,Medium,1,Yes
T016643,C019044,Bug,Low,8,Yes
T016644,C022594,Feature,Medium,4,Yes
T016645,C002706,Bug,Medium,2,No
T016646,C041690,Feature,Medium,5,No
T016647,C016527,Cancellation,Low,8,No
T016648,C046587,Feature,High,8,No
T016649,C029331,Login,Medium,3,No
T016650,C026657,Bug,Low,15,No
T016651,C032923,Cancellation,Medium,8,No
T016652,C010040,Feature,Low,8,Yes
T016653,C027738,Feature,Low,9,No
T016654,C044080,Bug,Medium,7,Yes
T016655,C049051,Cancellation,High,1,No
T016656,C031588,Cancellation,Medium,1,No
T016657,C008946,Feature,Medium,1,No
T016658,C045450,Cancellation,Low,2,No
T016659,C005357,Billing,Low,8,No
T016660,C044246,Cancellation,High,6,Yes
T016661,C001154,Billing,High,3,No
T016662,C034852,Cancellation,High,9,Yes
T016663,C039122,Feature,Medium,13,No
T016664,C023234,Cancellation,Medium,15,Yes
T016665,C031909,Billing,Medium,6,No
T016666,C031483,Feature,Low,1,No
T016667,C015514,Cancellation,High,1,Yes
T016668,C044669,Cancellation,High,1,Yes
T016669,C027910,Feature,Low,9,Yes
T016670,C024363,Feature,Low,0,Yes
T016671,C017244,Bug,High,15,No
T016672,C030244,Login,High,1,Yes
T016673,C002160,Cancellation,Medium,12,No
T016674,C042824,Feature,High,8,No
T016675,C027902,Billing,Low,8,No
T016676,C035725,Login,High,10,No
T016677,C016104,Feature,High,11,No
T016678,C030532,Cancellation,Medium,0,No
T016679,C049681,Cancellation,Low,9,No
T016680,C034916,Billing,Medium,11,Yes
T016681,C003131,Feature,Low,15,No
T016682,C011700,Billing,High,10,No
T016683,C035126,Billing,Medium,3,No
T016684,C012459,Cancellation,High,3,No
T016685,C010552,Feature,Medium,2,No
T016686,C047149,Login,Low,6,Yes
T016687,C039615,Feature,Medium,5,Yes
T016688,C018391,Bug,Low,6,No
T016689,C000149,Billing,Low,12,No
T016690,C027334,Bug,Medium,14,No
T016691,C042115,Billing,Medium,12,No
T016692,C024442,Cancellation,High,15,No
T016693,C041734,Feature,Low,5,No
T016694,C034440,Login,High,5,Yes
T016695,C030085,Billing,Low,13,Yes
T016696,C037554,Cancellation,High,12,Yes
T016697,C028432,Bug,Low,12,Yes
T016698,C043376,Feature,Medium,14,No
T016699,C028110,Login,High,13,Yes
T016700,C049306,Bug,Low,15,No
T016701,C025771,Login,Low,6,Yes
T016702,C046884,Feature,Medium,11,Yes
T016703,C018715,Cancellation,Low,11,Yes
T016704,C039131,Cancellation,High,3,No
T016705,C022055,Login,High,10,Yes
T016706,C037042,Billing,Medium,7,Yes
T016707,C041955,Billing,High,1,Yes
T016708,C019380,Bug,Low,14,No
T016709,C025516,Billing,Low,11,Yes
T016710,C047110,Login,Medium,1,Yes
T016711,C023716,Feature,High,15,Yes
T016712,C004217,Feature,Medium,11,Yes
T016713,C017136,Billing,High,5,Yes
T016714,C029111,Bug,Low,4,No
T016715,C007625,Cancellation,High,6,No
T016716,C004387,Cancellation,Medium,8,Yes
T016717,C010810,Cancellation,High,13,No
T016718,C027215,Feature,High,10,No
T016719,C031900,Billing,Medium,8,Yes
T016720,C002902,Feature,High,8,Yes
T016721,C028484,Login,Medium,13,No
T016722,C036513,Billing,Low,14,No
T016723,C017813,Cancellation,Low,11,No
T016724,C039125,Bug,Medium,4,Yes
T016725,C006921,Billing,Low,1,No
T016726,C008020,Login,Low,6,No
T016727,C016108,Cancellation,High,11,No
T016728,C039589,Cancellation,Medium,10,No
T016729,C002264,Billing,High,12,Yes
T016730,C002079,Cancellation,Medium,11,No
T016731,C049807,Cancellation,Medium,2,Yes
T016732,C033852,Billing,High,9,Yes
T016733,C004342,Cancellation,Medium,0,No
T016734,C011066,Login,Medium,11,Yes
T016735,C027607,Feature,Low,8,Yes
T016736,C018877,Billing,Medium,1,No
T016737,C023031,Billing,Medium,10,Yes
T016738,C038717,Billing,Medium,4,Yes
T016739,C002939,Bug,Medium,11,No
T016740,C040320,Bug,High,9,Yes
T016741,C035996,Login,Low,3,No
T016742,C031551,Feature,Low,8,Yes
T016743,C021276,Login,Low,7,Yes
T016744,C016603,Login,Medium,15,Yes
T016745,C025512,Bug,Low,5,No
T016746,C000158,Cancellation,Low,14,Yes
T016747,C047591,Login,Low,4,No
T016748,C010578,Billing,Low,1,Yes
T016749,C031831,Cancellation,High,2,Yes
T016750,C016590,Login,Medium,13,Yes
T016751,C008549,Bug,High,10,Yes
T016752,C022931,Feature,Low,9,No
T016753,C034457,Login,Medium,10,Yes
T016754,C017114,Cancellation,Low,11,Yes
T016755,C040887,Login,Medium,13,No
T016756,C041976,Bug,High,5,No
T016757,C037538,Login,Low,1,Yes
T016758,C026917,Cancellation,Medium,8,No
T016759,C049881,Feature,Medium,12,Yes
T016760,C031900,Feature,High,9,Yes
T016761,C004775,Cancellation,Medium,0,No
T016762,C017439,Login,Medium,5,Yes
T016763,C003379,Feature,High,14,Yes
T016764,C007579,Feature,Low,5,No
T016765,C039304,Cancellation,Low,6,No
T016766,C010584,Login,Medium,5,Yes
T016767,C004094,Bug,High,13,No
T016768,C029472,Billing,High,13,Yes
T016769,C013100,Feature,Low,15,Yes
T016770,C004334,Feature,High,2,No
T016771,C000985,Cancellation,Medium,1,No
T016772,C021877,Bug,Low,9,No
T016773,C046377,Billing,Medium,11,Yes
T016774,C002132,Cancellation,Low,0,No
T016775,C040017,Feature,Medium,6,No
T016776,C047300,Feature,High,10,Yes
T016777,C010241,Login,High,12,Yes
T016778,C041940,Bug,High,12,Yes
T016779,C007372,Login,High,11,No
T016780,C016302,Login,Medium,9,No
T016781,C009926,Feature,High,2,Yes
T016782,C044045,Cancellation,Low,5,Yes
T016783,C035172,Cancellation,Medium,13,No
T016784,C044539,Login,Medium,4,No
T016785,C016715,Cancellation,Medium,9,No
T016786,C019028,Billing,Low,8,Yes
T016787,C044752,Billing,Medium,12,Yes
T016788,C034624,Bug,Medium,13,Yes
T016789,C007351,Feature,Medium,11,Yes
T016790,C019026,Bug,High,2,Yes
T016791,C019354,Cancellation,Medium,0,Yes
T016792,C001880,Feature,High,10,No
T016793,C034576,Billing,High,2,No
T016794,C008552,Billing,High,8,Yes
T016795,C044691,Login,High,4,Yes
T016796,C021621,Billing,Low,1,Yes
T016797,C022471,Login,High,10,Yes
T016798,C046657,Login,Low,8,Yes
T016799,C023414,Login,High,7,No
T016800,C019783,Bug,Medium,11,Yes
T016801,C042032,Cancellation,Medium,7,No
T016802,C028015,Billing,High,13,No
T016803,C028677,Bug,Low,9,No
T016804,C030776,Bug,High,7,No
T016805,C001679,Login,High,12,Yes
T016806,C031330,Feature,Low,3,Yes
T016807,C035904,Feature,High,2,No
T016808,C033877,Cancellation,Medium,6,Yes
T016809,C025114,Feature,High,9,Yes
T016810,C011674,Login,Low,0,Yes
T016811,C048203,Billing,Low,0,No
T016812,C049276,Bug,Medium,0,Yes
T016813,C032257,Feature,Medium,1,Yes
T016814,C007487,Login,High,4,No
T016815,C023359,Billing,High,11,Yes
T016816,C017270,Login,Medium,6,No
T016817,C027660,Cancellation,High,4,No
T016818,C026889,Bug,Low,11,Yes
T016819,C000421,Billing,Low,15,No
T016820,C019587,Cancellation,Low,9,Yes
T016821,C030020,Login,Low,6,Yes
T016822,C040142,Login,Medium,12,Yes
T016823,C015598,Billing,Low,5,Yes
T016824,C011492,Cancellation,Medium,1,No
T016825,C032032,Billing,Medium,13,Yes
T016826,C022883,Bug,Medium,0,Yes
T016827,C045907,Cancellation,High,15,No
T016828,C006634,Feature,Low,0,No
T016829,C021023,Bug,Low,9,Yes
T016830,C045108,Billing,Medium,0,No
T016831,C047583,Billing,Low,2,Yes
T016832,C009972,Login,Medium,7,No
T016833,C013082,Bug,Medium,14,No
T016834,C015310,Billing,Low,8,No
T016835,C020797,Cancellation,Medium,14,No
T016836,C031458,Login,Low,0,No
T016837,C031035,Bug,Medium,6,Yes
T016838,C029435,Billing,Low,11,Yes
T016839,C031754,Login,Medium,6,Yes
T016840,C041775,Bug,High,12,No
T016841,C027564,Cancellation,High,4,No
T016842,C029461,Login,High,7,No
T016843,C004614,Feature,Low,3,Yes
T016844,C036765,Cancellation,High,11,Yes
T016845,C020795,Feature,High,13,No
T016846,C042382,Feature,Medium,0,No
T016847,C027421,Login,High,9,No
T016848,C031081,Billing,Medium,14,Yes
T016849,C043964,Cancellation,Low,2,No
T016850,C020497,Billing,High,1,No
T016851,C048011,Login,High,13,No
T016852,C037693,Login,High,5,Yes
T016853,C012249,Billing,Low,10,No
T016854,C030202,Feature,High,8,Yes
T016855,C047522,Billing,Low,7,Yes
T016856,C036961,Billing,Medium,0,No
T016857,C011749,Billing,Low,3,No
T016858,C043640,Login,Low,7,Yes
T016859,C012149,Login,High,2,Yes
T016860,C011982,Billing,High,5,No
T016861,C008771,Cancellation,Low,14,No
T016862,C026138,Cancellation,Low,8,No
T016863,C041828,Feature,Medium,5,No
T016864,C032050,Feature,Low,4,Yes
T016865,C006927,Cancellation,Medium,7,Yes
T016866,C020427,Feature,Medium,2,Yes
T016867,C004855,Cancellation,High,14,Yes
T016868,C034752,Cancellation,Low,6,Yes
T016869,C014462,Login,Low,2,No
T016870,C037632,Bug,Low,3,Yes
T016871,C035294,Bug,Medium,7,No
T016872,C005000,Feature,Low,6,Yes
T016873,C030604,Feature,High,5,No
T016874,C029057,Bug,Low,1,No
T016875,C009923,Bug,Low,8,No
T016876,C017136,Bug,High,11,No
T016877,C012020,Cancellation,Medium,11,No
T016878,C045637,Cancellation,Low,7,Yes
T016879,C023317,Bug,Medium,9,No
T016880,C022482,Cancellation,Medium,2,Yes
T016881,C045897,Billing,Low,4,Yes
T016882,C020230,Bug,Medium,6,No
T016883,C025710,Cancellation,Low,15,Yes
T016884,C047804,Bug,Medium,12,Yes
T016885,C047357,Billing,Low,7,No
T016886,C035740,Feature,Medium,13,No
T016887,C004089,Bug,High,1,Yes
T016888,C027291,Login,Low,14,Yes
T016889,C018734,Billing,High,15,No
T016890,C047997,Billing,Low,1,No
T016891,C016183,Login,Medium,1,No
T016892,C035695,Billing,High,12,Yes
T016893,C032260,Billing,High,10,No
T016894,C004815,Billing,Medium,5,Yes
T016895,C041692,Billing,Low,4,Yes
T016896,C038469,Feature,High,9,Yes
T016897,C035312,Cancellation,Low,11,No
T016898,C009331,Billing,Medium,3,Yes
T016899,C046444,Feature,Low,13,No
T016900,C029969,Billing,Medium,4,Yes
T016901,C025041,Cancellation,Low,10,Yes
T016902,C040125,Feature,Low,12,Yes
T016903,C013468,Cancellation,Medium,9,Yes
T016904,C005718,Bug,Medium,15,No
T016905,C005749,Bug,High,9,Yes
T016906,C033405,Login,High,10,Yes
T016907,C028012,Cancellation,Medium,7,Yes
T016908,C018359,Login,Medium,0,No
T016909,C031042,Bug,High,3,No
T016910,C025010,Billing,High,1,Yes
T016911,C044556,Billing,High,15,No
T016912,C034473,Login,Low,3,No
T016913,C002378,Cancellation,Low,8,No
T016914,C005008,Bug,High,0,No
T016915,C029993,Cancellation,Low,3,Yes
T016916,C017037,Bug,Low,9,No
T016917,C030145,Feature,High,9,Yes
T016918,C042603,Billing,Low,7,Yes
T016919,C031944,Bug,High,10,Yes
T016920,C019826,Bug,High,15,Yes
T016921,C036888,Cancellation,Low,10,No
T016922,C048366,Feature,High,3,No
T016923,C037522,Cancellation,Low,12,Yes
T016924,C040245,Feature,High,15,Yes
T016925,C006977,Cancellation,Medium,8,No
T016926,C025211,Cancellation,Low,15,Yes
T016927,C035469,Feature,High,12,No
T016928,C019201,Login,Medium,8,Yes
T016929,C043707,Cancellation,High,7,Yes
T016930,C021991,Feature,Low,12,No
T016931,C036341,Billing,High,9,No
T016932,C045092,Billing,High,3,Yes
T016933,C000057,Feature,High,10,Yes
T016934,C045498,Bug,Medium,10,Yes
T016935,C020153,Login,Low,0,No
T016936,C009965,Login,High,13,No
T016937,C025614,Billing,Low,12,No
T016938,C042428,Cancellation,Low,15,Yes
T016939,C006739,Feature,Low,13,Yes
T016940,C036677,Login,High,11,No
T016941,C004981,Login,Medium,11,No
T016942,C014906,Feature,Medium,8,No
T016943,C014963,Cancellation,Low,14,Yes
T016944,C032882,Cancellation,High,8,Yes
T016945,C000212,Billing,Medium,11,No
T016946,C038475,Login,High,5,Yes
T016947,C028688,Login,Medium,7,No
T016948,C002189,Billing,Low,9,No
T016949,C006461,Billing,High,1,No
T016950,C026627,Billing,Medium,0,No
T016951,C023401,Cancellation,Medium,15,No
T016952,C037068,Login,Medium,11,No
T016953,C005795,Cancellation,Low,1,Yes
T016954,C010121,Billing,Low,6,No
T016955,C010477,Billing,Low,2,No
T016956,C025042,Feature,Medium,8,No
T016957,C041663,Bug,High,8,No
T016958,C019278,Login,High,8,No
T016959,C027582,Bug,High,13,Yes
T016960,C020206,Cancellation,Low,2,No
T016961,C000890,Billing,Medium,2,Yes
T016962,C040599,Login,High,1,Yes
T016963,C043134,Cancellation,High,12,No
T016964,C036698,Bug,Low,1,No
T016965,C009996,Feature,Low,2,Yes
T016966,C047807,Feature,Low,11,Yes
T016967,C023047,Login,Low,10,No
T016968,C008337,Feature,Medium,5,Yes
T016969,C008651,Login,Medium,3,Yes
T016970,C035202,Feature,High,4,Yes
T016971,C040322,Feature,Low,14,Yes
T016972,C030206,Login,Medium,15,Yes
T016973,C029641,Feature,High,9,Yes
T016974,C003086,Billing,Medium,12,Yes
T016975,C027609,Login,Low,14,Yes
T016976,C021582,Bug,Low,4,No
T016977,C039252,Bug,Medium,9,Yes
T016978,C047596,Feature,Medium,11,No
T016979,C022813,Login,Medium,0,Yes
T016980,C036583,Billing,High,5,Yes
T016981,C024096,Login,High,5,No
T016982,C038042,Login,High,8,No
T016983,C045580,Cancellation,Medium,4,No
T016984,C009209,Login,Low,8,Yes
T016985,C045964,Billing,Low,7,Yes
T016986,C004846,Billing,High,14,Yes
T016987,C031877,Feature,Medium,12,No
T016988,C044282,Bug,High,14,No
T016989,C015822,Feature,Medium,0,Yes
T016990,C049629,Bug,Low,8,No
T016991,C000694,Login,Medium,5,Yes
T016992,C017360,Billing,High,15,Yes
T016993,C036251,Bug,Low,6,No
T016994,C021038,Cancellation,High,10,No
T016995,C007659,Cancellation,Medium,11,Yes
T016996,C048069,Billing,High,10,No
T016997,C024528,Cancellation,High,2,No
T016998,C015485,Login,Low,7,Yes
T016999,C034571,Login,Low,9,No
T017000,C003107,Bug,Medium,15,No
T017001,C017388,Feature,Low,2,Yes
T017002,C047301,Bug,Medium,4,Yes
T017003,C006481,Feature,Low,7,No
T017004,C016183,Billing,High,3,No
T017005,C049261,Billing,Low,5,No
T017006,C017325,Cancellation,Medium,11,Yes
T017007,C048593,Billing,Low,4,No
T017008,C006892,Billing,Low,10,No
T017009,C026144,Login,High,4,Yes
T017010,C016423,Bug,Medium,12,Yes
T017011,C019013,Cancellation,Low,2,No
T017012,C035601,Login,High,2,Yes
T017013,C048272,Cancellation,Medium,15,Yes
T017014,C016074,Login,Low,11,Yes
T017015,C009048,Login,Medium,15,Yes
T017016,C036374,Feature,High,11,No
T017017,C047379,Cancellation,High,3,Yes
T017018,C046324,Billing,High,6,No
T017019,C018890,Billing,Low,0,Yes
T017020,C030994,Cancellation,High,1,No
T017021,C003658,Login,Medium,2,Yes
T017022,C032572,Billing,Low,10,No
T017023,C032733,Bug,Low,5,No
T017024,C005422,Feature,Medium,10,No
T017025,C027160,Feature,High,7,Yes
T017026,C025461,Login,Low,11,Yes
T017027,C019846,Cancellation,Medium,3,No
T017028,C037586,Login,Low,3,No
T017029,C011690,Billing,Medium,2,Yes
T017030,C043483,Cancellation,Low,9,Yes
T017031,C047430,Feature,High,12,Yes
T017032,C012107,Cancellation,Medium,12,No
T017033,C022321,Bug,Medium,10,No
T017034,C010180,Billing,Low,0,No
T017035,C008038,Login,Low,13,Yes
T017036,C001177,Login,Medium,11,Yes
T017037,C009005,Feature,Medium,5,Yes
T017038,C027080,Feature,Medium,13,No
T017039,C015342,Billing,Medium,4,No
T017040,C008079,Bug,Medium,2,Yes
T017041,C002614,Feature,Medium,3,Yes
T017042,C016321,Cancellation,High,12,No
T017043,C001622,Bug,Medium,0,No
T017044,C031404,Bug,High,13,Yes
T017045,C030042,Feature,Low,6,No
T017046,C032055,Billing,High,14,No
T017047,C032849,Login,Medium,0,No
T017048,C001785,Billing,Medium,1,No
T017049,C047364,Billing,Low,7,No
T017050,C011951,Billing,Medium,15,Yes
T017051,C016515,Login,Low,13,Yes
T017052,C000117,Billing,Medium,8,Yes
T017053,C044716,Cancellation,Low,15,No
T017054,C042986,Login,Low,6,Yes
T017055,C009157,Feature,High,14,No
T017056,C022669,Billing,Medium,15,No
T017057,C033340,Cancellation,High,10,Yes
T017058,C026751,Cancellation,High,4,No
T017059,C028534,Cancellation,Medium,9,Yes
T017060,C022576,Bug,Medium,3,Yes
T017061,C033759,Billing,Medium,13,No
T017062,C002801,Billing,Low,8,No
T017063,C002484,Feature,Low,3,No
T017064,C010488,Cancellation,High,1,No
T017065,C002853,Login,Medium,6,No
T017066,C009667,Bug,High,11,No
T017067,C003023,Login,Medium,6,Yes
T017068,C038003,Bug,Medium,5,Yes
T017069,C016280,Cancellation,Medium,12,Yes
T017070,C021085,Billing,Medium,6,Yes
T017071,C015947,Feature,Low,11,Yes
T017072,C004876,Bug,Medium,9,No
T017073,C010019,Bug,Low,13,Yes
T017074,C047720,Billing,Low,10,No
T017075,C041191,Bug,Medium,0,No
T017076,C029350,Feature,Low,11,No
T017077,C047048,Feature,Low,0,Yes
T017078,C048178,Cancellation,Medium,2,No
T017079,C027782,Cancellation,Low,2,No
T017080,C034292,Login,High,3,No
T017081,C007093,Bug,Medium,12,No
T017082,C029693,Cancellation,High,2,Yes
T017083,C035604,Feature,Low,0,No
T017084,C025698,Login,High,13,Yes
T017085,C003635,Cancellation,High,8,No
T017086,C033466,Cancellation,High,11,Yes
T017087,C045154,Login,Low,10,Yes
T017088,C038076,Feature,Low,11,Yes
T017089,C031125,Bug,High,3,No
T017090,C004748,Cancellation,Medium,8,No
T017091,C023097,Bug,Low,2,No
T017092,C013182,Bug,Medium,13,Yes
T017093,C028760,Feature,Medium,2,Yes
T017094,C018724,Cancellation,High,6,Yes
T017095,C040639,Billing,Low,11,Yes
T017096,C015976,Feature,Low,13,Yes
T017097,C035498,Login,Low,1,Yes
T017098,C022670,Feature,Low,3,No
T017099,C028100,Billing,Low,6,No
T017100,C002967,Bug,Medium,3,No
T017101,C013813,Bug,Medium,4,No
T017102,C009332,Bug,Low,9,Yes
T017103,C043097,Feature,Low,11,Yes
T017104,C034394,Feature,Low,7,No
T017105,C011722,Billing,High,6,No
T017106,C044117,Bug,Medium,4,No
T017107,C023581,Bug,Medium,12,Yes
T017108,C001934,Feature,Low,15,No
T017109,C035616,Cancellation,Low,2,No
T017110,C023985,Bug,Medium,10,Yes
T017111,C000092,Feature,Medium,2,Yes
T017112,C022037,Login,High,11,Yes
T017113,C008331,Bug,High,11,No
T017114,C006483,Bug,Low,8,Yes
T017115,C015909,Bug,Medium,3,No
T017116,C038985,Billing,Medium,12,No
T017117,C043640,Cancellation,Low,12,No
T017118,C004537,Bug,Low,6,No
T017119,C018615,Bug,Low,7,No
T017120,C035203,Login,High,15,No
T017121,C017482,Login,Medium,5,Yes
T017122,C048290,Feature,High,4,No
T017123,C036314,Bug,Low,7,No
T017124,C005469,Bug,High,14,Yes
T017125,C016995,Feature,High,3,No
T017126,C016237,Cancellation,Low,7,No
T017127,C015549,Login,High,3,Yes
T017128,C028980,Bug,High,14,No
T017129,C005754,Bug,Low,7,No
T017130,C017362,Billing,High,12,Yes
T017131,C044888,Billing,Medium,9,No
T017132,C021341,Cancellation,Medium,8,No
T017133,C005203,Cancellation,Medium,8,No
T017134,C000171,Billing,Low,10,Yes
T017135,C043947,Billing,Low,7,Yes
T017136,C018906,Cancellation,High,14,Yes
T017137,C039589,Cancellation,Medium,12,No
T017138,C043280,Billing,Low,12,Yes
T017139,C036052,Bug,Low,8,Yes
T017140,C041329,Bug,Medium,9,No
T017141,C010954,Billing,Low,6,Yes
T017142,C026735,Feature,High,5,No
T017143,C035060,Login,High,7,No
T017144,C042304,Cancellation,High,5,No
T017145,C004079,Billing,Medium,13,Yes
T017146,C005769,Bug,Medium,5,Yes
T017147,C028577,Billing,Medium,11,No
T017148,C000619,Feature,Medium,2,Yes
T017149,C006622,Cancellation,Low,14,Yes
T017150,C018794,Feature,Low,10,Yes
T017151,C031246,Bug,High,13,Yes
T017152,C012459,Bug,High,4,Yes
T017153,C008709,Bug,Low,13,No
T017154,C011190,Cancellation,Low,8,Yes
T017155,C012997,Feature,Medium,7,Yes
T017156,C011211,Cancellation,Low,8,No
T017157,C020325,Bug,Low,5,Yes
T017158,C038460,Feature,Medium,1,Yes
T017159,C024850,Bug,Low,1,No
T017160,C032733,Cancellation,Low,0,No
T017161,C042825,Cancellation,Low,4,Yes
T017162,C029049,Cancellation,Low,12,No
T017163,C016100,Cancellation,Medium,6,Yes
T017164,C020495,Feature,High,4,Yes
T017165,C043552,Billing,High,3,Yes
T017166,C041399,Bug,Medium,15,Yes
T017167,C046369,Feature,Medium,8,Yes
T017168,C041208,Billing,High,2,No
T017169,C046278,Login,High,15,No
T017170,C012311,Login,Low,3,No
T017171,C000415,Feature,Low,4,Yes
T017172,C048982,Billing,Medium,4,No
T017173,C020058,Feature,Low,12,No
T017174,C008652,Login,Medium,9,No
T017175,C032714,Bug,High,1,No
T017176,C010545,Billing,High,15,No
T017177,C016441,Billing,Low,15,Yes
T017178,C013222,Billing,Low,11,No
T017179,C016247,Billing,High,15,No
T017180,C027561,Feature,Low,10,No
T017181,C044345,Bug,Low,7,Yes
T017182,C001799,Cancellation,Medium,7,Yes
T017183,C035762,Feature,Low,1,No
T017184,C016343,Billing,Medium,8,No
T017185,C027185,Login,Medium,0,Yes
T017186,C047144,Cancellation,High,0,No
T017187,C017242,Feature,Medium,8,Yes
T017188,C043991,Bug,Medium,6,Yes
T017189,C025743,Cancellation,Medium,9,No
T017190,C023388,Login,Medium,8,No
T017191,C042456,Login,High,6,No
T017192,C046065,Feature,Low,2,Yes
T017193,C011834,Cancellation,High,3,No
T017194,C015280,Bug,Low,0,No
T017195,C045543,Cancellation,High,5,Yes
T017196,C032160,Cancellation,High,1,Yes
T017197,C037934,Login,High,7,No
T017198,C038855,Bug,Medium,2,No
T017199,C045792,Login,Low,3,No
T017200,C032933,Cancellation,High,7,No
T017201,C006004,Billing,Medium,5,No
T017202,C024654,Billing,Medium,10,No
T017203,C017746,Cancellation,High,4,No
T017204,C021123,Cancellation,Medium,14,Yes
T017205,C006312,Feature,High,0,No
T017206,C041280,Billing,High,11,No
T017207,C045688,Cancellation,High,0,Yes
T017208,C049361,Bug,Low,3,Yes
T017209,C016171,Cancellation,Medium,4,Yes
T017210,C000126,Bug,Low,5,Yes
T017211,C035733,Feature,Medium,14,No
T017212,C010450,Feature,Low,11,No
T017213,C042686,Billing,High,4,Yes
T017214,C040904,Login,High,11,Yes
T017215,C015136,Cancellation,Medium,5,Yes
T017216,C028580,Cancellation,Medium,3,No
T017217,C044935,Billing,Medium,1,No
T017218,C024528,Login,Medium,12,No
T017219,C029438,Billing,Medium,5,No
T017220,C029828,Bug,Low,4,No
T017221,C022493,Cancellation,Medium,8,Yes
T017222,C029062,Billing,Low,0,Yes
T017223,C030470,Login,Low,14,Yes
T017224,C029695,Feature,Medium,11,Yes
T017225,C000207,Billing,Medium,7,Yes
T017226,C043822,Cancellation,High,5,Yes
T017227,C019064,Feature,High,5,Yes
T017228,C028018,Bug,High,6,No
T017229,C003033,Bug,High,4,Yes
T017230,C038234,Cancellation,Low,4,Yes
T017231,C049588,Billing,Medium,11,Yes
T017232,C006035,Billing,Medium,0,Yes
T017233,C048803,Cancellation,Low,3,Yes
T017234,C023211,Feature,Low,1,Yes
T017235,C020902,Feature,Low,6,No
T017236,C004008,Feature,Low,12,Yes
T017237,C047302,Feature,Low,6,No
T017238,C032305,Bug,Low,9,Yes
T017239,C003497,Cancellation,Low,5,Yes
T017240,C046696,Bug,High,11,Yes
T017241,C029688,Cancellation,Medium,14,No
T017242,C019603,Login,Medium,7,No
T017243,C048107,Cancellation,Low,5,No
T017244,C032183,Login,Medium,12,Yes
T017245,C005373,Billing,Low,9,Yes
T017246,C004425,Bug,High,12,No
T017247,C004488,Feature,High,3,No
T017248,C025588,Feature,Low,3,No
T017249,C015217,Billing,High,8,Yes
T017250,C016325,Login,Low,8,No
T017251,C006545,Bug,Low,13,No
T017252,C002714,Billing,Medium,2,Yes
T017253,C040263,Bug,High,2,Yes
T017254,C004274,Bug,Low,3,No
T017255,C012107,Feature,Medium,3,Yes
T017256,C030668,Login,Medium,5,Yes
T017257,C034310,Bug,High,3,No
T017258,C001180,Feature,High,10,No
T017259,C029835,Billing,Medium,4,Yes
T017260,C004299,Bug,Low,11,Yes
T017261,C038435,Bug,Medium,2,No
T017262,C045904,Bug,Medium,7,Yes
T017263,C046247,Login,High,0,Yes
T017264,C033485,Cancellation,Medium,6,No
T017265,C037932,Login,Low,10,Yes
T017266,C038173,Feature,High,6,Yes
T017267,C001970,Billing,Medium,0,No
T017268,C041058,Login,High,4,Yes
T017269,C013000,Login,High,6,No
T017270,C035217,Bug,Low,0,Yes
T017271,C031684,Bug,Low,9,Yes
T017272,C007125,Login,Medium,7,No
T017273,C003315,Login,High,4,Yes
T017274,C029799,Bug,High,13,No
T017275,C015307,Feature,Low,12,No
T017276,C023800,Cancellation,Medium,8,No
T017277,C028074,Feature,High,8,No
T017278,C027775,Billing,Medium,12,No
T017279,C010312,Billing,High,7,Yes
T017280,C012692,Feature,Low,13,Yes
T017281,C036416,Billing,High,4,No
T017282,C035736,Cancellation,Low,11,No
T017283,C043688,Billing,High,14,Yes
T017284,C047337,Cancellation,Low,15,No
T017285,C036501,Cancellation,Medium,6,Yes
T017286,C011835,Bug,Medium,11,No
T017287,C006954,Feature,High,7,No
T017288,C020104,Feature,High,7,Yes
T017289,C024507,Login,High,11,No
T017290,C025043,Bug,High,10,Yes
T017291,C027605,Bug,Low,2,No
T017292,C001752,Bug,High,12,Yes
T017293,C011778,Cancellation,High,13,No
T017294,C013180,Cancellation,Medium,15,No
T017295,C011011,Billing,Low,3,No
T017296,C045396,Cancellation,High,2,Yes
T017297,C009170,Login,Low,13,Yes
T017298,C049043,Cancellation,High,10,Yes
T017299,C021128,Feature,High,4,No
T017300,C019939,Billing,Medium,10,Yes
T017301,C043168,Feature,Low,13,Yes
T017302,C039532,Billing,Low,4,Yes
T017303,C015635,Bug,High,11,No
T017304,C043068,Login,Low,3,Yes
T017305,C033264,Cancellation,Medium,2,Yes
T017306,C046688,Login,Medium,9,No
T017307,C032124,Billing,Low,9,No
T017308,C035110,Cancellation,Medium,6,No
T017309,C003155,Feature,Low,14,Yes
T017310,C015369,Feature,High,2,Yes
T017311,C028156,Bug,High,1,No
T017312,C020437,Bug,Low,2,Yes
T017313,C047193,Billing,Medium,15,No
T017314,C036694,Billing,Low,3,No
T017315,C008906,Feature,Low,13,No
T017316,C043805,Feature,Low,4,Yes
T017317,C041850,Feature,Medium,0,No
T017318,C028276,Bug,High,12,Yes
T017319,C019755,Feature,High,9,No
T017320,C046552,Login,High,15,No
T017321,C048669,Feature,High,13,No
T017322,C001626,Cancellation,Low,9,No
T017323,C013456,Cancellation,Medium,8,No
T017324,C012918,Billing,Low,15,Yes
T017325,C039170,Login,High,6,Yes
T017326,C023994,Cancellation,Low,0,No
T017327,C041055,Billing,Medium,5,No
T017328,C007958,Login,Low,1,Yes
T017329,C048883,Bug,High,1,Yes
T017330,C042625,Login,Low,1,No
T017331,C043430,Feature,Medium,11,No
T017332,C034332,Login,High,9,No
T017333,C032530,Cancellation,High,1,Yes
T017334,C048528,Login,High,13,No
T017335,C044375,Billing,High,7,No
T017336,C023172,Feature,Low,3,No
T017337,C043334,Billing,Medium,6,No
T017338,C042038,Cancellation,Low,5,No
T017339,C013017,Feature,Low,5,No
T017340,C027649,Login,High,3,No
T017341,C035686,Login,High,10,Yes
T017342,C036056,Feature,Medium,1,No
T017343,C035375,Cancellation,Low,2,Yes
T017344,C036286,Login,Low,1,Yes
T017345,C035281,Bug,Medium,3,Yes
T017346,C011461,Bug,High,14,Yes
T017347,C046468,Billing,Medium,15,Yes
T017348,C029042,Login,Low,12,Yes
T017349,C028621,Bug,Medium,3,Yes
T017350,C019637,Login,Medium,6,No
T017351,C010218,Bug,Medium,13,No
T017352,C005885,Bug,Low,11,No
T017353,C031677,Login,High,11,No
T017354,C023391,Bug,Low,1,Yes
T017355,C035781,Cancellation,Low,4,Yes
T017356,C023879,Feature,Medium,13,No
T017357,C022733,Billing,Low,4,Yes
T017358,C045457,Feature,Medium,0,No
T017359,C046994,Bug,Low,6,No
T017360,C030661,Feature,Low,6,No
T017361,C027073,Login,High,6,Yes
T017362,C029603,Cancellation,Medium,12,No
T017363,C004376,Billing,High,11,Yes
T017364,C016543,Feature,Medium,3,No
T017365,C018972,Cancellation,High,12,Yes
T017366,C000856,Bug,Low,8,No
T017367,C020239,Bug,Low,7,No
T017368,C012365,Feature,High,0,Yes
T017369,C023188,Cancellation,Medium,8,No
T017370,C013377,Billing,High,15,No
T017371,C025585,Login,Low,8,Yes
T017372,C034445,Bug,High,6,Yes
T017373,C038260,Bug,Medium,3,Yes
T017374,C040772,Feature,Medium,7,Yes
T017375,C024264,Cancellation,Medium,6,No
T017376,C028733,Billing,High,13,No
T017377,C035860,Feature,Medium,11,No
T017378,C004479,Cancellation,Medium,10,Yes
T017379,C028403,Cancellation,Low,7,Yes
T017380,C045927,Bug,Medium,6,Yes
T017381,C019121,Billing,Medium,3,Yes
T017382,C005917,Feature,Low,15,Yes
T017383,C041592,Billing,Low,7,Yes
T017384,C036742,Feature,High,4,No
T017385,C031940,Feature,Medium,9,No
T017386,C014212,Billing,High,1,No
T017387,C047986,Bug,High,11,No
T017388,C023792,Login,Medium,1,Yes
T017389,C002518,Billing,Medium,12,Yes
T017390,C012880,Bug,High,10,Yes
T017391,C041976,Login,High,5,Yes
T017392,C017033,Login,High,13,No
T017393,C029528,Cancellation,Medium,6,Yes
T017394,C041250,Login,Low,2,No
T017395,C023820,Bug,Low,5,Yes
T017396,C042884,Feature,Medium,10,No
T017397,C008365,Feature,Medium,1,Yes
T017398,C037338,Billing,High,14,No
T017399,C019882,Billing,Medium,9,Yes
T017400,C015159,Feature,Low,0,No
T017401,C002562,Cancellation,Medium,8,Yes
T017402,C031497,Feature,Medium,1,No
T017403,C045216,Login,High,1,No
T017404,C046701,Billing,Low,14,No
T017405,C013000,Bug,High,10,Yes
T017406,C033215,Billing,High,10,No
T017407,C026185,Cancellation,High,7,Yes
T017408,C009589,Feature,High,8,No
T017409,C000742,Billing,Medium,0,Yes
T017410,C049436,Billing,Low,13,Yes
T017411,C006125,Cancellation,High,11,No
T017412,C000939,Cancellation,Medium,4,Yes
T017413,C028608,Bug,Medium,11,No
T017414,C043296,Bug,High,5,Yes
T017415,C028306,Billing,Medium,3,No
T017416,C018796,Bug,High,8,Yes
T017417,C033068,Cancellation,Low,13,Yes
T017418,C026737,Feature,Medium,11,Yes
T017419,C000176,Billing,Medium,3,Yes
T017420,C033794,Bug,High,12,Yes
T017421,C001532,Billing,Low,4,Yes
T017422,C046304,Cancellation,Medium,7,No
T017423,C042994,Bug,Low,8,No
T017424,C018649,Login,Low,11,No
T017425,C027670,Feature,Low,4,No
T017426,C027541,Billing,Medium,14,Yes
T017427,C025385,Feature,Low,4,Yes
T017428,C049472,Bug,Low,13,Yes
T017429,C029489,Login,Low,15,No
T017430,C016821,Login,High,1,Yes
T017431,C037414,Feature,Medium,1,No
T017432,C044688,Feature,Low,2,Yes
T017433,C012595,Feature,Low,13,Yes
T017434,C037401,Login,High,1,No
T017435,C025254,Cancellation,Low,13,Yes
T017436,C011389,Bug,Low,2,No
T017437,C006695,Bug,Low,7,No
T017438,C044447,Feature,Low,13,Yes
T017439,C028550,Bug,High,11,Yes
T017440,C003026,Bug,Medium,4,No
T017441,C035623,Billing,Medium,12,Yes
T017442,C043077,Bug,Medium,14,Yes
T017443,C044385,Billing,Medium,8,Yes
T017444,C006366,Bug,Medium,9,Yes
T017445,C007309,Bug,Low,10,Yes
T017446,C026999,Billing,Low,4,No
T017447,C008931,Login,High,2,Yes
T017448,C008114,Login,Low,10,Yes
T017449,C031115,Login,Medium,9,Yes
T017450,C034097,Feature,Low,5,No
T017451,C004708,Bug,High,9,Yes
T017452,C008518,Cancellation,High,13,No
T017453,C033318,Feature,Low,9,No
T017454,C013581,Bug,High,6,No
T017455,C047495,Login,Medium,7,No
T017456,C045347,Bug,Low,1,Yes
T017457,C005590,Feature,High,10,Yes
T017458,C012176,Cancellation,High,10,Yes
T017459,C046422,Bug,High,15,Yes
T017460,C037221,Billing,High,0,Yes
T017461,C004533,Cancellation,Medium,9,Yes
T017462,C014561,Login,Medium,13,Yes
T017463,C028423,Login,Low,0,Yes
T017464,C037966,Cancellation,High,10,No
T017465,C026414,Login,Low,3,No
T017466,C030609,Billing,Medium,5,Yes
T017467,C048046,Feature,Low,3,Yes
T017468,C025578,Login,Low,8,No
T017469,C003225,Bug,Low,2,No
T017470,C032942,Billing,High,3,Yes
T017471,C018701,Feature,Low,5,Yes
T017472,C005892,Bug,Low,9,No
T017473,C015164,Login,High,6,Yes
T017474,C047718,Billing,Medium,0,No
T017475,C003564,Bug,Medium,6,No
T017476,C038473,Feature,Medium,8,No
T017477,C039502,Billing,Medium,6,Yes
T017478,C014808,Billing,Medium,6,Yes
T017479,C033513,Feature,High,12,No
T017480,C042024,Bug,Medium,9,No
T017481,C041510,Bug,High,13,Yes
T017482,C043785,Login,Low,7,Yes
T017483,C011138,Cancellation,High,5,Yes
T017484,C036909,Login,Low,11,Yes
T017485,C016541,Feature,Medium,8,Yes
T017486,C039037,Cancellation,Low,4,No
T017487,C013164,Feature,Medium,11,Yes
T017488,C046759,Bug,Medium,2,No
T017489,C033533,Login,High,11,Yes
T017490,C022583,Bug,Low,4,No
T017491,C021930,Login,Low,7,Yes
T017492,C011380,Billing,Medium,14,No
T017493,C040122,Billing,Medium,5,No
T017494,C022377,Login,High,13,No
T017495,C018686,Feature,Low,13,Yes
T017496,C012694,Feature,Medium,12,Yes
T017497,C019902,Login,Low,1,Yes
T017498,C042822,Billing,Medium,15,Yes
T017499,C029477,Feature,Low,8,Yes
T017500,C003157,Login,High,10,No
T017501,C041523,Login,High,10,Yes
T017502,C040684,Cancellation,High,0,Yes
T017503,C039942,Cancellation,Medium,11,No
T017504,C024667,Billing,Low,14,No
T017505,C025971,Feature,Medium,14,Yes
T017506,C040615,Bug,Medium,13,No
T017507,C023106,Cancellation,Low,12,No
T017508,C032127,Billing,Low,4,No
T017509,C023549,Cancellation,Medium,6,Yes
T017510,C043557,Login,High,13,No
T017511,C022426,Cancellation,Low,15,Yes
T017512,C028502,Billing,Low,15,Yes
T017513,C011081,Billing,High,9,No
T017514,C030763,Bug,Low,3,Yes
T017515,C003207,Login,Low,0,No
T017516,C005110,Cancellation,High,11,Yes
T017517,C038511,Bug,High,1,Yes
T017518,C018498,Cancellation,Medium,9,No
T017519,C047070,Cancellation,Low,11,Yes
T017520,C000768,Billing,High,2,No
T017521,C024079,Feature,High,5,Yes
T017522,C005755,Login,Medium,1,No
T017523,C024677,Login,Medium,13,No
T017524,C049558,Bug,Medium,8,Yes
T017525,C008114,Bug,High,14,Yes
T017526,C011267,Feature,Medium,0,Yes
T017527,C012038,Bug,Low,12,Yes
T017528,C008088,Bug,Low,11,Yes
T017529,C013000,Cancellation,High,13,No
T017530,C046333,Bug,Low,5,Yes
T017531,C047066,Bug,High,5,Yes
T017532,C017695,Billing,Low,6,No
T017533,C015751,Feature,Low,13,Yes
T017534,C007213,Feature,Low,7,Yes
T017535,C027835,Billing,Low,11,No
T017536,C010653,Feature,Low,12,No
T017537,C000663,Feature,Medium,8,No
T017538,C040059,Login,High,1,No
T017539,C018751,Billing,Medium,15,No
T017540,C011449,Cancellation,High,2,No
T017541,C028068,Feature,Low,6,No
T017542,C009320,Cancellation,Medium,7,Yes
T017543,C004661,Feature,Medium,7,Yes
T017544,C009503,Cancellation,Medium,10,Yes
T017545,C039907,Feature,Medium,6,Yes
T017546,C020044,Feature,Low,8,No
T017547,C025890,Cancellation,Medium,0,No
T017548,C017181,Login,Low,3,Yes
T017549,C013878,Cancellation,Low,0,Yes
T017550,C005085,Login,Low,3,Yes
T017551,C026588,Cancellation,Medium,6,No
T017552,C041518,Cancellation,Medium,6,No
T017553,C018952,Bug,Medium,14,Yes
T017554,C049019,Feature,Medium,8,No
T017555,C000993,Cancellation,Low,14,No
T017556,C031712,Cancellation,Medium,13,Yes
T017557,C022432,Feature,Medium,11,Yes
T017558,C046809,Cancellation,Low,5,No
T017559,C009978,Cancellation,High,8,No
T017560,C029524,Bug,Low,3,Yes
T017561,C008656,Billing,High,10,Yes
T017562,C023386,Billing,Medium,4,Yes
T017563,C035727,Billing,Medium,5,Yes
T017564,C047649,Cancellation,Medium,4,Yes
T017565,C039681,Feature,Medium,14,Yes
T017566,C044969,Billing,Low,14,Yes
T017567,C032366,Cancellation,Low,12,Yes
T017568,C044162,Feature,High,3,Yes
T017569,C044813,Bug,Low,7,No
T017570,C020654,Feature,High,10,No
T017571,C033683,Feature,Low,10,No
T017572,C025607,Login,Low,11,No
T017573,C012638,Feature,Low,4,Yes
T017574,C026579,Login,Low,11,Yes
T017575,C034205,Login,Low,10,No
T017576,C029063,Bug,Low,11,No
T017577,C033586,Cancellation,High,0,No
T017578,C019379,Feature,Low,8,Yes
T017579,C021156,Cancellation,Low,7,No
T017580,C000609,Login,High,10,Yes
T017581,C028286,Billing,High,2,Yes
T017582,C035590,Cancellation,Medium,4,Yes
T017583,C016361,Login,Medium,3,Yes
T017584,C044783,Billing,Low,3,Yes
T017585,C014954,Bug,Medium,10,Yes
T017586,C016387,Cancellation,Medium,5,No
T017587,C038774,Billing,High,0,Yes
T017588,C013147,Feature,Medium,4,Yes
T017589,C021780,Billing,Medium,6,Yes
T017590,C040923,Bug,Low,15,No
T017591,C012927,Billing,Low,3,No
T017592,C037788,Feature,Low,0,No
T017593,C030339,Login,Low,6,Yes
T017594,C005504,Feature,Medium,7,Yes
T017595,C028728,Cancellation,Low,14,Yes
T017596,C044311,Login,High,6,No
T017597,C025403,Cancellation,Low,12,Yes
T017598,C048397,Login,Low,6,Yes
T017599,C016652,Billing,Low,4,Yes
T017600,C006477,Bug,Medium,1,Yes
T017601,C004000,Cancellation,Medium,15,No
T017602,C010083,Feature,High,1,Yes
T017603,C033157,Cancellation,High,14,Yes
T017604,C005720,Feature,Low,8,Yes
T017605,C045677,Cancellation,Medium,5,No
T017606,C044161,Bug,Low,1,Yes
T017607,C012824,Billing,Medium,12,Yes
T017608,C001916,Billing,Medium,7,No
T017609,C002124,Billing,High,5,Yes
T017610,C005238,Cancellation,Medium,8,No
T017611,C023842,Billing,Medium,15,No
T017612,C049953,Bug,High,4,No
T017613,C010839,Login,Low,12,No
T017614,C015412,Login,Medium,0,No
T017615,C017776,Billing,Medium,11,Yes
T017616,C003223,Login,Low,14,No
T017617,C035427,Cancellation,Low,14,No
T017618,C027284,Feature,Low,2,No
T017619,C036092,Cancellation,High,14,No
T017620,C009098,Feature,High,10,No
T017621,C014564,Billing,Low,14,No
T017622,C000558,Cancellation,High,2,No
T017623,C008653,Cancellation,Medium,0,No
T017624,C003347,Billing,Medium,1,Yes
T017625,C000014,Feature,High,11,Yes
T017626,C007877,Cancellation,Low,8,No
T017627,C037678,Bug,High,9,Yes
T017628,C034546,Billing,Low,5,Yes
T017629,C024233,Login,Medium,12,Yes
T017630,C022972,Billing,Low,13,No
T017631,C018060,Login,High,2,No
T017632,C047073,Bug,Medium,2,Yes
T017633,C002363,Billing,Medium,7,No
T017634,C043733,Feature,Medium,1,No
T017635,C008247,Feature,Low,12,Yes
T017636,C022450,Feature,High,8,Yes
T017637,C016933,Billing,Low,5,No
T017638,C041753,Login,High,13,No
T017639,C033748,Feature,Medium,1,Yes
T017640,C026720,Feature,Low,0,Yes
T017641,C042880,Login,Low,15,No
T017642,C009809,Billing,Low,5,Yes
T017643,C020947,Login,High,11,No
T017644,C044569,Cancellation,High,2,No
T017645,C041871,Login,Medium,11,No
T017646,C003571,Feature,High,9,Yes
T017647,C011224,Feature,Low,12,No
T017648,C046513,Cancellation,High,6,No
T017649,C016940,Billing,Medium,0,No
T017650,C006589,Bug,Medium,11,No
T017651,C043775,Feature,Low,7,No
T017652,C034163,Billing,Medium,8,No
T017653,C012922,Billing,High,3,No
T017654,C004519,Cancellation,High,12,No
T017655,C012793,Bug,Medium,0,No
T017656,C021645,Feature,High,8,No
T017657,C006658,Login,Low,13,Yes
T017658,C012466,Bug,Medium,0,No
T017659,C040265,Bug,Medium,0,Yes
T017660,C038307,Login,Medium,7,No
T017661,C006751,Cancellation,High,9,Yes
T017662,C014535,Cancellation,Medium,4,No
T017663,C028509,Cancellation,High,6,Yes
T017664,C002895,Feature,Low,0,No
T017665,C048966,Bug,High,8,Yes
T017666,C001472,Bug,Low,15,No
T017667,C019296,Bug,High,12,Yes
T017668,C047856,Feature,Medium,3,Yes
T017669,C022077,Billing,High,7,No
T017670,C007256,Feature,High,4,No
T017671,C045489,Billing,Medium,6,No
T017672,C034825,Login,Medium,4,Yes
T017673,C034846,Bug,Low,8,Yes
T017674,C032958,Cancellation,Medium,9,Yes
T017675,C012372,Cancellation,Low,2,No
T017676,C004468,Cancellation,Low,14,Yes
T017677,C007958,Cancellation,Medium,10,No
T017678,C024012,Cancellation,High,0,Yes
T017679,C012506,Feature,Low,9,Yes
T017680,C016647,Cancellation,Medium,1,No
T017681,C018784,Billing,Low,14,No
T017682,C041127,Login,Low,15,Yes
T017683,C038872,Cancellation,Medium,5,Yes
T017684,C012431,Feature,High,15,Yes
T017685,C038273,Cancellation,High,0,No
T017686,C033647,Billing,Low,7,No
T017687,C014364,Bug,Medium,1,No
T017688,C019453,Billing,Low,3,No
T017689,C002163,Cancellation,High,4,No
T017690,C046721,Login,Low,1,Yes
T017691,C015574,Billing,Low,15,Yes
T017692,C034761,Cancellation,Low,3,Yes
T017693,C005202,Login,Low,10,No
T017694,C012471,Feature,Low,3,No
T017695,C047131,Feature,Medium,2,No
T017696,C047615,Login,Low,15,No
T017697,C039506,Bug,Low,0,No
T017698,C030213,Feature,High,11,No
T017699,C046933,Login,Medium,12,Yes
T017700,C019121,Bug,Low,6,Yes
T017701,C010073,Login,Medium,11,Yes
T017702,C003789,Cancellation,Low,4,No
T017703,C042264,Login,High,9,Yes
T017704,C002030,Bug,High,6,Yes
T017705,C012955,Billing,High,3,Yes
T017706,C014523,Login,Medium,14,No
T017707,C046815,Bug,High,3,No
T017708,C021548,Billing,High,4,No
T017709,C028323,Login,High,4,No
T017710,C015195,Bug,Medium,10,Yes
T017711,C024056,Login,Low,4,Yes
T017712,C034140,Feature,Low,0,No
T017713,C008289,Login,High,15,No
T017714,C035513,Bug,High,11,Yes
T017715,C009252,Cancellation,High,7,No
T017716,C027528,Login,High,0,No
T017717,C033249,Cancellation,Medium,0,No
T017718,C011155,Billing,High,2,Yes
T017719,C028809,Cancellation,Low,0,Yes
T017720,C041230,Feature,Medium,2,Yes
T017721,C007835,Login,Low,11,Yes
T017722,C029262,Billing,Medium,2,No
T017723,C010361,Login,Low,3,No
T017724,C024189,Billing,Low,15,No
T017725,C014704,Login,High,1,Yes
T017726,C024789,Login,High,6,No
T017727,C001616,Bug,Low,7,Yes
T017728,C030851,Cancellation,High,7,No
T017729,C044569,Cancellation,Low,3,Yes
T017730,C040633,Feature,High,15,No
T017731,C022405,Login,Low,14,Yes
T017732,C031728,Bug,High,9,Yes
T017733,C016142,Feature,High,13,Yes
T017734,C015186,Cancellation,Low,7,Yes
T017735,C008332,Login,Low,4,Yes
T017736,C045535,Bug,Low,15,Yes
T017737,C020019,Bug,Low,6,No
T017738,C006062,Cancellation,Low,5,Yes
T017739,C021803,Bug,Low,0,Yes
T017740,C034865,Login,Medium,8,No
T017741,C036402,Billing,Low,4,Yes
T017742,C027933,Bug,Medium,10,Yes
T017743,C030791,Login,Medium,1,No
T017744,C026090,Login,High,12,Yes
T017745,C028403,Bug,High,13,Yes
T017746,C022786,Billing,High,15,No
T017747,C049245,Bug,High,0,No
T017748,C043760,Bug,Medium,7,Yes
T017749,C029587,Cancellation,Low,12,Yes
T017750,C035878,Login,Low,10,Yes
T017751,C045823,Feature,Medium,0,No
T017752,C017230,Bug,Medium,5,No
T017753,C000840,Bug,Low,7,No
T017754,C023809,Cancellation,Medium,10,Yes
T017755,C031427,Billing,Medium,1,No
T017756,C045857,Cancellation,Medium,5,Yes
T017757,C026192,Cancellation,Medium,3,No
T017758,C033299,Bug,Medium,5,Yes
T017759,C033070,Cancellation,Low,2,No
T017760,C034714,Cancellation,Low,14,No
T017761,C019734,Billing,High,0,No
T017762,C032870,Bug,Low,4,Yes
T017763,C028891,Billing,Low,9,No
T017764,C032274,Cancellation,Medium,6,No
T017765,C008301,Feature,High,5,No
T017766,C028302,Cancellation,High,11,No
T017767,C004896,Login,High,14,Yes
T017768,C006015,Cancellation,High,7,Yes
T017769,C040058,Login,Low,15,Yes
T017770,C014057,Cancellation,Low,10,Yes
T017771,C049487,Feature,Medium,11,Yes
T017772,C009137,Feature,High,8,No
T017773,C043725,Feature,Medium,13,No
T017774,C032675,Feature,Medium,1,Yes
T017775,C030826,Feature,Medium,2,No
T017776,C029643,Feature,Low,6,No
T017777,C011955,Billing,Low,5,No
T017778,C003681,Feature,Medium,2,No
T017779,C012547,Login,High,2,Yes
T017780,C023336,Billing,Low,2,Yes
T017781,C014235,Feature,Low,4,Yes
T017782,C047009,Feature,Medium,14,Yes
T017783,C039122,Login,Medium,14,No
T017784,C031899,Bug,Medium,4,Yes
T017785,C039667,Feature,Medium,5,No
T017786,C046902,Feature,High,1,Yes
T017787,C030870,Login,High,4,No
T017788,C010444,Billing,Low,3,Yes
T017789,C003951,Feature,High,12,No
T017790,C041298,Bug,High,2,Yes
T017791,C047554,Bug,Low,12,No
T017792,C002587,Login,Low,12,Yes
T017793,C010094,Billing,Low,1,Yes
T017794,C023064,Cancellation,High,12,Yes
T017795,C047460,Cancellation,Low,6,No
T017796,C043852,Cancellation,Low,8,Yes
T017797,C017128,Login,High,12,No
T017798,C033468,Billing,High,12,No
T017799,C031861,Feature,Medium,14,No
T017800,C021650,Billing,Low,9,Yes
T017801,C012366,Billing,Medium,5,No
T017802,C034768,Login,Low,2,Yes
T017803,C007091,Billing,Low,2,Yes
T017804,C007168,Feature,Low,10,No
T017805,C007064,Cancellation,Low,9,Yes
T017806,C023453,Cancellation,High,9,Yes
T017807,C007146,Bug,Medium,7,Yes
T017808,C028286,Cancellation,Low,11,Yes
T017809,C022683,Cancellation,Medium,7,Yes
T017810,C019692,Billing,Low,15,Yes
T017811,C033114,Feature,Medium,9,No
T017812,C013796,Billing,Low,10,No
T017813,C018056,Cancellation,High,15,No
T017814,C044580,Feature,Medium,13,No
T017815,C036838,Cancellation,High,13,No
T017816,C032380,Billing,Low,1,No
T017817,C026625,Feature,High,8,Yes
T017818,C049725,Billing,Medium,5,No
T017819,C007383,Billing,Medium,0,No
T017820,C008592,Cancellation,Medium,2,No
T017821,C035483,Cancellation,Medium,12,No
T017822,C011693,Feature,Low,14,No
T017823,C047290,Feature,Low,4,Yes
T017824,C033085,Login,Low,10,No
T017825,C034679,Cancellation,Medium,9,No
T017826,C038095,Bug,High,0,Yes
T017827,C048322,Bug,High,7,Yes
T017828,C042163,Billing,Medium,2,Yes
T017829,C021562,Billing,Medium,13,Yes
T017830,C043383,Bug,Medium,6,Yes
T017831,C039473,Cancellation,Medium,5,Yes
T017832,C040060,Feature,Medium,6,No
T017833,C001899,Feature,Low,5,No
T017834,C003681,Feature,Medium,5,No
T017835,C020394,Billing,Low,4,No
T017836,C029935,Login,Low,8,Yes
T017837,C028668,Feature,Medium,7,Yes
T017838,C010983,Login,Medium,13,Yes
T017839,C013950,Login,Medium,6,No
T017840,C026563,Billing,Low,12,No
T017841,C015859,Login,High,3,No
T017842,C003607,Billing,High,15,Yes
T017843,C004242,Cancellation,Low,13,No
T017844,C003792,Feature,High,8,Yes
T017845,C045748,Feature,High,1,Yes
T017846,C006823,Login,Medium,8,No
T017847,C039207,Feature,High,0,Yes
T017848,C044789,Cancellation,Low,5,No
T017849,C000152,Billing,Low,1,Yes
T017850,C014070,Cancellation,Medium,10,No
T017851,C030288,Billing,Medium,13,Yes
T017852,C034727,Feature,Low,2,No
T017853,C008058,Feature,Low,4,Yes
T017854,C039358,Cancellation,Low,4,No
T017855,C036081,Feature,Medium,12,No
T017856,C035298,Login,High,15,Yes
T017857,C008230,Bug,Medium,5,No
T017858,C030059,Bug,Medium,14,Yes
T017859,C047223,Billing,Medium,15,No
T017860,C012828,Cancellation,Medium,4,Yes
T017861,C042263,Login,Low,9,No
T017862,C011967,Login,Low,6,Yes
T017863,C046053,Login,Low,12,Yes
T017864,C013973,Cancellation,Medium,0,Yes
T017865,C033710,Cancellation,High,13,Yes
T017866,C001029,Billing,Medium,10,No
T017867,C036543,Bug,Medium,10,Yes
T017868,C010131,Feature,Low,9,No
T017869,C017595,Bug,High,1,Yes
T017870,C001519,Cancellation,Medium,4,No
T017871,C023256,Bug,Medium,11,No
T017872,C026308,Cancellation,Low,12,No
T017873,C028617,Feature,High,12,Yes
T017874,C006189,Bug,Medium,8,Yes
T017875,C042270,Billing,High,13,No
T017876,C022995,Feature,Low,14,No
T017877,C014125,Login,Low,8,No
T017878,C038753,Bug,Medium,14,Yes
T017879,C035138,Billing,Medium,15,Yes
T017880,C009868,Cancellation,Medium,10,No
T017881,C047061,Feature,Low,1,No
T017882,C030002,Feature,Medium,10,Yes
T017883,C042675,Bug,Medium,14,Yes
T017884,C025766,Login,Medium,0,Yes
T017885,C026434,Billing,Medium,6,Yes
T017886,C027827,Billing,High,3,Yes
T017887,C001041,Cancellation,High,4,No
T017888,C008420,Billing,High,2,Yes
T017889,C045609,Feature,High,11,Yes
T017890,C019485,Login,High,10,No
T017891,C018227,Cancellation,Low,4,Yes
T017892,C003697,Billing,Medium,6,Yes
T017893,C025586,Bug,Medium,8,No
T017894,C020565,Billing,High,6,Yes
T017895,C048206,Cancellation,Medium,8,Yes
T017896,C047485,Bug,Medium,12,Yes
T017897,C039632,Cancellation,Medium,15,No
T017898,C018473,Cancellation,Low,12,No
T017899,C007328,Bug,Low,6,Yes
T017900,C021617,Login,Medium,15,Yes
T017901,C005538,Login,Medium,8,No
T017902,C048263,Billing,High,14,Yes
T017903,C031624,Cancellation,High,5,Yes
T017904,C041774,Billing,Medium,4,No
T017905,C003577,Cancellation,High,3,Yes
T017906,C045463,Login,High,13,No
T017907,C001472,Billing,Medium,15,No
T017908,C007639,Billing,Medium,14,No
T017909,C035175,Login,Low,4,No
T017910,C001597,Cancellation,Low,8,Yes
T017911,C022073,Billing,Medium,1,No
T017912,C047249,Feature,High,2,Yes
T017913,C009189,Login,High,11,No
T017914,C015153,Feature,Medium,14,No
T017915,C014512,Bug,Low,8,Yes
T017916,C004091,Cancellation,Medium,0,No
T017917,C004196,Bug,High,3,No
T017918,C018556,Cancellation,High,15,Yes
T017919,C004949,Login,Medium,11,Yes
T017920,C038509,Login,High,4,No
T017921,C011047,Cancellation,Medium,12,Yes
T017922,C008443,Feature,Low,9,No
T017923,C048765,Bug,High,11,Yes
T017924,C044761,Cancellation,High,3,No
T017925,C030899,Bug,Medium,2,Yes
T017926,C013950,Billing,Medium,9,Yes
T017927,C001321,Feature,Low,4,Yes
T017928,C044591,Feature,Medium,10,Yes
T017929,C017507,Login,Low,1,Yes
T017930,C032430,Cancellation,High,13,No
T017931,C040312,Login,Medium,1,No
T017932,C046132,Bug,Low,14,No
T017933,C038519,Cancellation,Low,8,Yes
T017934,C018094,Login,Medium,8,Yes
T017935,C034477,Cancellation,Low,14,Yes
T017936,C027972,Login,Medium,4,Yes
T017937,C031860,Feature,Low,5,No
T017938,C008537,Billing,Low,4,No
T017939,C023836,Cancellation,Medium,14,No
T017940,C031818,Bug,High,3,No
T017941,C041218,Cancellation,Medium,8,Yes
T017942,C010762,Feature,Medium,8,Yes
T017943,C043793,Feature,Low,14,Yes
T017944,C037115,Login,Low,8,No
T017945,C007839,Feature,Medium,13,Yes
T017946,C006180,Billing,Medium,14,Yes
T017947,C009642,Billing,Medium,11,No
T017948,C038445,Feature,Low,10,Yes
T017949,C039433,Login,High,6,No
T017950,C011736,Bug,Low,5,Yes
T017951,C016246,Login,High,8,No
T017952,C021179,Login,Medium,9,Yes
T017953,C011527,Login,High,15,No
T017954,C018811,Feature,High,3,Yes
T017955,C002195,Billing,High,5,Yes
T017956,C032798,Billing,Low,2,Yes
T017957,C014867,Billing,High,12,No
T017958,C046562,Feature,High,5,No
T017959,C009829,Login,Low,11,No
T017960,C021795,Billing,High,0,No
T017961,C024812,Login,High,9,No
T017962,C023014,Bug,Medium,5,Yes
T017963,C044655,Feature,Medium,13,No
T017964,C021012,Login,Medium,4,Yes
T017965,C027377,Cancellation,High,13,Yes
T017966,C041878,Billing,High,11,Yes
T017967,C020496,Login,High,11,No
T017968,C021644,Login,Low,15,No
T017969,C007724,Feature,Medium,2,No
T017970,C028614,Billing,High,9,Yes
T017971,C026522,Bug,High,9,No
T017972,C011505,Cancellation,Low,9,No
T017973,C005363,Feature,Medium,3,No
T017974,C010878,Login,High,5,No
T017975,C020963,Bug,High,4,No
T017976,C015603,Billing,High,0,No
T017977,C001453,Billing,High,13,No
T017978,C035838,Bug,High,0,Yes
T017979,C021993,Billing,Low,7,No
T017980,C049744,Login,Medium,0,Yes
T017981,C037992,Billing,High,15,No
T017982,C005071,Cancellation,Medium,0,No
T017983,C003580,Billing,Medium,11,Yes
T017984,C017553,Feature,High,3,No
T017985,C034770,Login,Low,4,No
T017986,C047623,Feature,Medium,14,No
T017987,C048863,Login,Low,3,Yes
T017988,C012313,Login,Medium,8,Yes
T017989,C007045,Feature,Low,3,Yes
T017990,C010783,Bug,High,2,Yes
T017991,C046755,Bug,Low,12,Yes
T017992,C018889,Bug,Low,13,Yes
T017993,C008630,Bug,Low,5,No
T017994,C008831,Login,Low,12,No
T017995,C048075,Login,Low,0,Yes
T017996,C020500,Feature,Medium,9,Yes
T017997,C010864,Bug,Medium,8,No
T017998,C032442,Bug,High,11,No
T017999,C002195,Login,High,14,Yes
T018000,C042226,Feature,Medium,15,No
T018001,C023271,Feature,Medium,3,No
T018002,C042670,Feature,Medium,6,Yes
T018003,C039378,Bug,High,14,Yes
T018004,C015290,Feature,High,5,Yes
T018005,C049098,Login,Low,13,Yes
T018006,C009434,Login,Low,12,Yes
T018007,C041705,Billing,High,15,No
T018008,C034353,Billing,Low,8,Yes
T018009,C019607,Cancellation,Medium,8,Yes
T018010,C026820,Bug,Medium,14,Yes
T018011,C023894,Login,High,10,Yes
T018012,C012026,Bug,Medium,5,No
T018013,C047112,Bug,Medium,13,Yes
T018014,C005658,Bug,Medium,3,No
T018015,C011619,Feature,High,3,No
T018016,C029723,Cancellation,Low,5,Yes
T018017,C045373,Feature,High,12,Yes
T018018,C003092,Cancellation,High,0,No
T018019,C014024,Bug,Medium,14,Yes
T018020,C032468,Feature,High,6,Yes
T018021,C025117,Cancellation,Low,1,No
T018022,C014757,Bug,Medium,10,Yes
T018023,C044984,Billing,Low,7,Yes
T018024,C018988,Feature,High,11,Yes
T018025,C007542,Login,High,13,Yes
T018026,C046229,Feature,Medium,9,Yes
T018027,C020857,Cancellation,Medium,13,Yes
T018028,C016437,Login,Low,11,Yes
T018029,C012913,Feature,High,7,Yes
T018030,C021303,Feature,High,10,No
T018031,C034775,Login,High,11,Yes
T018032,C036862,Login,High,1,Yes
T018033,C007351,Login,Low,5,Yes
T018034,C039916,Cancellation,Low,12,No
T018035,C027959,Bug,Medium,2,Yes
T018036,C021952,Feature,Low,10,No
T018037,C020588,Cancellation,Low,13,Yes
T018038,C007216,Bug,Medium,12,No
T018039,C009926,Feature,Medium,15,Yes
T018040,C033643,Cancellation,High,0,Yes
T018041,C045846,Cancellation,Medium,11,Yes
T018042,C017630,Cancellation,Low,11,No
T018043,C037439,Feature,Low,9,Yes
T018044,C033290,Cancellation,Low,2,Yes
T018045,C000502,Bug,Medium,12,Yes
T018046,C026121,Cancellation,Medium,1,No
T018047,C033867,Cancellation,Low,6,No
T018048,C018896,Login,Medium,1,No
T018049,C035599,Bug,Medium,12,Yes
T018050,C038806,Cancellation,High,9,Yes
T018051,C037662,Login,Low,15,No
T018052,C017226,Feature,Low,13,Yes
T018053,C032157,Cancellation,Medium,1,Yes
T018054,C049384,Billing,High,11,Yes
T018055,C010504,Billing,Medium,12,Yes
T018056,C022289,Bug,Low,5,No
T018057,C026862,Bug,High,3,Yes
T018058,C008383,Login,High,10,Yes
T018059,C004672,Login,Low,5,Yes
T018060,C006240,Bug,Low,13,Yes
T018061,C006597,Cancellation,High,15,Yes
T018062,C021726,Feature,Low,12,No
T018063,C031137,Feature,High,13,Yes
T018064,C039228,Billing,High,3,No
T018065,C037862,Feature,Medium,11,Yes
T018066,C008925,Feature,High,7,No
T018067,C001604,Login,Medium,0,No
T018068,C015355,Feature,Medium,3,No
T018069,C044803,Cancellation,High,12,No
T018070,C034112,Cancellation,Low,5,No
T018071,C020595,Login,High,3,No
T018072,C017784,Bug,High,5,No
T018073,C008953,Feature,Medium,15,Yes
T018074,C046316,Cancellation,Medium,6,No
T018075,C036487,Feature,High,7,Yes
T018076,C030647,Billing,High,4,No
T018077,C032718,Bug,Low,5,No
T018078,C003311,Billing,Low,7,Yes
T018079,C008164,Login,Medium,11,Yes
T018080,C007547,Bug,Low,13,No
T018081,C024788,Bug,Low,9,Yes
T018082,C041132,Billing,Low,8,No
T018083,C026728,Bug,High,10,No
T018084,C000303,Bug,Low,15,Yes
T018085,C006043,Feature,High,7,Yes
T018086,C038745,Feature,High,11,No
T018087,C030608,Feature,High,2,Yes
T018088,C031476,Login,Low,15,Yes
T018089,C020554,Cancellation,High,10,No
T018090,C026577,Login,Medium,6,No
T018091,C016039,Login,Low,9,Yes
T018092,C010351,Bug,Low,7,No
T018093,C005853,Login,Medium,0,No
T018094,C011086,Cancellation,High,3,Yes
T018095,C034474,Login,Medium,13,Yes
T018096,C013536,Bug,Medium,15,No
T018097,C019225,Feature,High,12,Yes
T018098,C021321,Feature,High,11,Yes
T018099,C006873,Billing,High,9,No
T018100,C010519,Billing,Low,15,Yes
T018101,C040992,Feature,Medium,4,No
T018102,C048117,Billing,High,9,No
T018103,C010656,Login,Low,12,No
T018104,C045684,Cancellation,Medium,8,Yes
T018105,C023755,Billing,High,3,No
T018106,C019656,Bug,High,13,Yes
T018107,C036909,Bug,High,2,Yes
T018108,C003453,Feature,High,5,Yes
T018109,C043000,Login,High,13,Yes
T018110,C035249,Bug,High,14,No
T018111,C047887,Bug,Medium,2,Yes
T018112,C035521,Feature,High,10,Yes
T018113,C019318,Login,High,8,Yes
T018114,C026628,Cancellation,Low,6,No
T018115,C040968,Login,Low,5,No
T018116,C049684,Feature,High,6,No
T018117,C048239,Bug,High,13,No
T018118,C032651,Login,High,3,Yes
T018119,C012647,Feature,Low,9,Yes
T018120,C028610,Cancellation,High,5,Yes
T018121,C038215,Feature,Medium,11,Yes
T018122,C044483,Bug,Medium,0,Yes
T018123,C022365,Cancellation,Low,3,Yes
T018124,C005563,Bug,High,15,No
T018125,C045704,Billing,Medium,3,No
T018126,C015084,Feature,Medium,6,No
T018127,C042635,Login,Medium,7,Yes
T018128,C040952,Feature,High,14,No
T018129,C026226,Cancellation,High,9,No
T018130,C035297,Cancellation,Low,15,No
T018131,C027076,Cancellation,Medium,12,No
T018132,C023321,Billing,High,15,Yes
T018133,C030704,Billing,Low,0,No
T018134,C009266,Billing,Low,15,No
T018135,C013833,Bug,High,10,Yes
T018136,C001810,Billing,High,6,No
T018137,C012748,Billing,Low,14,No
T018138,C007372,Login,High,9,Yes
T018139,C034235,Billing,Low,0,No
T018140,C041051,Bug,High,7,Yes
T018141,C013158,Cancellation,High,3,No
T018142,C042211,Feature,Low,4,No
T018143,C037559,Feature,High,14,Yes
T018144,C013670,Billing,Medium,15,Yes
T018145,C020386,Feature,Medium,5,Yes
T018146,C029356,Cancellation,Medium,6,Yes
T018147,C030466,Billing,Low,6,Yes
T018148,C020785,Cancellation,High,15,No
T018149,C031052,Login,Low,4,No
T018150,C012385,Cancellation,High,9,No
T018151,C017115,Cancellation,Low,5,Yes
T018152,C032373,Feature,High,4,No
T018153,C011013,Bug,High,15,No
T018154,C048175,Bug,Low,15,No
T018155,C018881,Login,High,12,No
T018156,C040575,Billing,Medium,2,No
T018157,C026814,Billing,Low,13,Yes
T018158,C004451,Billing,Low,6,Yes
T018159,C010046,Bug,Low,0,No
T018160,C019217,Feature,High,6,Yes
T018161,C015355,Cancellation,Low,2,Yes
T018162,C021849,Billing,Medium,6,No
T018163,C033441,Billing,High,6,Yes
T018164,C005160,Cancellation,High,10,No
T018165,C039296,Feature,High,6,Yes
T018166,C025213,Bug,Low,0,Yes
T018167,C036751,Login,High,8,Yes
T018168,C024262,Bug,Low,1,No
T018169,C010387,Cancellation,High,7,Yes
T018170,C021268,Cancellation,High,6,Yes
T018171,C029260,Billing,Low,5,No
T018172,C023863,Billing,High,12,Yes
T018173,C039076,Bug,Medium,13,No
T018174,C028325,Bug,Low,15,No
T018175,C014718,Billing,Low,8,No
T018176,C028119,Login,High,6,No
T018177,C007422,Cancellation,High,8,Yes
T018178,C017993,Login,Medium,0,No
T018179,C006590,Feature,Medium,7,No
T018180,C006193,Feature,Low,6,No
T018181,C008715,Feature,High,9,No
T018182,C010092,Cancellation,High,13,Yes
T018183,C017630,Login,Low,11,No
T018184,C037550,Billing,Medium,3,No
T018185,C016711,Feature,High,15,No
T018186,C037061,Feature,Medium,4,Yes
T018187,C029533,Billing,Medium,4,Yes
T018188,C006893,Billing,Low,5,Yes
T018189,C018208,Cancellation,Low,15,No
T018190,C033148,Billing,High,2,No
T018191,C029799,Billing,High,2,Yes
T018192,C023398,Feature,Medium,7,Yes
T018193,C033925,Feature,Low,10,No
T018194,C012096,Feature,High,1,Yes
T018195,C023181,Bug,Low,3,No
T018196,C018251,Billing,Medium,5,Yes
T018197,C011937,Billing,Low,11,No
T018198,C019396,Feature,Low,1,No
T018199,C040709,Billing,Medium,9,No
T018200,C013290,Feature,Medium,12,No
T018201,C002256,Cancellation,Medium,7,No
T018202,C003263,Feature,Low,2,Yes
T018203,C046727,Feature,Low,0,Yes
T018204,C041467,Bug,Medium,11,Yes
T018205,C044925,Feature,Medium,14,Yes
T018206,C021047,Feature,Medium,12,Yes
T018207,C032159,Feature,Low,2,No
T018208,C035932,Bug,High,15,Yes
T018209,C021321,Login,Medium,15,Yes
T018210,C020621,Cancellation,High,2,No
T018211,C023015,Bug,Medium,14,No
T018212,C034044,Feature,High,8,No
T018213,C021784,Bug,Medium,12,Yes
T018214,C000565,Billing,Medium,5,Yes
T018215,C013210,Cancellation,Medium,13,Yes
T018216,C019148,Feature,Low,8,No
T018217,C040661,Cancellation,Medium,2,No
T018218,C014964,Cancellation,Medium,14,No
T018219,C015437,Billing,Low,1,Yes
T018220,C028074,Billing,Medium,13,Yes
T018221,C015249,Billing,High,12,No
T018222,C035554,Cancellation,Medium,11,Yes
T018223,C029678,Cancellation,Medium,3,No
T018224,C033961,Feature,High,6,Yes
T018225,C001399,Feature,High,10,No
T018226,C019455,Cancellation,Low,11,No
T018227,C019844,Bug,Medium,1,No
T018228,C006989,Cancellation,High,5,No
T018229,C044690,Billing,High,10,Yes
T018230,C010272,Cancellation,Medium,9,No
T018231,C004653,Billing,Medium,11,Yes
T018232,C005610,Billing,Medium,6,No
T018233,C047433,Bug,Medium,15,Yes
T018234,C001453,Billing,Medium,15,Yes
T018235,C032946,Bug,Low,6,No
T018236,C048356,Feature,High,12,No
T018237,C021195,Bug,High,9,No
T018238,C033782,Feature,Medium,4,No
T018239,C018148,Feature,Low,2,Yes
T018240,C037406,Bug,Medium,4,Yes
T018241,C018358,Bug,High,0,Yes
T018242,C037943,Bug,Medium,5,No
T018243,C006478,Login,Low,9,No
T018244,C045907,Feature,Medium,13,No
T018245,C019180,Bug,Low,13,No
T018246,C033085,Cancellation,High,9,Yes
T018247,C047355,Feature,Medium,2,No
T018248,C042943,Billing,Low,14,No
T018249,C042167,Login,Medium,13,No
T018250,C042430,Cancellation,Low,2,Yes
T018251,C006331,Feature,High,10,No
T018252,C022011,Cancellation,High,15,No
T018253,C020885,Bug,Low,14,No
T018254,C042069,Feature,Low,14,Yes
T018255,C022271,Bug,Low,2,No
T018256,C007533,Billing,Medium,14,No
T018257,C031743,Cancellation,Medium,12,No
T018258,C019195,Bug,Low,2,No
T018259,C047044,Login,Medium,6,Yes
T018260,C016741,Bug,Low,1,Yes
T018261,C020015,Login,High,3,No
T018262,C048494,Login,Medium,2,Yes
T018263,C006348,Bug,Low,8,No
T018264,C018500,Cancellation,Medium,8,No
T018265,C038477,Feature,Low,15,No
T018266,C020724,Login,Low,13,Yes
T018267,C040520,Feature,Low,12,Yes
T018268,C048017,Login,Medium,12,No
T018269,C029140,Feature,High,13,Yes
T018270,C018573,Login,Low,15,Yes
T018271,C001766,Bug,Low,12,No
T018272,C014775,Bug,Low,12,Yes
T018273,C042762,Bug,Low,0,No
T018274,C033713,Billing,High,9,No
T018275,C018019,Bug,High,6,Yes
T018276,C010818,Billing,Low,9,Yes
T018277,C028428,Cancellation,Medium,8,No
T018278,C040060,Billing,Low,9,No
T018279,C020951,Feature,High,6,No
T018280,C018584,Feature,Medium,3,No
T018281,C027671,Cancellation,Medium,7,Yes
T018282,C036879,Bug,Low,8,Yes
T018283,C033546,Billing,High,13,No
T018284,C022105,Cancellation,High,9,Yes
T018285,C008022,Feature,Low,6,Yes
T018286,C012547,Cancellation,Low,0,No
T018287,C029658,Feature,Low,4,No
T018288,C029095,Cancellation,Low,10,Yes
T018289,C028411,Cancellation,Low,4,No
T018290,C036697,Cancellation,Medium,9,Yes
T018291,C011555,Feature,High,13,Yes
T018292,C049280,Cancellation,Low,4,No
T018293,C009984,Feature,Medium,4,No
T018294,C039390,Login,Medium,0,No
T018295,C047004,Bug,Medium,7,No
T018296,C039752,Cancellation,Medium,9,No
T018297,C037174,Billing,Medium,0,Yes
T018298,C006658,Login,Medium,10,No
T018299,C009863,Cancellation,Low,4,Yes
T018300,C026649,Billing,Medium,6,No
T018301,C039967,Login,Medium,8,Yes
T018302,C002483,Feature,Medium,0,Yes
T018303,C029993,Feature,Low,11,No
T018304,C037344,Login,Medium,6,No
T018305,C004378,Bug,High,4,No
T018306,C025453,Login,High,10,No
T018307,C008471,Bug,Medium,5,No
T018308,C026142,Cancellation,Low,14,Yes
T018309,C042365,Cancellation,Medium,5,No
T018310,C001524,Login,Medium,0,No
T018311,C026255,Billing,Medium,13,Yes
T018312,C021759,Bug,High,4,No
T018313,C041252,Cancellation,Low,6,Yes
T018314,C039447,Cancellation,High,10,Yes
T018315,C033650,Cancellation,Medium,13,Yes
T018316,C042777,Billing,High,13,Yes
T018317,C020208,Billing,High,2,No
T018318,C015698,Billing,High,3,Yes
T018319,C044902,Billing,High,6,No
T018320,C012894,Login,Medium,1,No
T018321,C024143,Cancellation,Low,5,No
T018322,C045244,Billing,Medium,2,No
T018323,C021795,Cancellation,Medium,4,Yes
T018324,C037583,Feature,Low,10,No
T018325,C000160,Bug,High,6,No
T018326,C012096,Bug,Medium,0,Yes
T018327,C043054,Cancellation,High,8,Yes
T018328,C045035,Feature,High,15,Yes
T018329,C046784,Cancellation,High,0,No
T018330,C012148,Billing,Low,4,Yes
T018331,C003061,Login,Low,7,No
T018332,C008449,Billing,High,12,Yes
T018333,C033768,Cancellation,Medium,13,No
T018334,C017826,Login,Low,2,No
T018335,C047647,Billing,Medium,4,Yes
T018336,C000541,Cancellation,High,15,Yes
T018337,C046020,Bug,Medium,14,Yes
T018338,C028783,Cancellation,High,15,Yes
T018339,C022137,Login,Low,12,No
T018340,C029953,Feature,High,11,No
T018341,C028013,Feature,Medium,9,No
T018342,C015616,Bug,High,3,Yes
T018343,C008861,Login,Low,10,No
T018344,C028877,Feature,High,2,Yes
T018345,C010621,Bug,Low,4,Yes
T018346,C005502,Feature,Medium,10,Yes
T018347,C043921,Billing,Medium,2,No
T018348,C044868,Login,Low,8,No
T018349,C022439,Billing,Medium,1,No
T018350,C009242,Billing,Medium,10,Yes
T018351,C001983,Bug,High,6,Yes
T018352,C041840,Feature,Low,13,No
T018353,C031437,Cancellation,High,15,No
T018354,C029182,Feature,High,6,No
T018355,C037698,Login,Medium,2,No
T018356,C047308,Cancellation,High,7,Yes
T018357,C036402,Cancellation,Medium,2,Yes
T018358,C006879,Feature,Low,4,No
T018359,C008264,Billing,High,5,Yes
T018360,C022065,Feature,Medium,15,No
T018361,C032765,Feature,Medium,15,No
T018362,C049954,Billing,Low,4,Yes
T018363,C008053,Cancellation,Low,14,No
T018364,C030784,Bug,High,11,Yes
T018365,C043088,Login,Low,1,No
T018366,C049340,Bug,Low,15,No
T018367,C005666,Billing,Medium,14,No
T018368,C025104,Feature,Medium,8,Yes
T018369,C035598,Bug,Medium,11,Yes
T018370,C017245,Bug,High,5,Yes
T018371,C000684,Bug,High,9,Yes
T018372,C047738,Cancellation,Low,2,No
T018373,C012039,Feature,High,9,No
T018374,C015744,Cancellation,Low,5,No
T018375,C042903,Login,Low,15,No
T018376,C017885,Feature,Low,4,No
T018377,C040826,Feature,Low,0,No
T018378,C027533,Cancellation,Low,14,Yes
T018379,C001902,Bug,High,8,Yes
T018380,C001356,Bug,High,14,No
T018381,C045394,Billing,Low,10,Yes
T018382,C038469,Cancellation,Low,9,No
T018383,C006305,Login,High,5,Yes
T018384,C035429,Billing,High,0,Yes
T018385,C001059,Login,Medium,11,Yes
T018386,C017336,Feature,Low,12,No
T018387,C036875,Cancellation,Low,13,No
T018388,C022722,Billing,Medium,6,Yes
T018389,C044368,Bug,Low,15,No
T018390,C000791,Feature,Medium,8,Yes
T018391,C018383,Login,High,11,No
T018392,C028143,Billing,Medium,15,Yes
T018393,C033869,Feature,Medium,8,Yes
T018394,C000425,Cancellation,Low,10,No
T018395,C015339,Login,Medium,9,No
T018396,C026218,Cancellation,Low,7,No
T018397,C011920,Login,Medium,3,Yes
T018398,C024098,Login,High,9,No
T018399,C029677,Feature,High,2,No
T018400,C034814,Billing,High,7,No
T018401,C036089,Billing,Low,14,No
T018402,C049740,Bug,High,2,Yes
T018403,C004496,Login,Medium,1,No
T018404,C030682,Cancellation,Medium,3,Yes
T018405,C022471,Billing,Low,10,No
T018406,C007928,Bug,Low,7,No
T018407,C030204,Cancellation,Medium,6,No
T018408,C045569,Feature,High,0,Yes
T018409,C000360,Cancellation,High,11,No
T018410,C017268,Cancellation,Medium,8,No
T018411,C028527,Login,Low,5,Yes
T018412,C042461,Cancellation,Medium,2,No
T018413,C017921,Cancellation,Low,8,No
T018414,C038338,Cancellation,Medium,15,No
T018415,C030873,Billing,Medium,9,No
T018416,C019133,Bug,High,7,No
T018417,C035183,Bug,High,15,No
T018418,C006770,Login,High,11,Yes
T018419,C030829,Cancellation,High,2,No
T018420,C032085,Bug,Medium,12,No
T018421,C025897,Login,Low,8,No
T018422,C011726,Bug,Medium,15,Yes
T018423,C011117,Cancellation,High,14,Yes
T018424,C001699,Cancellation,High,12,Yes
T018425,C022017,Feature,Medium,5,Yes
T018426,C005069,Login,Medium,6,Yes
T018427,C044577,Cancellation,Medium,8,No
T018428,C011533,Bug,Medium,15,No
T018429,C041251,Feature,Medium,12,Yes
T018430,C042743,Cancellation,Medium,13,Yes
T018431,C045175,Billing,Medium,5,No
T018432,C026424,Feature,Low,4,No
T018433,C035127,Login,Medium,5,Yes
T018434,C005481,Bug,Low,7,No
T018435,C025934,Feature,Medium,2,No
T018436,C002554,Billing,High,10,Yes
T018437,C024370,Billing,Medium,13,No
T018438,C011283,Bug,Low,3,No
T018439,C021684,Login,Medium,12,Yes
T018440,C010829,Bug,High,2,Yes
T018441,C004884,Login,Low,0,No
T018442,C037841,Feature,High,12,No
T018443,C038945,Login,Medium,14,No
T018444,C016856,Bug,Low,5,Yes
T018445,C015736,Bug,Low,2,No
T018446,C001480,Billing,Low,6,Yes
T018447,C003693,Cancellation,Medium,3,Yes
T018448,C001047,Bug,Medium,5,No
T018449,C019761,Feature,High,10,No
T018450,C032530,Login,High,13,No
T018451,C028583,Login,High,5,No
T018452,C035364,Cancellation,Medium,12,Yes
T018453,C006233,Billing,High,12,No
T018454,C044592,Feature,Low,0,Yes
T018455,C011416,Login,High,8,No
T018456,C043927,Login,High,4,No
T018457,C020668,Feature,Low,9,No
T018458,C034524,Feature,High,1,No
T018459,C027830,Billing,Low,8,Yes
T018460,C032541,Login,Low,5,No
T018461,C048463,Cancellation,Medium,6,No
T018462,C039809,Login,High,1,No
T018463,C019251,Billing,Low,13,No
T018464,C016888,Cancellation,Low,3,Yes
T018465,C011976,Bug,Medium,15,Yes
T018466,C036812,Login,Low,7,No
T018467,C037792,Login,High,3,No
T018468,C005160,Bug,Medium,9,Yes
T018469,C019863,Login,Low,1,Yes
T018470,C036661,Cancellation,High,10,Yes
T018471,C033762,Cancellation,Medium,8,No
T018472,C048882,Bug,Low,9,No
T018473,C031705,Feature,Medium,0,No
T018474,C019790,Feature,Medium,5,Yes
T018475,C002219,Bug,High,13,No
T018476,C021534,Cancellation,Medium,7,Yes
T018477,C024260,Login,Medium,2,No
T018478,C013281,Cancellation,High,1,Yes
T018479,C025967,Feature,Low,9,Yes
T018480,C011457,Cancellation,Medium,11,No
T018481,C030779,Bug,Medium,14,No
T018482,C005132,Bug,High,9,No
T018483,C010355,Bug,High,11,No
T018484,C020828,Login,Medium,8,No
T018485,C033821,Cancellation,Low,4,Yes
T018486,C021439,Cancellation,Medium,13,Yes
T018487,C034609,Feature,Medium,2,Yes
T018488,C041682,Cancellation,High,8,No
T018489,C049094,Login,High,15,Yes
T018490,C035739,Billing,Low,15,No
T018491,C019341,Cancellation,High,8,Yes
T018492,C004152,Billing,Medium,4,Yes
T018493,C037093,Feature,High,15,Yes
T018494,C000459,Feature,Low,3,No
T018495,C011888,Cancellation,Medium,7,No
T018496,C018182,Bug,Medium,1,No
T018497,C039340,Cancellation,Medium,7,Yes
T018498,C023407,Bug,Medium,13,Yes
T018499,C004941,Billing,Medium,8,Yes
T018500,C041666,Cancellation,Medium,14,Yes
T018501,C038999,Cancellation,Low,4,No
T018502,C010506,Billing,Low,9,No
T018503,C044904,Cancellation,High,9,Yes
T018504,C008037,Cancellation,Medium,11,Yes
T018505,C008353,Login,Low,5,Yes
T018506,C046319,Cancellation,Low,5,No
T018507,C002388,Feature,High,8,No
T018508,C027869,Bug,Low,8,Yes
T018509,C045379,Billing,Low,3,Yes
T018510,C028441,Login,Low,13,No
T018511,C038151,Cancellation,Medium,11,No
T018512,C034961,Login,Low,13,No
T018513,C042065,Feature,Medium,7,No
T018514,C046260,Feature,Medium,8,No
T018515,C012075,Cancellation,Medium,9,No
T018516,C011421,Cancellation,Low,5,Yes
T018517,C032106,Bug,Low,8,Yes
T018518,C021756,Bug,High,11,Yes
T018519,C012270,Bug,Low,1,Yes
T018520,C044960,Cancellation,High,9,Yes
T018521,C008778,Login,Medium,8,Yes
T018522,C028799,Login,Low,9,Yes
T018523,C008531,Bug,High,15,No
T018524,C001367,Billing,Low,2,Yes
T018525,C017439,Billing,High,3,No
T018526,C049521,Feature,Low,5,Yes
T018527,C028774,Bug,Low,12,Yes
T018528,C017851,Feature,Medium,10,Yes
T018529,C047310,Feature,High,12,No
T018530,C022587,Feature,Medium,13,No
T018531,C037836,Login,Medium,2,No
T018532,C026427,Login,Medium,0,No
T018533,C041655,Login,High,14,No
T018534,C003258,Login,High,8,Yes
T018535,C018093,Feature,Medium,8,Yes
T018536,C010871,Billing,High,13,Yes
T018537,C012942,Billing,Medium,7,No
T018538,C006743,Bug,High,6,Yes
T018539,C031362,Bug,Low,3,Yes
T018540,C009734,Cancellation,Medium,2,Yes
T018541,C036922,Bug,Medium,4,Yes
T018542,C019094,Login,Low,12,No
T018543,C017351,Login,Low,6,Yes
T018544,C013721,Cancellation,High,10,No
T018545,C034019,Billing,Low,4,No
T018546,C032826,Billing,Medium,8,Yes
T018547,C017777,Cancellation,Medium,11,Yes
T018548,C009545,Login,High,12,No
T018549,C003554,Bug,Medium,11,No
T018550,C017018,Billing,Medium,2,No
T018551,C009311,Bug,High,1,No
T018552,C011476,Login,High,4,No
T018553,C019697,Feature,Medium,12,Yes
T018554,C007188,Billing,High,13,Yes
T018555,C006593,Feature,Medium,12,No
T018556,C002983,Billing,High,3,No
T018557,C016602,Billing,Low,8,Yes
T018558,C045056,Cancellation,Low,12,No
T018559,C022531,Bug,Medium,10,Yes
T018560,C046850,Billing,Medium,15,Yes
T018561,C012771,Bug,Medium,7,No
T018562,C025455,Bug,Low,7,No
T018563,C032122,Feature,Medium,2,No
T018564,C035619,Cancellation,High,15,No
T018565,C013346,Bug,Medium,10,Yes
T018566,C005819,Cancellation,High,15,No
T018567,C044565,Cancellation,Medium,2,No
T018568,C008719,Billing,Medium,15,No
T018569,C045198,Cancellation,Low,5,Yes
T018570,C000463,Billing,Low,9,Yes
T018571,C000832,Cancellation,High,15,No
T018572,C009859,Bug,High,8,No
T018573,C016994,Cancellation,High,14,Yes
T018574,C045474,Cancellation,Low,6,No
T018575,C033324,Login,High,5,Yes
T018576,C043194,Login,High,1,No
T018577,C032751,Billing,High,13,No
T018578,C034495,Feature,Medium,1,Yes
T018579,C004220,Login,Low,9,Yes
T018580,C009796,Login,Medium,15,Yes
T018581,C023024,Cancellation,Low,7,No
T018582,C035814,Login,Low,4,Yes
T018583,C025461,Feature,Low,7,No
T018584,C000723,Login,High,1,Yes
T018585,C007306,Bug,High,0,No
T018586,C006665,Feature,Low,6,No
T018587,C000536,Login,Low,0,No
T018588,C005179,Billing,Medium,9,No
T018589,C029253,Cancellation,Low,6,No
T018590,C012482,Login,Low,1,Yes
T018591,C032657,Cancellation,Medium,10,No
T018592,C034853,Bug,High,2,Yes
T018593,C010205,Bug,Medium,8,No
T018594,C013885,Login,Medium,4,No
T018595,C019600,Billing,Low,13,No
T018596,C008421,Bug,High,9,No
T018597,C026027,Cancellation,Low,4,No
T018598,C023725,Feature,Low,4,Yes
T018599,C038734,Bug,Low,9,Yes
T018600,C037464,Feature,Medium,2,Yes
T018601,C043814,Bug,Low,7,Yes
T018602,C003318,Cancellation,Medium,6,Yes
T018603,C016125,Cancellation,Low,11,No
T018604,C033558,Billing,Medium,5,No
T018605,C009142,Login,Medium,1,No
T018606,C027820,Login,Medium,9,Yes
T018607,C022086,Cancellation,High,3,No
T018608,C037614,Login,High,8,No
T018609,C022699,Cancellation,High,8,Yes
T018610,C014681,Cancellation,Medium,9,No
T018611,C003255,Feature,High,11,Yes
T018612,C023050,Billing,Low,2,No
T018613,C000828,Bug,Medium,5,Yes
T018614,C020351,Billing,Medium,13,Yes
T018615,C012150,Cancellation,High,15,No
T018616,C031272,Billing,Medium,15,No
T018617,C046617,Cancellation,High,0,Yes
T018618,C023065,Billing,Low,7,No
T018619,C021930,Cancellation,Medium,13,No
T018620,C023855,Bug,Low,5,Yes
T018621,C036521,Feature,Medium,13,Yes
T018622,C027477,Login,Low,7,Yes
T018623,C033459,Cancellation,Low,10,Yes
T018624,C009572,Login,High,9,Yes
T018625,C048549,Login,High,3,Yes
T018626,C046991,Cancellation,High,6,No
T018627,C025789,Cancellation,High,15,Yes
T018628,C030686,Billing,High,4,No
T018629,C043517,Feature,High,13,No
T018630,C027091,Login,Medium,7,No
T018631,C037758,Cancellation,Low,5,Yes
T018632,C008796,Cancellation,Medium,12,Yes
T018633,C038390,Feature,Medium,0,Yes
T018634,C024569,Login,Low,12,Yes
T018635,C031388,Login,Medium,0,No
T018636,C015145,Login,Medium,13,Yes
T018637,C031111,Cancellation,Low,8,No
T018638,C049572,Login,Low,12,Yes
T018639,C046564,Login,Medium,2,No
T018640,C032766,Bug,Medium,11,Yes
T018641,C026879,Bug,Medium,5,Yes
T018642,C012154,Bug,High,15,Yes
T018643,C023425,Billing,Low,1,Yes
T018644,C043089,Billing,Medium,5,No
T018645,C040876,Feature,High,6,Yes
T018646,C018630,Login,High,5,Yes
T018647,C002463,Login,Low,15,Yes
T018648,C048782,Billing,High,3,Yes
T018649,C042444,Feature,Low,13,Yes
T018650,C002519,Billing,Medium,1,Yes
T018651,C024808,Feature,Low,9,No
T018652,C032261,Billing,Medium,2,No
T018653,C012193,Cancellation,High,1,No
T018654,C000099,Login,Medium,13,Yes
T018655,C048404,Bug,Low,8,No
T018656,C001109,Feature,Medium,11,No
T018657,C037858,Bug,High,6,Yes
T018658,C042603,Bug,High,1,No
T018659,C001708,Feature,Low,8,No
T018660,C039340,Feature,Low,9,Yes
T018661,C039111,Bug,Medium,9,Yes
T018662,C011835,Bug,Medium,8,Yes
T018663,C016558,Cancellation,Medium,15,No
T018664,C020971,Bug,High,6,Yes
T018665,C006998,Billing,Medium,9,No
T018666,C006989,Feature,Low,13,No
T018667,C000317,Feature,High,9,Yes
T018668,C000175,Login,Low,4,No
T018669,C036046,Login,High,5,No
T018670,C031237,Billing,High,1,Yes
T018671,C005542,Feature,Low,8,No
T018672,C001733,Bug,Medium,15,No
T018673,C043384,Cancellation,Low,9,Yes
T018674,C014422,Login,High,7,No
T018675,C036495,Cancellation,Low,13,No
T018676,C015215,Cancellation,High,8,Yes
T018677,C030105,Login,Low,14,No
T018678,C048805,Bug,Low,0,Yes
T018679,C003227,Bug,Medium,5,Yes
T018680,C015955,Feature,Low,9,No
T018681,C049504,Feature,Low,14,Yes
T018682,C010544,Login,High,4,Yes
T018683,C006277,Cancellation,Medium,3,Yes
T018684,C043241,Bug,Medium,1,Yes
T018685,C017924,Bug,Low,11,No
T018686,C028640,Bug,High,6,No
T018687,C039756,Bug,Medium,2,No
T018688,C009903,Billing,Medium,0,Yes
T018689,C002956,Login,High,11,No
T018690,C046277,Login,Low,10,Yes
T018691,C005821,Billing,High,11,No
T018692,C017916,Feature,Medium,8,Yes
T018693,C030753,Bug,Medium,14,No
T018694,C014644,Login,Medium,4,No
T018695,C002527,Bug,Medium,14,No
T018696,C017208,Login,High,14,No
T018697,C028941,Login,Medium,7,Yes
T018698,C008881,Feature,High,12,No
T018699,C020101,Feature,Low,11,No
T018700,C022917,Login,Medium,8,Yes
T018701,C034394,Cancellation,Low,13,No
T018702,C016253,Bug,Low,12,No
T018703,C044072,Login,Low,4,Yes
T018704,C047334,Login,High,12,No
T018705,C043695,Cancellation,High,14,Yes
T018706,C012240,Bug,High,12,No
T018707,C000512,Bug,High,4,Yes
T018708,C016405,Billing,Low,14,No
T018709,C007728,Feature,High,2,Yes
T018710,C016534,Billing,Medium,9,Yes
T018711,C027264,Billing,Medium,14,No
T018712,C005769,Bug,Low,7,No
T018713,C014404,Cancellation,High,7,No
T018714,C046253,Billing,Medium,15,Yes
T018715,C038378,Billing,High,6,Yes
T018716,C009332,Login,Medium,2,No
T018717,C024472,Login,Medium,8,No
T018718,C032492,Feature,Medium,13,No
T018719,C017263,Login,High,5,Yes
T018720,C024802,Login,Low,14,Yes
T018721,C015395,Bug,Medium,8,Yes
T018722,C025732,Feature,Low,10,No
T018723,C035934,Billing,High,10,No
T018724,C044149,Login,High,12,Yes
T018725,C008250,Bug,Low,2,No
T018726,C032231,Feature,Medium,11,No
T018727,C005817,Login,Low,7,Yes
T018728,C016523,Feature,Medium,7,No
T018729,C026291,Bug,Low,1,Yes
T018730,C009425,Feature,Low,1,Yes
T018731,C014187,Billing,Low,7,No
T018732,C035771,Feature,Medium,7,Yes
T018733,C034915,Cancellation,Medium,6,No
T018734,C045436,Feature,Medium,14,Yes
T018735,C004085,Login,High,10,No
T018736,C005346,Feature,Medium,3,No
T018737,C039696,Login,Medium,14,Yes
T018738,C003995,Bug,Medium,10,No
T018739,C003271,Cancellation,Medium,2,No
T018740,C007849,Feature,Medium,8,No
T018741,C015997,Login,High,14,No
T018742,C015716,Login,Medium,8,No
T018743,C027778,Login,Low,0,No
T018744,C002492,Billing,Medium,5,Yes
T018745,C046470,Billing,Medium,1,Yes
T018746,C009826,Bug,Low,2,Yes
T018747,C023834,Billing,Medium,5,Yes
T018748,C016194,Login,Medium,14,No
T018749,C011482,Bug,Low,14,No
T018750,C028998,Feature,Medium,5,No
T018751,C026187,Feature,High,3,Yes
T018752,C004077,Billing,Low,3,Yes
T018753,C004619,Feature,High,0,No
T018754,C017290,Cancellation,Medium,9,No
T018755,C030635,Feature,Low,1,No
T018756,C027174,Cancellation,Medium,3,Yes
T018757,C048429,Login,Medium,4,Yes
T018758,C007771,Billing,Low,13,No
T018759,C027647,Login,Low,1,No
T018760,C000737,Bug,Low,13,No
T018761,C005590,Billing,High,11,No
T018762,C026703,Feature,Medium,15,No
T018763,C006243,Billing,Low,0,Yes
T018764,C036270,Login,Medium,11,Yes
T018765,C042127,Feature,Medium,1,No
T018766,C047412,Login,Medium,13,Yes
T018767,C044768,Cancellation,High,5,Yes
T018768,C007041,Login,Medium,0,No
T018769,C000457,Billing,High,2,Yes
T018770,C019173,Billing,Low,3,No
T018771,C027583,Feature,Low,5,Yes
T018772,C007334,Bug,Medium,2,No
T018773,C018755,Bug,Medium,9,Yes
T018774,C047376,Cancellation,High,8,No
T018775,C009058,Cancellation,High,3,No
T018776,C025148,Feature,Low,8,Yes
T018777,C004629,Billing,Low,11,No
T018778,C042891,Login,High,13,No
T018779,C004905,Login,Low,2,No
T018780,C004805,Login,High,3,No
T018781,C002979,Bug,High,7,No
T018782,C031052,Login,Low,8,Yes
T018783,C045035,Feature,High,6,No
T018784,C001490,Feature,High,13,No
T018785,C010854,Login,Medium,7,Yes
T018786,C015317,Billing,Low,4,Yes
T018787,C043811,Feature,Low,4,No
T018788,C019361,Login,High,8,Yes
T018789,C013012,Feature,Medium,7,No
T018790,C016111,Cancellation,Medium,8,Yes
T018791,C047066,Login,Medium,7,Yes
T018792,C003819,Cancellation,Medium,4,No
T018793,C017633,Billing,High,15,No
T018794,C015047,Feature,Medium,9,No
T018795,C046084,Billing,Low,14,No
T018796,C045284,Bug,High,13,Yes
T018797,C018416,Billing,Medium,9,Yes
T018798,C037242,Login,High,2,No
T018799,C002351,Billing,Low,9,Yes
T018800,C042999,Login,Medium,3,No
T018801,C033255,Feature,Low,2,No
T018802,C022042,Login,Medium,14,No
T018803,C035603,Cancellation,High,14,No
T018804,C015014,Bug,Low,10,No
T018805,C029262,Feature,Medium,10,No
T018806,C040512,Feature,Medium,14,No
T018807,C002463,Bug,Low,3,No
T018808,C036219,Billing,Low,4,No
T018809,C008615,Feature,High,13,No
T018810,C008726,Cancellation,Medium,1,Yes
T018811,C003692,Cancellation,Medium,6,No
T018812,C021545,Billing,Low,0,No
T018813,C009832,Login,High,0,No
T018814,C003800,Feature,Low,14,Yes
T018815,C019895,Feature,High,9,No
T018816,C016138,Login,Low,3,Yes
T018817,C041643,Bug,High,10,Yes
T018818,C023831,Login,High,12,No
T018819,C034420,Bug,Medium,11,Yes
T018820,C045202,Login,Low,12,Yes
T018821,C002999,Cancellation,Low,5,No
T018822,C040264,Bug,Medium,11,Yes
T018823,C018740,Bug,Low,13,No
T018824,C022534,Cancellation,High,11,Yes
T018825,C043955,Bug,High,9,Yes
T018826,C031291,Billing,Low,6,Yes
T018827,C002166,Feature,High,10,No
T018828,C013026,Login,Low,15,No
T018829,C031067,Billing,High,9,No
T018830,C006179,Feature,High,15,Yes
T018831,C045050,Billing,Medium,2,No
T018832,C033927,Billing,High,6,No
T018833,C001518,Login,Low,1,Yes
T018834,C006388,Billing,High,6,Yes
T018835,C036692,Login,High,2,No
T018836,C014899,Cancellation,Low,4,No
T018837,C008003,Login,Medium,2,No
T018838,C028462,Cancellation,Low,15,No
T018839,C024782,Bug,Medium,2,Yes
T018840,C024656,Feature,High,6,Yes
T018841,C003596,Bug,High,7,Yes
T018842,C038005,Billing,Medium,6,No
T018843,C027342,Cancellation,High,9,Yes
T018844,C013110,Cancellation,Medium,3,Yes
T018845,C037044,Cancellation,High,7,Yes
T018846,C029682,Login,Medium,3,No
T018847,C011537,Billing,High,10,Yes
T018848,C015984,Bug,High,6,No
T018849,C006516,Login,High,0,No
T018850,C011341,Bug,Low,10,No
T018851,C043346,Cancellation,Medium,5,Yes
T018852,C013138,Bug,Medium,5,Yes
T018853,C023234,Billing,Low,1,No
T018854,C023722,Cancellation,Medium,1,No
T018855,C010522,Login,High,5,No
T018856,C033089,Billing,Low,12,Yes
T018857,C026187,Cancellation,Medium,13,No
T018858,C003010,Feature,Low,10,No
T018859,C029195,Feature,Low,7,Yes
T018860,C003164,Feature,Medium,0,Yes
T018861,C011087,Cancellation,High,11,No
T018862,C015135,Feature,High,10,No
T018863,C035705,Login,Low,9,Yes
T018864,C049514,Bug,High,2,Yes
T018865,C010225,Cancellation,Low,1,No
T018866,C012586,Bug,High,6,No
T018867,C021759,Feature,High,3,Yes
T018868,C002619,Login,Low,6,Yes
T018869,C005563,Billing,Low,1,No
T018870,C011379,Feature,Low,6,Yes
T018871,C028125,Cancellation,Low,11,Yes
T018872,C005523,Billing,Medium,9,No
T018873,C031644,Cancellation,Medium,3,No
T018874,C022863,Feature,Low,10,No
T018875,C006524,Billing,Medium,1,Yes
T018876,C018108,Login,Medium,5,Yes
T018877,C002675,Feature,Low,7,Yes
T018878,C019900,Login,High,15,No
T018879,C002446,Login,High,5,Yes
T018880,C045757,Feature,High,0,No
T018881,C031242,Bug,Medium,2,Yes
T018882,C039704,Login,High,10,Yes
T018883,C043396,Login,High,6,No
T018884,C032927,Feature,High,6,Yes
T018885,C001718,Bug,Low,7,No
T018886,C004614,Bug,Low,7,Yes
T018887,C025232,Billing,High,6,No
T018888,C035592,Billing,Medium,8,No
T018889,C008780,Feature,High,0,No
T018890,C018977,Feature,High,15,Yes
T018891,C030809,Billing,Medium,12,Yes
T018892,C020668,Feature,Low,3,No
T018893,C027179,Cancellation,High,8,No
T018894,C038465,Cancellation,High,8,Yes
T018895,C042523,Billing,High,4,No
T018896,C002262,Login,High,1,No
T018897,C011830,Bug,Medium,2,Yes
T018898,C042834,Bug,High,3,No
T018899,C048816,Billing,High,6,No
T018900,C010601,Bug,High,7,No
T018901,C000431,Billing,Low,10,No
T018902,C039464,Cancellation,Medium,1,Yes
T018903,C033498,Login,Medium,2,No
T018904,C004365,Billing,Medium,14,Yes
T018905,C039917,Cancellation,High,5,Yes
T018906,C046250,Bug,Low,5,Yes
T018907,C028635,Billing,Low,3,Yes
T018908,C043269,Feature,Medium,0,Yes
T018909,C043375,Cancellation,Medium,14,No
T018910,C028897,Feature,Medium,10,Yes
T018911,C000126,Billing,Low,1,Yes
T018912,C009002,Bug,High,6,Yes
T018913,C040825,Feature,High,11,No
T018914,C010687,Feature,High,11,No
T018915,C040985,Bug,High,13,No
T018916,C006433,Feature,Medium,13,No
T018917,C035056,Feature,Medium,14,Yes
T018918,C046439,Cancellation,Low,0,No
T018919,C020375,Billing,High,7,Yes
T018920,C041118,Login,High,12,Yes
T018921,C041405,Feature,High,4,No
T018922,C019647,Login,High,0,No
T018923,C000779,Billing,High,1,No
T018924,C036675,Billing,High,15,Yes
T018925,C017972,Bug,Low,15,Yes
T018926,C037987,Feature,High,10,Yes
T018927,C022007,Login,Medium,6,Yes
T018928,C003565,Login,Medium,3,Yes
T018929,C013501,Billing,Medium,12,Yes
T018930,C003451,Feature,Low,3,Yes
T018931,C008219,Cancellation,Medium,1,Yes
T018932,C001375,Feature,High,13,Yes
T018933,C038840,Login,Low,2,Yes
T018934,C009806,Bug,Low,5,No
T018935,C040162,Feature,High,2,Yes
T018936,C008283,Login,High,3,No
T018937,C010339,Feature,High,11,No
T018938,C046872,Cancellation,Medium,3,No
T018939,C010668,Billing,Medium,5,No
T018940,C004580,Login,Low,13,No
T018941,C027203,Billing,High,0,No
T018942,C041103,Cancellation,High,6,No
T018943,C020541,Feature,Medium,15,Yes
T018944,C032638,Cancellation,Medium,3,Yes
T018945,C013970,Billing,Low,9,No
T018946,C041417,Login,High,13,No
T018947,C020779,Bug,High,1,No
T018948,C016375,Cancellation,Low,9,No
T018949,C025045,Cancellation,Low,10,No
T018950,C033413,Feature,High,4,Yes
T018951,C012456,Cancellation,Low,7,No
T018952,C007960,Cancellation,Low,9,No
T018953,C035038,Login,Low,15,Yes
T018954,C027469,Cancellation,Medium,6,Yes
T018955,C007096,Login,Low,13,Yes
T018956,C029296,Login,High,11,No
T018957,C031728,Billing,Medium,1,Yes
T018958,C049888,Feature,Medium,7,Yes
T018959,C027911,Billing,Medium,1,No
T018960,C018341,Feature,Low,5,No
T018961,C000790,Billing,Low,13,Yes
T018962,C043463,Bug,Medium,12,Yes
T018963,C010509,Login,High,4,No
T018964,C003370,Login,Medium,11,Yes
T018965,C013976,Cancellation,Medium,10,No
T018966,C045912,Billing,High,2,No
T018967,C005913,Billing,Low,5,No
T018968,C036591,Bug,Medium,3,Yes
T018969,C020145,Cancellation,Low,6,No
T018970,C012664,Bug,Low,4,Yes
T018971,C044831,Login,Low,1,No
T018972,C048064,Login,Low,11,No
T018973,C003607,Login,Medium,12,No
T018974,C003024,Cancellation,High,1,No
T018975,C002551,Bug,Low,4,No
T018976,C023084,Cancellation,Low,9,Yes
T018977,C042711,Feature,Low,9,Yes
T018978,C017630,Bug,Low,0,No
T018979,C049604,Feature,Low,9,No
T018980,C024175,Cancellation,Medium,10,No
T018981,C031913,Bug,Low,7,No
T018982,C018547,Bug,Medium,13,Yes
T018983,C017335,Billing,High,14,No
T018984,C000740,Feature,Low,15,Yes
T018985,C004578,Billing,Low,1,Yes
T018986,C021129,Login,Low,7,No
T018987,C010157,Cancellation,Low,15,Yes
T018988,C008556,Feature,Low,4,No
T018989,C019700,Cancellation,High,7,Yes
T018990,C035671,Feature,Medium,2,No
T018991,C011362,Feature,Low,8,Yes
T018992,C010895,Bug,Low,10,Yes
T018993,C018900,Cancellation,Low,10,No
T018994,C005543,Feature,High,8,No
T018995,C030240,Feature,Low,8,Yes
T018996,C011922,Cancellation,High,3,No
T018997,C035375,Bug,Medium,6,No
T018998,C049168,Bug,High,1,No
T018999,C000382,Bug,Low,7,Yes
T019000,C047426,Feature,High,1,Yes
T019001,C024910,Cancellation,High,9,No
T019002,C044564,Bug,High,4,Yes
T019003,C020384,Feature,Low,1,No
T019004,C010735,Bug,High,11,Yes
T019005,C020499,Billing,Medium,9,No
T019006,C030574,Login,Medium,10,Yes
T019007,C034164,Bug,Low,0,No
T019008,C010645,Bug,Low,14,Yes
T019009,C027509,Billing,Medium,10,Yes
T019010,C031148,Billing,Medium,1,Yes
T019011,C026724,Login,High,6,Yes
T019012,C011249,Billing,Medium,0,Yes
T019013,C021548,Login,Low,0,Yes
T019014,C009813,Feature,High,12,Yes
T019015,C023458,Login,Medium,9,Yes
T019016,C011142,Bug,Medium,0,No
T019017,C036937,Feature,Low,7,No
T019018,C017611,Cancellation,Low,3,Yes
T019019,C020143,Login,Medium,14,No
T019020,C023157,Cancellation,Medium,12,Yes
T019021,C020267,Bug,Medium,12,No
T019022,C044372,Billing,Medium,2,No
T019023,C043540,Feature,Medium,2,Yes
T019024,C010349,Billing,High,14,Yes
T019025,C048356,Feature,Medium,2,No
T019026,C024547,Cancellation,Medium,6,No
T019027,C034033,Billing,High,9,Yes
T019028,C045727,Feature,High,7,No
T019029,C026777,Feature,Low,6,No
T019030,C016142,Billing,Medium,4,Yes
T019031,C024583,Cancellation,Low,2,Yes
T019032,C003133,Cancellation,Low,11,Yes
T019033,C035844,Cancellation,Low,11,No
T019034,C049829,Cancellation,High,13,No
T019035,C013310,Billing,High,15,Yes
T019036,C035683,Login,Low,3,No
T019037,C047463,Billing,High,5,Yes
T019038,C006391,Feature,Low,15,No
T019039,C008254,Cancellation,High,14,Yes
T019040,C010949,Billing,High,3,Yes
T019041,C027614,Feature,Medium,0,Yes
T019042,C026841,Billing,Low,12,Yes
T019043,C005163,Login,Low,0,No
T019044,C023901,Feature,Medium,6,No
T019045,C030104,Bug,Medium,9,No
T019046,C005129,Login,Low,8,No
T019047,C028910,Login,High,15,Yes
T019048,C012121,Bug,Low,13,No
T019049,C032332,Billing,High,2,No
T019050,C026387,Bug,Low,3,Yes
T019051,C044900,Cancellation,Medium,12,No
T019052,C034161,Login,High,12,Yes
T019053,C034635,Feature,Low,5,No
T019054,C025005,Billing,Medium,3,No
T019055,C049592,Feature,High,14,No
T019056,C043239,Billing,Medium,6,No
T019057,C026473,Feature,Low,12,Yes
T019058,C025987,Billing,Low,5,No
T019059,C016503,Bug,Low,11,No
T019060,C021907,Cancellation,High,6,No
T019061,C043230,Bug,Low,11,Yes
T019062,C024523,Cancellation,Low,14,Yes
T019063,C025434,Feature,Low,2,Yes
T019064,C027074,Cancellation,High,2,Yes
T019065,C027415,Login,Low,0,Yes
T019066,C003530,Bug,Medium,0,No
T019067,C037413,Login,Low,13,No
T019068,C030749,Cancellation,Low,14,No
T019069,C034510,Feature,Medium,7,No
T019070,C043241,Login,Low,7,No
T019071,C006288,Login,High,9,No
T019072,C021583,Bug,Low,0,Yes
T019073,C037194,Login,High,4,No
T019074,C015138,Cancellation,Low,4,Yes
T019075,C021366,Billing,Medium,13,No
T019076,C037709,Bug,Medium,6,Yes
T019077,C000051,Feature,Medium,1,Yes
T019078,C047244,Billing,Medium,8,Yes
T019079,C031245,Feature,High,15,Yes
T019080,C008885,Billing,Medium,7,No
T019081,C017434,Login,Low,15,No
T019082,C026810,Feature,Low,4,No
T019083,C049497,Billing,High,8,No
T019084,C045675,Feature,Low,5,No
T019085,C011497,Cancellation,Medium,3,No
T019086,C011549,Cancellation,Low,3,No
T019087,C031841,Billing,High,15,No
T019088,C029873,Login,High,13,No
T019089,C017472,Billing,High,6,Yes
T019090,C012649,Billing,High,1,Yes
T019091,C026742,Bug,High,5,No
T019092,C011924,Feature,High,7,No
T019093,C013642,Cancellation,Medium,8,Yes
T019094,C022917,Login,Low,13,No
T019095,C029883,Bug,High,13,No
T019096,C013885,Feature,High,13,Yes
T019097,C004976,Feature,Medium,10,Yes
T019098,C043126,Cancellation,High,10,No
T019099,C049338,Feature,Medium,13,No
T019100,C049300,Billing,High,10,No
T019101,C033989,Billing,Low,3,Yes
T019102,C045629,Feature,Low,6,No
T019103,C018590,Login,Low,0,No
T019104,C016634,Billing,Medium,4,Yes
T019105,C030121,Bug,Low,3,Yes
T019106,C005081,Bug,Medium,2,Yes
T019107,C040273,Login,High,5,Yes
T019108,C009348,Billing,Medium,15,No
T019109,C037573,Bug,Medium,6,No
T019110,C040942,Bug,High,7,No
T019111,C046499,Login,High,8,Yes
T019112,C006197,Billing,Low,4,Yes
T019113,C030067,Feature,High,7,Yes
T019114,C040002,Cancellation,High,14,No
T019115,C010243,Billing,High,11,No
T019116,C024881,Login,Low,1,Yes
T019117,C023976,Bug,High,14,No
T019118,C009231,Feature,Medium,3,No
T019119,C038337,Feature,Low,5,Yes
T019120,C035998,Bug,Low,8,Yes
T019121,C024502,Feature,Medium,3,Yes
T019122,C006488,Bug,Low,0,Yes
T019123,C026354,Bug,Low,11,No
T019124,C007963,Login,High,0,Yes
T019125,C032109,Cancellation,Medium,5,Yes
T019126,C035765,Billing,Low,0,Yes
T019127,C024376,Feature,Medium,0,Yes
T019128,C038798,Cancellation,Low,0,Yes
T019129,C027738,Login,Low,4,No
T019130,C009827,Billing,High,7,Yes
T019131,C003469,Cancellation,Medium,6,No
T019132,C002758,Billing,High,13,No
T019133,C046227,Feature,Medium,12,No
T019134,C047983,Feature,High,13,No
T019135,C015282,Cancellation,Low,6,No
T019136,C046090,Billing,Low,5,Yes
T019137,C004942,Billing,Low,5,No
T019138,C034701,Feature,Low,13,No
T019139,C021969,Login,Low,14,No
T019140,C020936,Billing,Low,5,Yes
T019141,C008571,Billing,Low,8,No
T019142,C022004,Cancellation,Low,14,No
T019143,C044909,Cancellation,High,2,No
T019144,C009813,Bug,Medium,1,Yes
T019145,C040014,Login,Medium,3,Yes
T019146,C046030,Billing,Low,5,No
T019147,C028553,Bug,Medium,8,Yes
T019148,C002743,Bug,Low,8,No
T019149,C031139,Feature,High,1,No
T019150,C016544,Cancellation,Low,15,Yes
T019151,C017883,Bug,Medium,11,No
T019152,C013566,Cancellation,Low,13,Yes
T019153,C015171,Feature,Low,12,Yes
T019154,C043216,Login,High,6,Yes
T019155,C024784,Bug,Medium,0,No
T019156,C044020,Login,High,14,No
T019157,C008361,Cancellation,High,11,Yes
T019158,C028221,Login,Low,7,No
T019159,C010271,Feature,Medium,6,Yes
T019160,C015491,Feature,Low,15,Yes
T019161,C039870,Feature,Low,13,No
T019162,C045808,Bug,High,10,Yes
T019163,C021993,Login,Medium,13,Yes
T019164,C008309,Billing,High,11,No
T019165,C048339,Billing,Low,4,Yes
T019166,C036110,Billing,Medium,12,Yes
T019167,C013009,Cancellation,Medium,10,Yes
T019168,C012863,Bug,Low,10,No
T019169,C013430,Login,Medium,4,Yes
T019170,C024028,Bug,High,14,No
T019171,C009386,Feature,Medium,13,Yes
T019172,C025323,Billing,High,12,Yes
T019173,C022210,Login,Low,8,No
T019174,C010554,Login,Low,3,Yes
T019175,C002694,Billing,Medium,2,Yes
T019176,C013438,Billing,High,14,No
T019177,C042608,Bug,High,4,No
T019178,C006828,Cancellation,High,11,Yes
T019179,C036731,Login,Medium,5,No
T019180,C020780,Feature,Medium,1,No
T019181,C016730,Bug,Medium,3,Yes
T019182,C028925,Cancellation,Medium,3,Yes
T019183,C030013,Bug,Medium,1,No
T019184,C040234,Billing,High,10,No
T019185,C002760,Bug,Low,6,No
T019186,C007477,Billing,Low,3,Yes
T019187,C004828,Feature,Medium,8,No
T019188,C035748,Cancellation,High,7,No
T019189,C001784,Billing,Low,8,No
T019190,C023021,Login,Low,11,Yes
T019191,C039275,Feature,Low,5,No
T019192,C032559,Feature,Medium,7,Yes
T019193,C027938,Bug,Low,6,No
T019194,C025175,Billing,High,15,No
T019195,C015517,Bug,High,3,No
T019196,C002534,Bug,High,11,No
T019197,C000048,Cancellation,High,12,Yes
T019198,C017462,Feature,High,9,Yes
T019199,C027988,Login,Low,9,No
T019200,C020337,Cancellation,Low,6,Yes
T019201,C004999,Login,High,11,Yes
T019202,C001618,Cancellation,Medium,8,No
T019203,C038924,Bug,Low,7,Yes
T019204,C026673,Bug,Medium,4,No
T019205,C003488,Feature,High,2,No
T019206,C036211,Feature,High,10,Yes
T019207,C028237,Feature,Low,9,No
T019208,C029079,Billing,Low,6,Yes
T019209,C029398,Billing,Low,4,Yes
T019210,C034689,Bug,Medium,15,No
T019211,C006179,Login,High,1,Yes
T019212,C004931,Billing,Medium,15,Yes
T019213,C010378,Cancellation,Low,8,Yes
T019214,C049620,Feature,High,0,No
T019215,C029043,Feature,Low,10,No
T019216,C007026,Cancellation,Medium,14,No
T019217,C017894,Bug,Low,8,No
T019218,C045128,Cancellation,Low,14,No
T019219,C048897,Login,Medium,3,No
T019220,C020666,Bug,High,3,No
T019221,C003802,Feature,Low,6,Yes
T019222,C013252,Login,Medium,2,No
T019223,C010635,Feature,Low,14,Yes
T019224,C015767,Bug,High,3,Yes
T019225,C031829,Cancellation,Medium,15,No
T019226,C035501,Bug,Low,4,Yes
T019227,C040505,Bug,Medium,5,No
T019228,C015792,Login,Low,12,Yes
T019229,C015690,Feature,High,8,No
T019230,C038425,Bug,Low,12,No
T019231,C004623,Login,High,1,Yes
T019232,C000238,Bug,High,7,Yes
T019233,C031214,Feature,High,3,No
T019234,C032458,Login,Medium,10,No
T019235,C011579,Feature,Low,4,Yes
T019236,C007438,Login,Low,7,No
T019237,C010245,Login,Medium,11,No
T019238,C008059,Feature,Low,11,Yes
T019239,C035778,Bug,Medium,5,No
T019240,C012682,Cancellation,Low,14,No
T019241,C020565,Feature,High,14,Yes
T019242,C010037,Cancellation,High,2,No
T019243,C001382,Login,High,2,Yes
T019244,C021477,Login,High,12,No
T019245,C001257,Feature,Low,1,Yes
T019246,C047363,Billing,High,13,No
T019247,C035471,Cancellation,High,8,Yes
T019248,C028773,Cancellation,Low,14,Yes
T019249,C048078,Billing,High,12,Yes
T019250,C005267,Billing,Medium,14,Yes
T019251,C001318,Billing,Medium,14,No
T019252,C038799,Billing,High,3,No
T019253,C002285,Billing,Low,8,Yes
T019254,C036856,Billing,Low,2,Yes
T019255,C015611,Login,Low,12,No
T019256,C047142,Cancellation,Medium,1,Yes
T019257,C048644,Bug,High,3,No
T019258,C008816,Login,Medium,12,No
T019259,C015943,Billing,Medium,14,No
T019260,C041081,Cancellation,High,12,Yes
T019261,C014407,Cancellation,Low,11,No
T019262,C011235,Billing,High,3,Yes
T019263,C048302,Login,High,1,Yes
T019264,C013797,Bug,Low,2,Yes
T019265,C046012,Bug,Medium,11,Yes
T019266,C018051,Feature,Low,6,No
T019267,C047967,Feature,Low,10,No
T019268,C008811,Login,Medium,5,Yes
T019269,C017455,Feature,Low,10,No
T019270,C023098,Feature,High,8,No
T019271,C038159,Login,Medium,6,No
T019272,C011822,Login,Low,10,No
T019273,C045126,Login,Low,6,No
T019274,C021547,Cancellation,Medium,9,Yes
T019275,C005922,Bug,High,5,No
T019276,C038229,Bug,High,14,Yes
T019277,C037992,Feature,Low,3,No
T019278,C034055,Login,Low,3,No
T019279,C013461,Cancellation,Medium,15,No
T019280,C017553,Cancellation,Medium,11,No
T019281,C009387,Feature,Medium,13,Yes
T019282,C019723,Feature,Low,5,Yes
T019283,C040260,Bug,High,2,Yes
T019284,C022729,Login,High,6,Yes
T019285,C028242,Feature,Medium,11,Yes
T019286,C031379,Login,High,5,Yes
T019287,C017656,Billing,High,11,No
T019288,C033074,Login,Medium,8,No
T019289,C011893,Feature,Low,10,Yes
T019290,C016447,Login,High,12,No
T019291,C029287,Cancellation,High,11,No
T019292,C042782,Billing,Low,4,No
T019293,C037495,Bug,High,7,Yes
T019294,C010982,Cancellation,Low,8,Yes
T019295,C026429,Billing,Medium,3,No
T019296,C014196,Login,High,8,No
T019297,C033903,Cancellation,Low,0,Yes
T019298,C032908,Cancellation,High,6,Yes
T019299,C001861,Billing,Low,11,No
T019300,C012853,Billing,Low,7,Yes
T019301,C044457,Cancellation,High,1,Yes
T019302,C048517,Login,High,9,Yes
T019303,C033399,Login,High,7,Yes
T019304,C001073,Cancellation,Low,15,No
T019305,C010017,Billing,Low,14,No
T019306,C034003,Login,Low,3,No
T019307,C044108,Bug,High,1,Yes
T019308,C030463,Cancellation,High,11,Yes
T019309,C038884,Login,Low,5,Yes
T019310,C032972,Bug,Medium,9,Yes
T019311,C039740,Cancellation,High,4,No
T019312,C011408,Bug,Medium,11,Yes
T019313,C021895,Bug,Medium,7,Yes
T019314,C037982,Feature,Low,14,Yes
T019315,C006705,Cancellation,Low,0,Yes
T019316,C025612,Feature,High,0,No
T019317,C028729,Feature,Low,0,Yes
T019318,C003576,Login,Medium,10,Yes
T019319,C016083,Bug,Low,10,No
T019320,C048837,Billing,Medium,9,No
T019321,C016672,Bug,Medium,2,Yes
T019322,C025899,Feature,Low,15,Yes
T019323,C046614,Bug,Low,5,Yes
T019324,C044111,Billing,Medium,9,No
T019325,C028472,Bug,High,4,No
T019326,C036862,Cancellation,High,4,No
T019327,C024251,Cancellation,Low,15,Yes
T019328,C030015,Billing,High,10,Yes
T019329,C023006,Bug,High,9,Yes
T019330,C035589,Billing,Medium,6,Yes
T019331,C023569,Cancellation,Medium,1,No
T019332,C032060,Billing,High,0,No
T019333,C005566,Bug,Medium,2,Yes
T019334,C011510,Bug,High,8,Yes
T019335,C013160,Cancellation,High,11,Yes
T019336,C031636,Billing,Medium,5,Yes
T019337,C004985,Billing,Low,14,No
T019338,C022860,Cancellation,Medium,11,No
T019339,C034320,Cancellation,Medium,10,No
T019340,C016609,Login,High,14,Yes
T019341,C030367,Cancellation,Low,3,No
T019342,C001902,Feature,Low,3,Yes
T019343,C010402,Cancellation,High,12,No
T019344,C012871,Login,Medium,14,Yes
T019345,C049906,Cancellation,Medium,13,No
T019346,C001370,Bug,Medium,10,Yes
T019347,C015852,Feature,High,15,No
T019348,C039551,Feature,Medium,1,Yes
T019349,C049115,Feature,High,3,No
T019350,C036802,Bug,Low,1,No
T019351,C038027,Bug,Medium,9,Yes
T019352,C020419,Bug,Medium,9,Yes
T019353,C001781,Billing,High,13,Yes
T019354,C022430,Feature,High,2,No
T019355,C025438,Billing,Low,13,Yes
T019356,C019326,Cancellation,Low,6,Yes
T019357,C018101,Bug,High,0,No
T019358,C021711,Bug,High,6,Yes
T019359,C017392,Cancellation,Low,4,Yes
T019360,C010657,Bug,High,0,No
T019361,C015305,Login,High,12,No
T019362,C019347,Feature,Low,10,Yes
T019363,C018588,Billing,Low,3,Yes
T019364,C026762,Login,Medium,13,Yes
T019365,C009697,Feature,High,7,No
T019366,C029572,Login,High,5,No
T019367,C021086,Login,Medium,15,Yes
T019368,C041107,Feature,High,13,Yes
T019369,C017502,Billing,Low,7,No
T019370,C037055,Cancellation,High,8,Yes
T019371,C003955,Cancellation,Low,0,No
T019372,C034162,Billing,High,9,Yes
T019373,C032053,Cancellation,Low,1,No
T019374,C014101,Feature,Low,11,Yes
T019375,C009220,Billing,Medium,1,Yes
T019376,C002138,Login,Low,0,Yes
T019377,C029499,Bug,Medium,0,No
T019378,C038866,Feature,Low,10,No
T019379,C004358,Billing,Low,3,No
T019380,C029644,Billing,Low,2,Yes
T019381,C025725,Cancellation,Low,8,Yes
T019382,C000449,Billing,Low,12,Yes
T019383,C033674,Feature,Medium,14,Yes
T019384,C005494,Feature,High,14,Yes
T019385,C033939,Billing,Medium,0,No
T019386,C006874,Billing,Low,0,No
T019387,C002182,Billing,Medium,7,Yes
T019388,C029525,Feature,Medium,14,No
T019389,C029951,Billing,High,12,Yes
T019390,C023682,Cancellation,Low,4,No
T019391,C025362,Login,High,9,Yes
T019392,C041638,Feature,Low,9,No
T019393,C020659,Login,High,11,Yes
T019394,C036538,Login,High,13,Yes
T019395,C025076,Billing,High,7,Yes
T019396,C030167,Bug,Low,2,No
T019397,C041818,Cancellation,High,10,No
T019398,C007569,Bug,High,14,No
T019399,C001027,Feature,Low,8,No
T019400,C046378,Cancellation,Low,4,No
T019401,C027148,Login,Low,10,No
T019402,C001516,Billing,High,14,Yes
T019403,C010916,Feature,Medium,12,Yes
T019404,C043149,Billing,Low,7,Yes
T019405,C011118,Login,Medium,4,Yes
T019406,C030936,Cancellation,High,12,No
T019407,C030804,Login,Low,3,No
T019408,C049792,Billing,Medium,15,Yes
T019409,C034163,Bug,High,14,No
T019410,C039553,Feature,High,7,Yes
T019411,C037925,Feature,Low,14,Yes
T019412,C028900,Cancellation,Low,5,No
T019413,C027079,Feature,High,1,Yes
T019414,C038362,Cancellation,High,2,Yes
T019415,C011082,Billing,Low,6,Yes
T019416,C018255,Login,High,12,Yes
T019417,C036728,Billing,High,14,No
T019418,C015210,Feature,Medium,3,Yes
T019419,C000741,Bug,Low,9,Yes
T019420,C032194,Billing,Medium,7,No
T019421,C038982,Cancellation,Low,9,Yes
T019422,C033326,Cancellation,Medium,11,Yes
T019423,C044573,Feature,Low,8,No
T019424,C018032,Login,High,7,No
T019425,C021937,Cancellation,Low,10,No
T019426,C032587,Cancellation,Medium,2,No
T019427,C045693,Feature,Medium,4,Yes
T019428,C049677,Feature,Low,6,Yes
T019429,C027842,Cancellation,Medium,3,No
T019430,C045177,Bug,Medium,5,No
T019431,C012122,Bug,High,1,Yes
T019432,C004346,Bug,High,5,Yes
T019433,C020870,Login,Medium,10,No
T019434,C026735,Billing,Medium,15,Yes
T019435,C000431,Cancellation,Low,12,Yes
T019436,C046438,Login,Low,5,No
T019437,C040756,Bug,High,6,No
T019438,C000957,Cancellation,Medium,11,No
T019439,C008896,Login,Low,14,Yes
T019440,C034027,Cancellation,Low,7,Yes
T019441,C045212,Cancellation,Low,2,No
T019442,C044578,Billing,High,1,No
T019443,C021455,Bug,Medium,3,No
T019444,C040276,Cancellation,Low,1,No
T019445,C019170,Billing,Medium,12,No
T019446,C034660,Bug,High,12,Yes
T019447,C038560,Login,High,7,Yes
T019448,C011331,Cancellation,Low,13,No
T019449,C046722,Cancellation,High,4,No
T019450,C023747,Bug,Low,3,No
T019451,C009663,Feature,Low,15,Yes
T019452,C027301,Login,High,12,Yes
T019453,C034007,Cancellation,High,8,No
T019454,C049782,Feature,Low,2,Yes
T019455,C021003,Login,High,8,Yes
T019456,C000328,Cancellation,Low,12,Yes
T019457,C001943,Login,Low,6,No
T019458,C024095,Cancellation,Medium,9,No
T019459,C021782,Bug,Medium,5,No
T019460,C027705,Login,Medium,11,Yes
T019461,C034004,Cancellation,Low,8,Yes
T019462,C007040,Feature,High,11,Yes
T019463,C049244,Feature,High,4,No
T019464,C001673,Bug,High,9,No
T019465,C044196,Feature,Low,4,Yes
T019466,C048881,Feature,High,3,No
T019467,C010228,Login,High,6,Yes
T019468,C018119,Feature,Low,11,No
T019469,C049849,Bug,High,7,Yes
T019470,C031669,Feature,High,7,Yes
T019471,C010522,Feature,Low,1,Yes
T019472,C000974,Login,Medium,11,Yes
T019473,C038182,Cancellation,High,9,No
T019474,C047531,Login,Medium,15,Yes
T019475,C023035,Bug,Low,15,Yes
T019476,C030934,Cancellation,High,2,Yes
T019477,C045931,Bug,High,10,Yes
T019478,C031745,Login,High,5,No
T019479,C005109,Feature,Low,13,No
T019480,C019242,Bug,Medium,4,Yes
T019481,C004588,Feature,High,10,No
T019482,C001902,Cancellation,High,12,Yes
T019483,C002808,Billing,Medium,7,No
T019484,C039567,Login,Medium,4,No
T019485,C036311,Cancellation,Medium,12,Yes
T019486,C033943,Feature,High,4,Yes
T019487,C024031,Bug,High,8,No
T019488,C031252,Cancellation,Low,9,Yes
T019489,C023359,Bug,Low,3,Yes
T019490,C017965,Feature,Low,8,Yes
T019491,C014426,Cancellation,Medium,1,No
T019492,C048897,Bug,Medium,6,Yes
T019493,C034273,Cancellation,High,2,No
T019494,C043398,Billing,High,8,No
T019495,C019936,Feature,Medium,1,Yes
T019496,C021925,Cancellation,Low,10,No
T019497,C017199,Login,High,7,Yes
T019498,C041476,Bug,Medium,11,Yes
T019499,C026712,Bug,High,0,No
T019500,C011743,Billing,Low,5,No
T019501,C038771,Bug,High,3,No
T019502,C042032,Feature,High,1,Yes
T019503,C018366,Login,Low,5,Yes
T019504,C013372,Login,Medium,15,No
T019505,C044855,Bug,Low,2,Yes
T019506,C005367,Login,Low,14,No
T019507,C045380,Billing,Medium,0,Yes
T019508,C007649,Login,High,5,Yes
T019509,C049427,Billing,Low,0,Yes
T019510,C031467,Billing,Medium,6,No
T019511,C027305,Cancellation,High,15,No
T019512,C030604,Login,Low,8,No
T019513,C022819,Billing,High,2,Yes
T019514,C022851,Cancellation,Low,10,Yes
T019515,C001477,Billing,High,2,No
T019516,C002355,Bug,High,6,No
T019517,C048099,Bug,High,13,No
T019518,C049914,Cancellation,Low,0,Yes
T019519,C044225,Bug,Low,11,No
T019520,C014768,Bug,Low,6,Yes
T019521,C003415,Billing,High,2,No
T019522,C035931,Cancellation,Low,8,Yes
T019523,C022575,Cancellation,Medium,12,No
T019524,C010980,Login,High,9,Yes
T019525,C019852,Login,Medium,5,No
T019526,C041321,Login,Medium,15,Yes
T019527,C032561,Billing,Medium,12,No
T019528,C045521,Feature,Medium,8,Yes
T019529,C030116,Billing,Low,1,Yes
T019530,C016591,Cancellation,Medium,2,Yes
T019531,C035497,Login,Low,10,Yes
T019532,C006134,Feature,High,12,No
T019533,C012059,Feature,High,7,No
T019534,C002606,Bug,Medium,15,No
T019535,C006570,Login,Medium,1,No
T019536,C008333,Billing,Medium,12,No
T019537,C035204,Feature,Low,4,No
T019538,C017452,Login,High,8,Yes
T019539,C011476,Billing,Medium,0,Yes
T019540,C003384,Cancellation,Medium,10,Yes
T019541,C048061,Cancellation,High,9,Yes
T019542,C023320,Feature,Medium,11,Yes
T019543,C015526,Billing,Medium,10,No
T019544,C017182,Bug,High,3,No
T019545,C016583,Billing,Low,11,Yes
T019546,C040195,Login,High,3,Yes
T019547,C000892,Billing,High,15,No
T019548,C047786,Login,High,9,Yes
T019549,C009680,Billing,High,2,Yes
T019550,C044341,Billing,High,9,No
T019551,C000693,Cancellation,Low,2,Yes
T019552,C038590,Cancellation,High,13,No
T019553,C015428,Feature,Medium,1,No
T019554,C024233,Login,Medium,5,Yes
T019555,C021488,Cancellation,High,5,No
T019556,C003399,Feature,High,14,No
T019557,C026457,Login,High,4,No
T019558,C029769,Login,Medium,14,No
T019559,C002066,Bug,Low,3,Yes
T019560,C011609,Billing,High,1,No
T019561,C006235,Cancellation,High,3,No
T019562,C012614,Billing,High,7,No
T019563,C015704,Billing,Medium,5,No
T019564,C037263,Bug,High,6,No
T019565,C014490,Login,High,9,No
T019566,C047002,Cancellation,Low,11,No
T019567,C043039,Billing,Medium,11,No
T019568,C011633,Feature,High,2,No
T019569,C035039,Bug,Medium,2,No
T019570,C049758,Login,High,15,Yes
T019571,C001023,Login,High,1,No
T019572,C043991,Feature,Low,12,Yes
T019573,C031736,Feature,Low,13,Yes
T019574,C028150,Bug,Low,1,Yes
T019575,C022250,Bug,Medium,15,Yes
T019576,C027254,Bug,Low,9,Yes
T019577,C049463,Login,High,15,No
T019578,C020107,Bug,Medium,5,No
T019579,C041187,Feature,Low,10,No
T019580,C012981,Cancellation,Low,1,No
T019581,C001754,Bug,Low,8,Yes
T019582,C021011,Billing,High,12,Yes
T019583,C018292,Cancellation,High,1,Yes
T019584,C031823,Bug,Medium,1,No
T019585,C045996,Feature,High,9,No
T019586,C026723,Feature,Medium,3,Yes
T019587,C048998,Bug,High,5,No
T019588,C029925,Cancellation,Low,9,Yes
T019589,C013852,Billing,Low,3,Yes
T019590,C046664,Billing,Medium,1,No
T019591,C034611,Login,Low,9,No
T019592,C047955,Bug,High,6,Yes
T019593,C029369,Bug,Low,15,Yes
T019594,C004893,Billing,Medium,2,Yes
T019595,C001898,Cancellation,Medium,14,Yes
T019596,C015197,Cancellation,Medium,11,Yes
T019597,C046456,Login,Low,12,Yes
T019598,C036716,Login,Medium,11,No
T019599,C033496,Cancellation,High,3,No
T019600,C046493,Bug,High,4,Yes
T019601,C031897,Billing,Medium,3,Yes
T019602,C035482,Cancellation,Low,7,No
T019603,C004625,Cancellation,High,12,No
T019604,C023883,Billing,High,4,Yes
T019605,C014731,Bug,Low,9,Yes
T019606,C023168,Cancellation,Medium,15,No
T019607,C024265,Billing,High,7,No
T019608,C005878,Billing,Medium,8,No
T019609,C001171,Login,Medium,9,No
T019610,C036312,Login,High,14,Yes
T019611,C017688,Login,Medium,0,No
T019612,C008100,Billing,Medium,7,Yes
T019613,C032032,Cancellation,High,0,No
T019614,C034311,Login,Medium,3,No
T019615,C033540,Cancellation,Medium,5,No
T019616,C001898,Login,Medium,14,Yes
T019617,C028640,Feature,High,10,Yes
T019618,C023607,Login,Medium,15,Yes
T019619,C034829,Billing,Low,1,No
T019620,C022687,Login,High,2,No
T019621,C008370,Cancellation,High,0,No
T019622,C036818,Login,High,0,Yes
T019623,C012811,Cancellation,Medium,12,Yes
T019624,C034995,Feature,High,10,No
T019625,C027419,Cancellation,Medium,7,Yes
T019626,C014391,Bug,Low,11,Yes
T019627,C011193,Bug,Low,6,No
T019628,C022852,Billing,Medium,9,No
T019629,C023720,Login,Low,2,Yes
T019630,C031091,Billing,High,10,No
T019631,C033391,Feature,High,15,No
T019632,C049548,Bug,Medium,0,Yes
T019633,C012492,Billing,Low,9,No
T019634,C045167,Login,High,3,No
T019635,C009295,Billing,High,14,Yes
T019636,C002109,Bug,High,1,No
T019637,C008999,Bug,Low,2,Yes
T019638,C047619,Billing,Low,8,No
T019639,C015475,Bug,Low,10,No
T019640,C002386,Cancellation,Low,10,No
T019641,C039892,Feature,High,14,Yes
T019642,C046061,Bug,Medium,10,Yes
T019643,C013811,Cancellation,Medium,8,No
T019644,C036953,Billing,High,9,Yes
T019645,C008464,Bug,Medium,1,No
T019646,C022606,Feature,High,11,Yes
T019647,C040677,Login,Low,13,No
T019648,C039897,Billing,Medium,10,No
T019649,C034506,Feature,Medium,5,Yes
T019650,C016770,Feature,High,11,Yes
T019651,C010013,Login,Low,12,No
T019652,C012559,Bug,Low,2,No
T019653,C032023,Feature,Low,2,No
T019654,C028959,Billing,Medium,2,No
T019655,C042964,Cancellation,High,3,Yes
T019656,C031468,Billing,High,7,No
T019657,C026326,Billing,Medium,15,No
T019658,C031912,Billing,Medium,12,Yes
T019659,C036702,Feature,Low,6,No
T019660,C008734,Bug,Medium,6,Yes
T019661,C020669,Login,Low,15,Yes
T019662,C002780,Feature,High,6,Yes
T019663,C046749,Bug,Medium,10,No
T019664,C036626,Cancellation,Medium,14,No
T019665,C026004,Billing,Low,2,Yes
T019666,C021708,Cancellation,Medium,0,No
T019667,C029921,Feature,Low,3,No
T019668,C007500,Billing,High,15,No
T019669,C008243,Billing,High,14,No
T019670,C037571,Cancellation,High,4,No
T019671,C014162,Bug,Low,12,No
T019672,C013800,Billing,Medium,5,No
T019673,C036295,Feature,Medium,14,Yes
T019674,C043750,Cancellation,Medium,10,Yes
T019675,C011462,Billing,High,9,Yes
T019676,C049603,Bug,High,1,Yes
T019677,C022327,Feature,High,8,No
T019678,C019131,Bug,High,7,No
T019679,C023269,Cancellation,Medium,3,Yes
T019680,C011011,Cancellation,Medium,10,No
T019681,C008295,Bug,High,6,Yes
T019682,C032917,Login,Medium,13,No
T019683,C049482,Cancellation,High,14,No
T019684,C035726,Bug,Medium,9,No
T019685,C019223,Feature,Low,8,Yes
T019686,C043955,Login,Medium,14,No
T019687,C037007,Cancellation,Medium,4,No
T019688,C002706,Cancellation,Medium,13,No
T019689,C041877,Feature,Low,7,No
T019690,C004088,Feature,High,6,Yes
T019691,C027129,Feature,High,10,Yes
T019692,C046063,Feature,Medium,10,No
T019693,C047380,Login,Medium,12,Yes
T019694,C019068,Login,Low,9,Yes
T019695,C044867,Cancellation,Low,9,No
T019696,C017027,Billing,Medium,12,Yes
T019697,C049551,Login,High,2,No
T019698,C018015,Feature,Low,11,No
T019699,C030698,Cancellation,High,7,Yes
T019700,C038909,Feature,High,11,Yes
T019701,C049280,Cancellation,Low,0,No
T019702,C001283,Bug,High,7,No
T019703,C006678,Bug,High,9,No
T019704,C008813,Cancellation,Low,0,No
T019705,C022457,Cancellation,High,12,No
T019706,C020777,Billing,Low,15,Yes
T019707,C004526,Bug,Medium,14,No
T019708,C017022,Cancellation,High,11,No
T019709,C000421,Billing,Low,14,Yes
T019710,C025382,Feature,Medium,8,Yes
T019711,C040047,Cancellation,Medium,11,Yes
T019712,C041161,Bug,High,11,Yes
T019713,C046216,Billing,High,2,Yes
T019714,C048442,Feature,Low,7,Yes
T019715,C024761,Feature,Medium,8,No
T019716,C038520,Feature,Medium,14,Yes
T019717,C006870,Bug,Low,13,Yes
T019718,C026181,Cancellation,Low,6,Yes
T019719,C007428,Cancellation,Medium,1,Yes
T019720,C008727,Bug,High,6,Yes
T019721,C043767,Feature,Medium,6,Yes
T019722,C045350,Billing,Medium,3,Yes
T019723,C016568,Billing,Medium,0,Yes
T019724,C041520,Billing,Low,10,No
T019725,C034149,Bug,Medium,8,Yes
T019726,C041918,Cancellation,High,11,No
T019727,C023239,Login,High,8,No
T019728,C023699,Bug,High,3,Yes
T019729,C047172,Billing,Medium,6,Yes
T019730,C005070,Feature,High,4,Yes
T019731,C025248,Billing,High,5,No
T019732,C015538,Billing,Low,8,Yes
T019733,C013255,Bug,Low,1,No
T019734,C022549,Bug,High,10,Yes
T019735,C047333,Billing,High,14,Yes
T019736,C026832,Billing,Low,8,Yes
T019737,C019090,Feature,Medium,8,No
T019738,C048139,Login,High,10,No
T019739,C024124,Feature,Medium,11,Yes
T019740,C014284,Cancellation,Medium,12,No
T019741,C045326,Cancellation,High,6,No
T019742,C017108,Login,Medium,13,No
T019743,C026985,Billing,High,15,Yes
T019744,C026959,Billing,High,5,No
T019745,C006523,Billing,High,8,Yes
T019746,C048149,Login,High,5,No
T019747,C017611,Feature,Low,8,Yes
T019748,C039644,Billing,Low,5,Yes
T019749,C003955,Bug,Medium,10,No
T019750,C012767,Feature,High,12,No
T019751,C031335,Billing,Medium,5,No
T019752,C021066,Feature,High,0,No
T019753,C014834,Cancellation,Low,9,Yes
T019754,C034874,Cancellation,High,13,Yes
T019755,C040781,Feature,High,7,No
T019756,C018923,Cancellation,Low,7,Yes
T019757,C016141,Bug,High,10,Yes
T019758,C015924,Feature,High,0,Yes
T019759,C045282,Login,Medium,5,No
T019760,C037054,Bug,Medium,11,Yes
T019761,C001786,Billing,High,5,No
T019762,C004405,Billing,Medium,15,Yes
T019763,C035365,Login,High,7,Yes
T019764,C003230,Feature,Low,8,Yes
T019765,C010941,Feature,High,15,Yes
T019766,C007575,Feature,Low,8,No
T019767,C019291,Cancellation,High,2,No
T019768,C030687,Billing,High,14,No
T019769,C013240,Cancellation,Low,8,No
T019770,C010250,Billing,Low,5,Yes
T019771,C002292,Feature,High,12,No
T019772,C024768,Feature,High,2,Yes
T019773,C020379,Cancellation,Low,6,No
T019774,C009524,Feature,High,13,No
T019775,C012929,Bug,Low,5,No
T019776,C003909,Cancellation,High,10,No
T019777,C017890,Bug,Medium,7,Yes
T019778,C043769,Login,Medium,14,Yes
T019779,C048021,Login,Low,14,No
T019780,C000136,Cancellation,High,9,No
T019781,C002166,Billing,Medium,1,Yes
T019782,C025993,Login,Low,1,Yes
T019783,C017010,Bug,Medium,15,Yes
T019784,C020606,Feature,Medium,12,Yes
T019785,C040156,Billing,Medium,9,Yes
T019786,C039796,Feature,Medium,1,Yes
T019787,C028043,Cancellation,High,12,Yes
T019788,C021474,Cancellation,Medium,0,Yes
T019789,C006111,Feature,Low,3,Yes
T019790,C012628,Cancellation,Medium,14,No
T019791,C018849,Billing,Medium,8,No
T019792,C008748,Login,Low,15,Yes
T019793,C005573,Cancellation,Medium,8,No
T019794,C008290,Cancellation,Medium,7,No
T019795,C013181,Cancellation,Low,15,Yes
T019796,C004878,Bug,Low,2,Yes
T019797,C043858,Cancellation,Low,10,Yes
T019798,C032836,Cancellation,Low,14,No
T019799,C023285,Login,High,2,No
T019800,C046589,Bug,Low,8,No
T019801,C030550,Bug,High,9,Yes
T019802,C002468,Billing,Medium,11,No
T019803,C020548,Feature,High,8,Yes
T019804,C010603,Feature,Medium,0,No
T019805,C004273,Login,Low,1,Yes
T019806,C046621,Cancellation,Medium,12,Yes
T019807,C028227,Bug,High,0,No
T019808,C044262,Billing,High,11,Yes
T019809,C006752,Billing,Medium,7,No
T019810,C027207,Feature,High,0,No
T019811,C036581,Bug,High,15,Yes
T019812,C011177,Login,Medium,3,Yes
T019813,C008553,Billing,Medium,0,No
T019814,C028580,Bug,Low,9,No
T019815,C048990,Billing,Low,1,No
T019816,C001546,Bug,High,6,No
T019817,C008160,Cancellation,High,15,No
T019818,C019389,Feature,Low,4,No
T019819,C003354,Billing,High,12,Yes
T019820,C012286,Feature,Low,1,Yes
T019821,C010602,Bug,Low,8,No
T019822,C033389,Billing,Low,4,Yes
T019823,C015141,Billing,Low,6,Yes
T019824,C009848,Cancellation,High,14,No
T019825,C033467,Login,Medium,12,Yes
T019826,C022419,Login,Low,14,No
T019827,C021344,Bug,High,0,Yes
T019828,C024390,Billing,Medium,14,No
T019829,C007510,Cancellation,Low,5,No
T019830,C033862,Billing,Low,11,No
T019831,C043587,Billing,High,5,No
T019832,C025834,Cancellation,Low,2,Yes
T019833,C006009,Bug,High,7,No
T019834,C033282,Billing,Low,5,No
T019835,C021836,Bug,High,3,Yes
T019836,C008456,Login,Low,10,No
T019837,C015428,Bug,Medium,7,No
T019838,C031974,Cancellation,Medium,10,No
T019839,C003185,Bug,Medium,3,No
T019840,C012166,Feature,High,9,Yes
T019841,C001897,Billing,Low,8,Yes
T019842,C008484,Login,Low,3,Yes
T019843,C008028,Billing,Medium,14,Yes
T019844,C034450,Login,Medium,14,Yes
T019845,C031269,Login,Medium,4,Yes
T019846,C043670,Login,High,2,No
T019847,C044258,Cancellation,Medium,0,No
T019848,C007980,Feature,Medium,3,No
T019849,C035075,Feature,Low,9,No
T019850,C005888,Cancellation,Medium,5,No
T019851,C025777,Feature,Medium,14,No
T019852,C041590,Cancellation,High,2,No
T019853,C007263,Bug,High,14,Yes
T019854,C044373,Cancellation,High,14,No
T019855,C034174,Billing,Low,6,Yes
T019856,C001298,Cancellation,High,11,No
T019857,C010180,Bug,High,4,No
T019858,C037020,Cancellation,Low,1,No
T019859,C020510,Bug,Low,9,No
T019860,C008209,Feature,Medium,12,Yes
T019861,C028074,Cancellation,Low,0,Yes
T019862,C019318,Bug,High,1,No
T019863,C022505,Cancellation,Low,5,No
T019864,C019661,Bug,Low,2,Yes
T019865,C019310,Cancellation,High,6,Yes
T019866,C031892,Login,Medium,10,No
T019867,C049278,Login,Low,9,No
T019868,C038133,Billing,High,14,No
T019869,C022948,Billing,Medium,1,No
T019870,C015238,Login,High,9,No
T019871,C019644,Feature,Medium,6,Yes
T019872,C042244,Cancellation,Low,11,Yes
T019873,C020114,Feature,High,4,No
T019874,C033537,Billing,High,7,Yes
T019875,C005393,Login,Medium,15,No
T019876,C021122,Cancellation,Medium,12,No
T019877,C021019,Cancellation,Medium,6,No
T019878,C020666,Billing,High,7,Yes
T019879,C047641,Bug,High,5,Yes
T019880,C018490,Bug,Low,3,No
T019881,C031520,Login,High,10,Yes
T019882,C012118,Login,High,8,No
T019883,C018034,Feature,High,6,No
T019884,C043304,Feature,Low,4,Yes
T019885,C021613,Login,Low,7,No
T019886,C032023,Feature,Medium,12,No
T019887,C001521,Cancellation,Medium,1,No
T019888,C041671,Login,High,9,No
T019889,C038496,Billing,Medium,13,Yes
T019890,C047694,Bug,Low,14,Yes
T019891,C018312,Feature,Low,1,Yes
T019892,C036517,Billing,Medium,6,Yes
T019893,C038496,Feature,Low,13,No
T019894,C035039,Billing,Low,7,Yes
T019895,C002196,Billing,Low,15,No
T019896,C001312,Feature,Medium,2,No
T019897,C017112,Login,High,3,No
T019898,C004269,Billing,Low,7,Yes
T019899,C035737,Bug,High,13,Yes
T019900,C016588,Feature,Low,12,Yes
T019901,C026413,Feature,Low,9,No
T019902,C005305,Bug,High,6,Yes
T019903,C022143,Login,High,4,Yes
T019904,C049968,Billing,High,2,Yes
T019905,C047390,Bug,Medium,1,No
T019906,C043005,Cancellation,Low,2,Yes
T019907,C007270,Cancellation,High,6,Yes
T019908,C004402,Billing,Low,2,Yes
T019909,C043752,Feature,Low,1,Yes
T019910,C009384,Billing,Medium,10,No
T019911,C028738,Billing,Medium,5,No
T019912,C003556,Cancellation,High,7,No
T019913,C030348,Cancellation,Low,1,Yes
T019914,C027760,Billing,Medium,6,Yes
T019915,C043969,Feature,High,11,No
T019916,C023274,Feature,Low,11,Yes
T019917,C016676,Feature,Medium,0,Yes
T019918,C009515,Bug,Medium,13,No
T019919,C025248,Feature,Medium,2,Yes
T019920,C047625,Cancellation,Low,2,No
T019921,C012218,Billing,Low,3,Yes
T019922,C029490,Cancellation,Low,14,Yes
T019923,C039922,Bug,Medium,0,Yes
T019924,C001972,Billing,Medium,13,No
T019925,C028256,Bug,Low,14,Yes
T019926,C037871,Billing,High,9,Yes
T019927,C017521,Cancellation,Medium,12,Yes
T019928,C027951,Bug,High,15,Yes
T019929,C001350,Billing,High,8,Yes
T019930,C041989,Bug,Medium,2,No
T019931,C026151,Bug,Low,15,No
T019932,C041729,Login,Low,6,No
T019933,C007636,Bug,Medium,15,No
T019934,C022082,Login,Low,0,Yes
T019935,C048806,Cancellation,Low,1,Yes
T019936,C041997,Billing,High,11,Yes
T019937,C002908,Login,Medium,13,Yes
T019938,C011514,Feature,Low,0,Yes
T019939,C019688,Cancellation,High,0,No
T019940,C007074,Bug,High,3,No
T019941,C001551,Billing,Low,14,No
T019942,C003024,Billing,Medium,3,No
T019943,C029664,Login,Low,13,Yes
T019944,C002329,Billing,High,9,No
T019945,C031951,Billing,Medium,15,No
T019946,C006234,Billing,Low,15,No
T019947,C046855,Cancellation,High,1,Yes
T019948,C045159,Bug,Medium,4,Yes
T019949,C000366,Login,High,5,No
T019950,C025047,Login,Medium,2,Yes
T019951,C009262,Feature,Medium,5,No
T019952,C005155,Feature,Low,2,No
T019953,C006241,Billing,High,15,No
T019954,C022031,Feature,High,12,Yes
T019955,C042141,Feature,Low,3,No
T019956,C043820,Bug,Low,9,No
T019957,C019421,Cancellation,High,13,Yes
T019958,C029091,Bug,High,5,Yes
T019959,C000622,Billing,High,9,No
T019960,C031445,Cancellation,Low,5,No
T019961,C003868,Feature,Low,12,Yes
T019962,C040724,Billing,Low,11,Yes
T019963,C020177,Bug,Low,4,No
T019964,C032841,Login,Medium,11,No
T019965,C013256,Bug,High,8,Yes
T019966,C039982,Feature,Medium,0,Yes
T019967,C021398,Login,Low,7,Yes
T019968,C045259,Feature,Medium,2,Yes
T019969,C000491,Feature,Medium,12,No
T019970,C001745,Cancellation,Low,13,No
T019971,C039822,Bug,Medium,6,No
T019972,C033373,Cancellation,High,8,No
T019973,C018027,Feature,Medium,6,Yes
T019974,C021879,Feature,Low,5,No
T019975,C027619,Feature,Medium,12,No
T019976,C015463,Feature,Medium,0,No
T019977,C040228,Feature,Medium,12,Yes
T019978,C008770,Feature,Low,1,No
T019979,C029755,Bug,Medium,8,Yes
T019980,C006026,Feature,High,7,No
T019981,C039700,Cancellation,Medium,10,Yes
T019982,C047014,Feature,High,4,No
T019983,C039793,Billing,Medium,0,No
T019984,C026680,Bug,Low,8,Yes
T019985,C030445,Cancellation,Low,1,Yes
T019986,C020506,Cancellation,Low,7,No
T019987,C040405,Bug,Low,3,No
T019988,C048293,Bug,High,10,No
T019989,C041699,Bug,Medium,12,Yes
T019990,C023026,Bug,High,15,Yes
T019991,C038679,Cancellation,High,10,Yes
T019992,C006571,Bug,Medium,0,No
T019993,C041206,Bug,High,8,Yes
T019994,C041466,Cancellation,High,8,No
T019995,C030390,Login,Low,0,Yes
T019996,C012554,Cancellation,Low,6,No
T019997,C002997,Login,Medium,1,No
T019998,C000114,Bug,Low,9,No
T019999,C038046,Login,Medium,10,Yes
T020000,C046274,Feature,Medium,8,Yes
